"Kod";"Nazwa";"Świadczenie wychowawcze";"Rok";"Wartosc";"Jednostka miary";"Atrybut";
011212000000;"PODREGION KRAKOWSKI";"wydatki na świadczenia wychowawcze";"2017";520262738;"zł";"";
011212000000;"PODREGION KRAKOWSKI";"wydatki na świadczenia wychowawcze";"2018";508574475;"zł";"";
011212000000;"PODREGION KRAKOWSKI";"wydatki na świadczenia wychowawcze";"2019";695132264;"zł";"";
011212000000;"PODREGION KRAKOWSKI";"wydatki na świadczenia wychowawcze";"2020";904616151;"zł";"";
011212000000;"PODREGION KRAKOWSKI";"wydatki na świadczenia wychowawcze";"2021";913470826;"zł";"";
011212100000;"PODREGION MIASTO KRAKÓW";"wydatki na świadczenia wychowawcze";"2017";334946991;"zł";"";
011212100000;"PODREGION MIASTO KRAKÓW";"wydatki na świadczenia wychowawcze";"2018";329254478;"zł";"";
011212100000;"PODREGION MIASTO KRAKÓW";"wydatki na świadczenia wychowawcze";"2019";540004203;"zł";"";
011212100000;"PODREGION MIASTO KRAKÓW";"wydatki na świadczenia wychowawcze";"2020";777094173;"zł";"";
011212100000;"PODREGION MIASTO KRAKÓW";"wydatki na świadczenia wychowawcze";"2021";785976802;"zł";"";
011212200000;"PODREGION NOWOSĄDECKI";"wydatki na świadczenia wychowawcze";"2017";469063743;"zł";"";
011212200000;"PODREGION NOWOSĄDECKI";"wydatki na świadczenia wychowawcze";"2018";459205234;"zł";"";
011212200000;"PODREGION NOWOSĄDECKI";"wydatki na świadczenia wychowawcze";"2019";557552845;"zł";"";
011212200000;"PODREGION NOWOSĄDECKI";"wydatki na świadczenia wychowawcze";"2020";668139222;"zł";"";
011212200000;"PODREGION NOWOSĄDECKI";"wydatki na świadczenia wychowawcze";"2021";662202252;"zł";"";
011212300000;"PODREGION OŚWIĘCIMSKI";"wydatki na świadczenia wychowawcze";"2017";317100323;"zł";"";
011212300000;"PODREGION OŚWIĘCIMSKI";"wydatki na świadczenia wychowawcze";"2018";306281307;"zł";"";
011212300000;"PODREGION OŚWIĘCIMSKI";"wydatki na świadczenia wychowawcze";"2019";432631529;"zł";"";
011212300000;"PODREGION OŚWIĘCIMSKI";"wydatki na świadczenia wychowawcze";"2020";572037579;"zł";"";
011212300000;"PODREGION OŚWIĘCIMSKI";"wydatki na świadczenia wychowawcze";"2021";567400585;"zł";"";
011212400000;"PODREGION TARNOWSKI";"wydatki na świadczenia wychowawcze";"2017";309403143;"zł";"";
011212400000;"PODREGION TARNOWSKI";"wydatki na świadczenia wychowawcze";"2018";297485044;"zł";"";
011212400000;"PODREGION TARNOWSKI";"wydatki na świadczenia wychowawcze";"2019";389841982;"zł";"";
011212400000;"PODREGION TARNOWSKI";"wydatki na świadczenia wychowawcze";"2020";482856024;"zł";"";
011212400000;"PODREGION TARNOWSKI";"wydatki na świadczenia wychowawcze";"2021";474766351;"zł";"";
011216900000;"PODREGION NOWOTARSKI";"wydatki na świadczenia wychowawcze";"2017";275926364;"zł";"";
011216900000;"PODREGION NOWOTARSKI";"wydatki na świadczenia wychowawcze";"2018";270386885;"zł";"";
011216900000;"PODREGION NOWOTARSKI";"wydatki na świadczenia wychowawcze";"2019";325953902;"zł";"";
011216900000;"PODREGION NOWOTARSKI";"wydatki na świadczenia wychowawcze";"2020";390640913;"zł";"";
011216900000;"PODREGION NOWOTARSKI";"wydatki na świadczenia wychowawcze";"2021";386054271;"zł";"";
012414400000;"PODREGION BIELSKI";"wydatki na świadczenia wychowawcze";"2017";399273302;"zł";"";
012414400000;"PODREGION BIELSKI";"wydatki na świadczenia wychowawcze";"2018";383692024;"zł";"";
012414400000;"PODREGION BIELSKI";"wydatki na świadczenia wychowawcze";"2019";544023199;"zł";"";
012414400000;"PODREGION BIELSKI";"wydatki na świadczenia wychowawcze";"2020";727751486;"zł";"";
012414400000;"PODREGION BIELSKI";"wydatki na świadczenia wychowawcze";"2021";728405379;"zł";"";
012414500000;"PODREGION BYTOMSKI";"wydatki na świadczenia wychowawcze";"2017";231743383;"zł";"";
012414500000;"PODREGION BYTOMSKI";"wydatki na świadczenia wychowawcze";"2018";223240946;"zł";"";
012414500000;"PODREGION BYTOMSKI";"wydatki na świadczenia wychowawcze";"2019";313747587;"zł";"";
012414500000;"PODREGION BYTOMSKI";"wydatki na świadczenia wychowawcze";"2020";413996885;"zł";"";
012414500000;"PODREGION BYTOMSKI";"wydatki na świadczenia wychowawcze";"2021";415785493;"zł";"";
012414600000;"PODREGION CZĘSTOCHOWSKI";"wydatki na świadczenia wychowawcze";"2017";283441081;"zł";"";
012414600000;"PODREGION CZĘSTOCHOWSKI";"wydatki na świadczenia wychowawcze";"2018";268969716;"zł";"";
012414600000;"PODREGION CZĘSTOCHOWSKI";"wydatki na świadczenia wychowawcze";"2019";362400576;"zł";"";
012414600000;"PODREGION CZĘSTOCHOWSKI";"wydatki na świadczenia wychowawcze";"2020";469194581;"zł";"";
012414600000;"PODREGION CZĘSTOCHOWSKI";"wydatki na świadczenia wychowawcze";"2021";465770570;"zł";"";
012414700000;"PODREGION GLIWICKI";"wydatki na świadczenia wychowawcze";"2017";220686170;"zł";"";
012414700000;"PODREGION GLIWICKI";"wydatki na świadczenia wychowawcze";"2018";213847367;"zł";"";
012414700000;"PODREGION GLIWICKI";"wydatki na świadczenia wychowawcze";"2019";319490487;"zł";"";
012414700000;"PODREGION GLIWICKI";"wydatki na świadczenia wychowawcze";"2020";436130357;"zł";"";
012414700000;"PODREGION GLIWICKI";"wydatki na świadczenia wychowawcze";"2021";434501036;"zł";"";
012414800000;"PODREGION KATOWICKI";"wydatki na świadczenia wychowawcze";"2017";348507841;"zł";"";
012414800000;"PODREGION KATOWICKI";"wydatki na świadczenia wychowawcze";"2018";333684725;"zł";"";
012414800000;"PODREGION KATOWICKI";"wydatki na świadczenia wychowawcze";"2019";502175736;"zł";"";
012414800000;"PODREGION KATOWICKI";"wydatki na świadczenia wychowawcze";"2020";678675067;"zł";"";
012414800000;"PODREGION KATOWICKI";"wydatki na świadczenia wychowawcze";"2021";674825912;"zł";"";
012414900000;"PODREGION RYBNICKI";"wydatki na świadczenia wychowawcze";"2017";331662705;"zł";"";
012414900000;"PODREGION RYBNICKI";"wydatki na świadczenia wychowawcze";"2018";320524113;"zł";"";
012414900000;"PODREGION RYBNICKI";"wydatki na świadczenia wychowawcze";"2019";472127772;"zł";"";
012414900000;"PODREGION RYBNICKI";"wydatki na świadczenia wychowawcze";"2020";648018277;"zł";"";
012414900000;"PODREGION RYBNICKI";"wydatki na świadczenia wychowawcze";"2021";645169121;"zł";"";
012415000000;"PODREGION SOSNOWIECKI";"wydatki na świadczenia wychowawcze";"2017";303430158;"zł";"";
012415000000;"PODREGION SOSNOWIECKI";"wydatki na świadczenia wychowawcze";"2018";289003123;"zł";"";
012415000000;"PODREGION SOSNOWIECKI";"wydatki na świadczenia wychowawcze";"2019";439578302;"zł";"";
012415000000;"PODREGION SOSNOWIECKI";"wydatki na świadczenia wychowawcze";"2020";604608228;"zł";"";
012415000000;"PODREGION SOSNOWIECKI";"wydatki na świadczenia wychowawcze";"2021";600813148;"zł";"";
012415100000;"PODREGION TYSKI";"wydatki na świadczenia wychowawcze";"2017";219737374;"zł";"";
012415100000;"PODREGION TYSKI";"wydatki na świadczenia wychowawcze";"2018";215044102;"zł";"";
012415100000;"PODREGION TYSKI";"wydatki na świadczenia wychowawcze";"2019";331632102;"zł";"";
012415100000;"PODREGION TYSKI";"wydatki na świadczenia wychowawcze";"2020";454098046;"zł";"";
012415100000;"PODREGION TYSKI";"wydatki na świadczenia wychowawcze";"2021";455585045;"zł";"";
020811300000;"PODREGION GORZOWSKI";"wydatki na świadczenia wychowawcze";"2017";220371592;"zł";"";
020811300000;"PODREGION GORZOWSKI";"wydatki na świadczenia wychowawcze";"2018";208895306;"zł";"";
020811300000;"PODREGION GORZOWSKI";"wydatki na świadczenia wychowawcze";"2019";290648931;"zł";"";
020811300000;"PODREGION GORZOWSKI";"wydatki na świadczenia wychowawcze";"2020";390159985;"zł";"";
020811300000;"PODREGION GORZOWSKI";"wydatki na świadczenia wychowawcze";"2021";384950205;"zł";"";
020811400000;"PODREGION ZIELONOGÓRSKI";"wydatki na świadczenia wychowawcze";"2017";352429712;"zł";"";
020811400000;"PODREGION ZIELONOGÓRSKI";"wydatki na świadczenia wychowawcze";"2018";335346120;"zł";"";
020811400000;"PODREGION ZIELONOGÓRSKI";"wydatki na świadczenia wychowawcze";"2019";463060094;"zł";"";
020811400000;"PODREGION ZIELONOGÓRSKI";"wydatki na świadczenia wychowawcze";"2020";619363170;"zł";"";
020811400000;"PODREGION ZIELONOGÓRSKI";"wydatki na świadczenia wychowawcze";"2021";614589620;"zł";"";
023015700000;"PODREGION KALISKI";"wydatki na świadczenia wychowawcze";"2017";465487262;"zł";"";
023015700000;"PODREGION KALISKI";"wydatki na świadczenia wychowawcze";"2018";440231982;"zł";"";
023015700000;"PODREGION KALISKI";"wydatki na świadczenia wychowawcze";"2019";572959918;"zł";"";
023015700000;"PODREGION KALISKI";"wydatki na świadczenia wychowawcze";"2020";731669724;"zł";"";
023015700000;"PODREGION KALISKI";"wydatki na świadczenia wychowawcze";"2021";729615188;"zł";"";
023015800000;"PODREGION KONIŃSKI";"wydatki na świadczenia wychowawcze";"2017";446448464;"zł";"";
023015800000;"PODREGION KONIŃSKI";"wydatki na świadczenia wychowawcze";"2018";420212506;"zł";"";
023015800000;"PODREGION KONIŃSKI";"wydatki na świadczenia wychowawcze";"2019";550906141;"zł";"";
023015800000;"PODREGION KONIŃSKI";"wydatki na świadczenia wychowawcze";"2020";707039733;"zł";"";
023015800000;"PODREGION KONIŃSKI";"wydatki na świadczenia wychowawcze";"2021";706093656;"zł";"";
023015900000;"PODREGION LESZCZYŃSKI";"wydatki na świadczenia wychowawcze";"2017";404918582;"zł";"";
023015900000;"PODREGION LESZCZYŃSKI";"wydatki na świadczenia wychowawcze";"2018";386492058;"zł";"";
023015900000;"PODREGION LESZCZYŃSKI";"wydatki na świadczenia wychowawcze";"2019";512938914;"zł";"";
023015900000;"PODREGION LESZCZYŃSKI";"wydatki na świadczenia wychowawcze";"2020";660873789;"zł";"";
023015900000;"PODREGION LESZCZYŃSKI";"wydatki na świadczenia wychowawcze";"2021";662701109;"zł";"";
023016000000;"PODREGION PILSKI";"wydatki na świadczenia wychowawcze";"2017";279957500;"zł";"";
023016000000;"PODREGION PILSKI";"wydatki na świadczenia wychowawcze";"2018";262742274;"zł";"";
023016000000;"PODREGION PILSKI";"wydatki na świadczenia wychowawcze";"2019";346099328;"zł";"";
023016000000;"PODREGION PILSKI";"wydatki na świadczenia wychowawcze";"2020";448263757;"zł";"";
023016000000;"PODREGION PILSKI";"wydatki na świadczenia wychowawcze";"2021";439076352;"zł";"";
023016100000;"PODREGION POZNAŃSKI";"wydatki na świadczenia wychowawcze";"2017";455093079;"zł";"";
023016100000;"PODREGION POZNAŃSKI";"wydatki na świadczenia wychowawcze";"2018";443435962;"zł";"";
023016100000;"PODREGION POZNAŃSKI";"wydatki na świadczenia wychowawcze";"2019";662838556;"zł";"";
023016100000;"PODREGION POZNAŃSKI";"wydatki na świadczenia wychowawcze";"2020";898693686;"zł";"";
023016100000;"PODREGION POZNAŃSKI";"wydatki na świadczenia wychowawcze";"2021";917893526;"zł";"";
023016200000;"PODREGION MIASTO POZNAŃ";"wydatki na świadczenia wychowawcze";"2017";248473916;"zł";"";
023016200000;"PODREGION MIASTO POZNAŃ";"wydatki na świadczenia wychowawcze";"2018";239821708;"zł";"";
023016200000;"PODREGION MIASTO POZNAŃ";"wydatki na świadczenia wychowawcze";"2019";378538700;"zł";"";
023016200000;"PODREGION MIASTO POZNAŃ";"wydatki na świadczenia wychowawcze";"2020";529814638;"zł";"";
023016200000;"PODREGION MIASTO POZNAŃ";"wydatki na świadczenia wychowawcze";"2021";530437873;"zł";"";
023216300000;"PODREGION KOSZALIŃSKI";"wydatki na świadczenia wychowawcze";"2017";193191036;"zł";"";
023216300000;"PODREGION KOSZALIŃSKI";"wydatki na świadczenia wychowawcze";"2018";183832716;"zł";"";
023216300000;"PODREGION KOSZALIŃSKI";"wydatki na świadczenia wychowawcze";"2019";255618896;"zł";"";
023216300000;"PODREGION KOSZALIŃSKI";"wydatki na świadczenia wychowawcze";"2020";339726977;"zł";"";
023216300000;"PODREGION KOSZALIŃSKI";"wydatki na świadczenia wychowawcze";"2021";337970183;"zł";"";
023216400000;"PODREGION SZCZECINECKO-PYRZYCKI";"wydatki na świadczenia wychowawcze";"2017";260408645;"zł";"";
023216400000;"PODREGION SZCZECINECKO-PYRZYCKI";"wydatki na świadczenia wychowawcze";"2018";240896393;"zł";"";
023216400000;"PODREGION SZCZECINECKO-PYRZYCKI";"wydatki na świadczenia wychowawcze";"2019";306309678;"zł";"";
023216400000;"PODREGION SZCZECINECKO-PYRZYCKI";"wydatki na świadczenia wychowawcze";"2020";391142444;"zł";"";
023216400000;"PODREGION SZCZECINECKO-PYRZYCKI";"wydatki na świadczenia wychowawcze";"2021";383848409;"zł";"";
023216500000;"PODREGION MIASTO SZCZECIN";"wydatki na świadczenia wychowawcze";"2017";171571514;"zł";"";
023216500000;"PODREGION MIASTO SZCZECIN";"wydatki na świadczenia wychowawcze";"2018";162960636;"zł";"";
023216500000;"PODREGION MIASTO SZCZECIN";"wydatki na świadczenia wychowawcze";"2019";259038913;"zł";"";
023216500000;"PODREGION MIASTO SZCZECIN";"wydatki na świadczenia wychowawcze";"2020";371335359;"zł";"";
023216500000;"PODREGION MIASTO SZCZECIN";"wydatki na świadczenia wychowawcze";"2021";370301980;"zł";"";
023216600000;"PODREGION SZCZECIŃSKI";"wydatki na świadczenia wychowawcze";"2017";281742746;"zł";"";
023216600000;"PODREGION SZCZECIŃSKI";"wydatki na świadczenia wychowawcze";"2018";263923519;"zł";"";
023216600000;"PODREGION SZCZECIŃSKI";"wydatki na świadczenia wychowawcze";"2019";369222164;"zł";"";
023216600000;"PODREGION SZCZECIŃSKI";"wydatki na świadczenia wychowawcze";"2020";503353877;"zł";"";
023216600000;"PODREGION SZCZECIŃSKI";"wydatki na świadczenia wychowawcze";"2021";498595528;"zł";"";
030210100000;"PODREGION JELENIOGÓRSKI";"wydatki na świadczenia wychowawcze";"2017";280759371;"zł";"";
030210100000;"PODREGION JELENIOGÓRSKI";"wydatki na świadczenia wychowawcze";"2018";261015654;"zł";"";
030210100000;"PODREGION JELENIOGÓRSKI";"wydatki na świadczenia wychowawcze";"2019";357968276;"zł";"";
030210100000;"PODREGION JELENIOGÓRSKI";"wydatki na świadczenia wychowawcze";"2020";479431732;"zł";"";
030210100000;"PODREGION JELENIOGÓRSKI";"wydatki na świadczenia wychowawcze";"2021";474616906;"zł";"";
030210200000;"PODREGION LEGNICKO-GŁOGOWSKI";"wydatki na świadczenia wychowawcze";"2017";240298984;"zł";"";
030210200000;"PODREGION LEGNICKO-GŁOGOWSKI";"wydatki na świadczenia wychowawcze";"2018";228973614;"zł";"";
030210200000;"PODREGION LEGNICKO-GŁOGOWSKI";"wydatki na świadczenia wychowawcze";"2019";334711263;"zł";"";
030210200000;"PODREGION LEGNICKO-GŁOGOWSKI";"wydatki na świadczenia wychowawcze";"2020";447392066;"zł";"";
030210200000;"PODREGION LEGNICKO-GŁOGOWSKI";"wydatki na świadczenia wychowawcze";"2021";447492643;"zł";"";
030210300000;"PODREGION WAŁBRZYSKI";"wydatki na świadczenia wychowawcze";"2017";320967854;"zł";"";
030210300000;"PODREGION WAŁBRZYSKI";"wydatki na świadczenia wychowawcze";"2018";299349327;"zł";"";
030210300000;"PODREGION WAŁBRZYSKI";"wydatki na świadczenia wychowawcze";"2019";411610816;"zł";"";
030210300000;"PODREGION WAŁBRZYSKI";"wydatki na świadczenia wychowawcze";"2020";542056842;"zł";"";
030210300000;"PODREGION WAŁBRZYSKI";"wydatki na świadczenia wychowawcze";"2021";537104247;"zł";"";
030210400000;"PODREGION WROCŁAWSKI";"wydatki na świadczenia wychowawcze";"2017";356600206;"zł";"";
030210400000;"PODREGION WROCŁAWSKI";"wydatki na świadczenia wychowawcze";"2018";347722105;"zł";"";
030210400000;"PODREGION WROCŁAWSKI";"wydatki na świadczenia wychowawcze";"2019";517951422;"zł";"";
030210400000;"PODREGION WROCŁAWSKI";"wydatki na świadczenia wychowawcze";"2020";706136254;"zł";"";
030210400000;"PODREGION WROCŁAWSKI";"wydatki na świadczenia wychowawcze";"2021";726038015;"zł";"";
030210500000;"PODREGION MIASTO WROCŁAW";"wydatki na świadczenia wychowawcze";"2017";250091380;"zł";"";
030210500000;"PODREGION MIASTO WROCŁAW";"wydatki na świadczenia wychowawcze";"2018";247578317;"zł";"";
030210500000;"PODREGION MIASTO WROCŁAW";"wydatki na świadczenia wychowawcze";"2019";428245987;"zł";"";
030210500000;"PODREGION MIASTO WROCŁAW";"wydatki na świadczenia wychowawcze";"2020";630177674;"zł";"";
030210500000;"PODREGION MIASTO WROCŁAW";"wydatki na świadczenia wychowawcze";"2021";642459897;"zł";"";
031613100000;"PODREGION NYSKI";"wydatki na świadczenia wychowawcze";"2017";193126993;"zł";"";
031613100000;"PODREGION NYSKI";"wydatki na świadczenia wychowawcze";"2018";183900814;"zł";"";
031613100000;"PODREGION NYSKI";"wydatki na świadczenia wychowawcze";"2019";250643940;"zł";"";
031613100000;"PODREGION NYSKI";"wydatki na świadczenia wychowawcze";"2020";325660214;"zł";"";
031613100000;"PODREGION NYSKI";"wydatki na świadczenia wychowawcze";"2021";325038809;"zł";"";
031613200000;"PODREGION OPOLSKI";"wydatki na świadczenia wychowawcze";"2017";284490636;"zł";"";
031613200000;"PODREGION OPOLSKI";"wydatki na świadczenia wychowawcze";"2018";275915802;"zł";"";
031613200000;"PODREGION OPOLSKI";"wydatki na świadczenia wychowawcze";"2019";400754645;"zł";"";
031613200000;"PODREGION OPOLSKI";"wydatki na świadczenia wychowawcze";"2020";538261115;"zł";"";
031613200000;"PODREGION OPOLSKI";"wydatki na świadczenia wychowawcze";"2021";544034352;"zł";"";
040410600000;"PODREGION BYDGOSKO-TORUŃSKI";"wydatki na świadczenia wychowawcze";"2017";414448524;"zł";"";
040410600000;"PODREGION BYDGOSKO-TORUŃSKI";"wydatki na świadczenia wychowawcze";"2018";399176164;"zł";"";
040410600000;"PODREGION BYDGOSKO-TORUŃSKI";"wydatki na świadczenia wychowawcze";"2019";585235368;"zł";"";
040410600000;"PODREGION BYDGOSKO-TORUŃSKI";"wydatki na świadczenia wychowawcze";"2020";785679802;"zł";"";
040410600000;"PODREGION BYDGOSKO-TORUŃSKI";"wydatki na świadczenia wychowawcze";"2021";787728929;"zł";"";
040410700000;"PODREGION GRUDZIĄDZKI";"wydatki na świadczenia wychowawcze";"2017";273264183;"zł";"";
040410700000;"PODREGION GRUDZIĄDZKI";"wydatki na świadczenia wychowawcze";"2018";259304569;"zł";"";
040410700000;"PODREGION GRUDZIĄDZKI";"wydatki na świadczenia wychowawcze";"2019";329738579;"zł";"";
040410700000;"PODREGION GRUDZIĄDZKI";"wydatki na świadczenia wychowawcze";"2020";410286413;"zł";"";
040410700000;"PODREGION GRUDZIĄDZKI";"wydatki na świadczenia wychowawcze";"2021";407764011;"zł";"";
040410800000;"PODREGION WŁOCŁAWSKI";"wydatki na świadczenia wychowawcze";"2017";233946387;"zł";"";
040410800000;"PODREGION WŁOCŁAWSKI";"wydatki na świadczenia wychowawcze";"2018";220375150;"zł";"";
040410800000;"PODREGION WŁOCŁAWSKI";"wydatki na świadczenia wychowawcze";"2019";274498231;"zł";"";
040410800000;"PODREGION WŁOCŁAWSKI";"wydatki na świadczenia wychowawcze";"2020";340700429;"zł";"";
040410800000;"PODREGION WŁOCŁAWSKI";"wydatki na świadczenia wychowawcze";"2021";337726407;"zł";"";
040416700000;"PODREGION INOWROCŁAWSKI";"wydatki na świadczenia wychowawcze";"2017";235626677;"zł";"";
040416700000;"PODREGION INOWROCŁAWSKI";"wydatki na świadczenia wychowawcze";"2018";222769163;"zł";"";
040416700000;"PODREGION INOWROCŁAWSKI";"wydatki na świadczenia wychowawcze";"2019";287402157;"zł";"";
040416700000;"PODREGION INOWROCŁAWSKI";"wydatki na świadczenia wychowawcze";"2020";362247449;"zł";"";
040416700000;"PODREGION INOWROCŁAWSKI";"wydatki na świadczenia wychowawcze";"2021";359975426;"zł";"";
040416800000;"PODREGION ŚWIECKI";"wydatki na świadczenia wychowawcze";"2017";135629499;"zł";"";
040416800000;"PODREGION ŚWIECKI";"wydatki na świadczenia wychowawcze";"2018";128710880;"zł";"";
040416800000;"PODREGION ŚWIECKI";"wydatki na świadczenia wychowawcze";"2019";162073503;"zł";"";
040416800000;"PODREGION ŚWIECKI";"wydatki na świadczenia wychowawcze";"2020";201834989;"zł";"";
040416800000;"PODREGION ŚWIECKI";"wydatki na świadczenia wychowawcze";"2021";201592240;"zł";"";
042214000000;"PODREGION GDAŃSKI";"wydatki na świadczenia wychowawcze";"2017";486305106;"zł";"";
042214000000;"PODREGION GDAŃSKI";"wydatki na świadczenia wychowawcze";"2018";477926266;"zł";"";
042214000000;"PODREGION GDAŃSKI";"wydatki na świadczenia wychowawcze";"2019";637179123;"zł";"";
042214000000;"PODREGION GDAŃSKI";"wydatki na świadczenia wychowawcze";"2020";820395870;"zł";"";
042214000000;"PODREGION GDAŃSKI";"wydatki na świadczenia wychowawcze";"2021";834223826;"zł";"";
042214100000;"PODREGION SŁUPSKI";"wydatki na świadczenia wychowawcze";"2017";213944025;"zł";"";
042214100000;"PODREGION SŁUPSKI";"wydatki na świadczenia wychowawcze";"2018";202682151;"zł";"";
042214100000;"PODREGION SŁUPSKI";"wydatki na świadczenia wychowawcze";"2019";268973147;"zł";"";
042214100000;"PODREGION SŁUPSKI";"wydatki na świadczenia wychowawcze";"2020";344226064;"zł";"";
042214100000;"PODREGION SŁUPSKI";"wydatki na świadczenia wychowawcze";"2021";345381035;"zł";"";
042214200000;"PODREGION STAROGARDZKI";"wydatki na świadczenia wychowawcze";"2017";302997049;"zł";"";
042214200000;"PODREGION STAROGARDZKI";"wydatki na świadczenia wychowawcze";"2018";287281678;"zł";"";
042214200000;"PODREGION STAROGARDZKI";"wydatki na świadczenia wychowawcze";"2019";372564205;"zł";"";
042214200000;"PODREGION STAROGARDZKI";"wydatki na świadczenia wychowawcze";"2020";471582682;"zł";"";
042214200000;"PODREGION STAROGARDZKI";"wydatki na świadczenia wychowawcze";"2021";470518717;"zł";"";
042214300000;"PODREGION TRÓJMIEJSKI";"wydatki na świadczenia wychowawcze";"2017";327961786;"zł";"";
042214300000;"PODREGION TRÓJMIEJSKI";"wydatki na świadczenia wychowawcze";"2018";318316719;"zł";"";
042214300000;"PODREGION TRÓJMIEJSKI";"wydatki na świadczenia wychowawcze";"2019";515760667;"zł";"";
042214300000;"PODREGION TRÓJMIEJSKI";"wydatki na świadczenia wychowawcze";"2020";737630113;"zł";"";
042214300000;"PODREGION TRÓJMIEJSKI";"wydatki na świadczenia wychowawcze";"2021";744567248;"zł";"";
042217200000;"PODREGION CHOJNICKI";"wydatki na świadczenia wychowawcze";"2017";180162563;"zł";"";
042217200000;"PODREGION CHOJNICKI";"wydatki na świadczenia wychowawcze";"2018";172851387;"zł";"";
042217200000;"PODREGION CHOJNICKI";"wydatki na świadczenia wychowawcze";"2019";214003093;"zł";"";
042217200000;"PODREGION CHOJNICKI";"wydatki na świadczenia wychowawcze";"2020";263880903;"zł";"";
042217200000;"PODREGION CHOJNICKI";"wydatki na świadczenia wychowawcze";"2021";265315519;"zł";"";
042815400000;"PODREGION ELBLĄSKI";"wydatki na świadczenia wychowawcze";"2017";356035598;"zł";"";
042815400000;"PODREGION ELBLĄSKI";"wydatki na świadczenia wychowawcze";"2018";336402147;"zł";"";
042815400000;"PODREGION ELBLĄSKI";"wydatki na świadczenia wychowawcze";"2019";429628027;"zł";"";
042815400000;"PODREGION ELBLĄSKI";"wydatki na świadczenia wychowawcze";"2020";533700776;"zł";"";
042815400000;"PODREGION ELBLĄSKI";"wydatki na świadczenia wychowawcze";"2021";528171161;"zł";"";
042815500000;"PODREGION EŁCKI";"wydatki na świadczenia wychowawcze";"2017";194472691;"zł";"";
042815500000;"PODREGION EŁCKI";"wydatki na świadczenia wychowawcze";"2018";187506533;"zł";"";
042815500000;"PODREGION EŁCKI";"wydatki na świadczenia wychowawcze";"2019";236941751;"zł";"";
042815500000;"PODREGION EŁCKI";"wydatki na świadczenia wychowawcze";"2020";291495286;"zł";"";
042815500000;"PODREGION EŁCKI";"wydatki na świadczenia wychowawcze";"2021";288721323;"zł";"";
042815600000;"PODREGION OLSZTYŃSKI";"wydatki na świadczenia wychowawcze";"2017";378110810;"zł";"";
042815600000;"PODREGION OLSZTYŃSKI";"wydatki na świadczenia wychowawcze";"2018";359088694;"zł";"";
042815600000;"PODREGION OLSZTYŃSKI";"wydatki na świadczenia wychowawcze";"2019";478204223;"zł";"";
042815600000;"PODREGION OLSZTYŃSKI";"wydatki na świadczenia wychowawcze";"2020";609756016;"zł";"";
042815600000;"PODREGION OLSZTYŃSKI";"wydatki na świadczenia wychowawcze";"2021";605553057;"zł";"";
051011500000;"PODREGION ŁÓDZKI";"wydatki na świadczenia wychowawcze";"2017";224184972;"zł";"";
051011500000;"PODREGION ŁÓDZKI";"wydatki na świadczenia wychowawcze";"2018";214423953;"zł";"";
051011500000;"PODREGION ŁÓDZKI";"wydatki na świadczenia wychowawcze";"2019";307948556;"zł";"";
051011500000;"PODREGION ŁÓDZKI";"wydatki na świadczenia wychowawcze";"2020";402375978;"zł";"";
051011500000;"PODREGION ŁÓDZKI";"wydatki na świadczenia wychowawcze";"2021";405782712;"zł";"";
051011600000;"PODREGION MIASTO ŁÓDŹ";"wydatki na świadczenia wychowawcze";"2017";280987417;"zł";"";
051011600000;"PODREGION MIASTO ŁÓDŹ";"wydatki na świadczenia wychowawcze";"2018";267965500;"zł";"";
051011600000;"PODREGION MIASTO ŁÓDŹ";"wydatki na świadczenia wychowawcze";"2019";421951543;"zł";"";
051011600000;"PODREGION MIASTO ŁÓDŹ";"wydatki na świadczenia wychowawcze";"2020";586867270;"zł";"";
051011600000;"PODREGION MIASTO ŁÓDŹ";"wydatki na świadczenia wychowawcze";"2021";583365157;"zł";"";
051011700000;"PODREGION PIOTRKOWSKI";"wydatki na świadczenia wychowawcze";"2017";392491037;"zł";"";
051011700000;"PODREGION PIOTRKOWSKI";"wydatki na świadczenia wychowawcze";"2018";368383141;"zł";"";
051011700000;"PODREGION PIOTRKOWSKI";"wydatki na świadczenia wychowawcze";"2019";477832451;"zł";"";
051011700000;"PODREGION PIOTRKOWSKI";"wydatki na świadczenia wychowawcze";"2020";606125284;"zł";"";
051011700000;"PODREGION PIOTRKOWSKI";"wydatki na świadczenia wychowawcze";"2021";600037192;"zł";"";
051011800000;"PODREGION SIERADZKI";"wydatki na świadczenia wychowawcze";"2017";302098016;"zł";"";
051011800000;"PODREGION SIERADZKI";"wydatki na świadczenia wychowawcze";"2018";283432256;"zł";"";
051011800000;"PODREGION SIERADZKI";"wydatki na świadczenia wychowawcze";"2019";359418520;"zł";"";
051011800000;"PODREGION SIERADZKI";"wydatki na świadczenia wychowawcze";"2020";454966190;"zł";"";
051011800000;"PODREGION SIERADZKI";"wydatki na świadczenia wychowawcze";"2021";450474824;"zł";"";
051011900000;"PODREGION SKIERNIEWICKI";"wydatki na świadczenia wychowawcze";"2017";228184272;"zł";"";
051011900000;"PODREGION SKIERNIEWICKI";"wydatki na świadczenia wychowawcze";"2018";213825151;"zł";"";
051011900000;"PODREGION SKIERNIEWICKI";"wydatki na świadczenia wychowawcze";"2019";292493967;"zł";"";
051011900000;"PODREGION SKIERNIEWICKI";"wydatki na świadczenia wychowawcze";"2020";381144347;"zł";"";
051011900000;"PODREGION SKIERNIEWICKI";"wydatki na świadczenia wychowawcze";"2021";363287213;"zł";"";
052615200000;"PODREGION KIELECKI";"wydatki na świadczenia wychowawcze";"2017";447544965;"zł";"";
052615200000;"PODREGION KIELECKI";"wydatki na świadczenia wychowawcze";"2018";423653815;"zł";"";
052615200000;"PODREGION KIELECKI";"wydatki na świadczenia wychowawcze";"2019";551706510;"zł";"";
052615200000;"PODREGION KIELECKI";"wydatki na świadczenia wychowawcze";"2020";702652336;"zł";"";
052615200000;"PODREGION KIELECKI";"wydatki na świadczenia wychowawcze";"2021";695720851;"zł";"";
052615300000;"PODREGION SANDOMIERSKO-JĘDRZEJOWSKI";"wydatki na świadczenia wychowawcze";"2017";312049572;"zł";"";
052615300000;"PODREGION SANDOMIERSKO-JĘDRZEJOWSKI";"wydatki na świadczenia wychowawcze";"2018";290277607;"zł";"";
052615300000;"PODREGION SANDOMIERSKO-JĘDRZEJOWSKI";"wydatki na świadczenia wychowawcze";"2019";357762755;"zł";"";
052615300000;"PODREGION SANDOMIERSKO-JĘDRZEJOWSKI";"wydatki na świadczenia wychowawcze";"2020";446449782;"zł";"";
052615300000;"PODREGION SANDOMIERSKO-JĘDRZEJOWSKI";"wydatki na świadczenia wychowawcze";"2021";437280227;"zł";"";
060610900000;"PODREGION BIALSKI";"wydatki na świadczenia wychowawcze";"2017";229922506;"zł";"";
060610900000;"PODREGION BIALSKI";"wydatki na świadczenia wychowawcze";"2018";217103945;"zł";"";
060610900000;"PODREGION BIALSKI";"wydatki na świadczenia wychowawcze";"2019";256519660;"zł";"";
060610900000;"PODREGION BIALSKI";"wydatki na świadczenia wychowawcze";"2020";309492164;"zł";"";
060610900000;"PODREGION BIALSKI";"wydatki na świadczenia wychowawcze";"2021";305223161;"zł";"";
060611000000;"PODREGION CHEŁMSKO-ZAMOJSKI";"wydatki na świadczenia wychowawcze";"2017";401295031;"zł";"";
060611000000;"PODREGION CHEŁMSKO-ZAMOJSKI";"wydatki na świadczenia wychowawcze";"2018";378090164;"zł";"";
060611000000;"PODREGION CHEŁMSKO-ZAMOJSKI";"wydatki na świadczenia wychowawcze";"2019";458115393;"zł";"";
060611000000;"PODREGION CHEŁMSKO-ZAMOJSKI";"wydatki na świadczenia wychowawcze";"2020";564495807;"zł";"";
060611000000;"PODREGION CHEŁMSKO-ZAMOJSKI";"wydatki na świadczenia wychowawcze";"2021";552180069;"zł";"";
060611100000;"PODREGION LUBELSKI";"wydatki na świadczenia wychowawcze";"2017";433878132;"zł";"";
060611100000;"PODREGION LUBELSKI";"wydatki na świadczenia wychowawcze";"2018";417523816;"zł";"";
060611100000;"PODREGION LUBELSKI";"wydatki na świadczenia wychowawcze";"2019";572346009;"zł";"";
060611100000;"PODREGION LUBELSKI";"wydatki na świadczenia wychowawcze";"2020";753589265;"zł";"";
060611100000;"PODREGION LUBELSKI";"wydatki na świadczenia wychowawcze";"2021";746034910;"zł";"";
060611200000;"PODREGION PUŁAWSKI";"wydatki na świadczenia wychowawcze";"2017";345331737;"zł";"";
060611200000;"PODREGION PUŁAWSKI";"wydatki na świadczenia wychowawcze";"2018";325171050;"zł";"";
060611200000;"PODREGION PUŁAWSKI";"wydatki na świadczenia wychowawcze";"2019";392612763;"zł";"";
060611200000;"PODREGION PUŁAWSKI";"wydatki na świadczenia wychowawcze";"2020";479469410;"zł";"";
060611200000;"PODREGION PUŁAWSKI";"wydatki na świadczenia wychowawcze";"2021";469617839;"zł";"";
061813300000;"PODREGION KROŚNIEŃSKI";"wydatki na świadczenia wychowawcze";"2017";323593724;"zł";"";
061813300000;"PODREGION KROŚNIEŃSKI";"wydatki na świadczenia wychowawcze";"2018";308179565;"zł";"";
061813300000;"PODREGION KROŚNIEŃSKI";"wydatki na świadczenia wychowawcze";"2019";381673845;"zł";"";
061813300000;"PODREGION KROŚNIEŃSKI";"wydatki na świadczenia wychowawcze";"2020";475360887;"zł";"";
061813300000;"PODREGION KROŚNIEŃSKI";"wydatki na świadczenia wychowawcze";"2021";469256869;"zł";"";
061813400000;"PODREGION PRZEMYSKI";"wydatki na świadczenia wychowawcze";"2017";266001630;"zł";"";
061813400000;"PODREGION PRZEMYSKI";"wydatki na świadczenia wychowawcze";"2018";252024375;"zł";"";
061813400000;"PODREGION PRZEMYSKI";"wydatki na świadczenia wychowawcze";"2019";309938083;"zł";"";
061813400000;"PODREGION PRZEMYSKI";"wydatki na świadczenia wychowawcze";"2020";383754757;"zł";"";
061813400000;"PODREGION PRZEMYSKI";"wydatki na świadczenia wychowawcze";"2021";377604789;"zł";"";
061813500000;"PODREGION RZESZOWSKI";"wydatki na świadczenia wychowawcze";"2017";445822149;"zł";"";
061813500000;"PODREGION RZESZOWSKI";"wydatki na świadczenia wychowawcze";"2018";431832595;"zł";"";
061813500000;"PODREGION RZESZOWSKI";"wydatki na świadczenia wychowawcze";"2019";567789349;"zł";"";
061813500000;"PODREGION RZESZOWSKI";"wydatki na świadczenia wychowawcze";"2020";725210216;"zł";"";
061813500000;"PODREGION RZESZOWSKI";"wydatki na świadczenia wychowawcze";"2021";729225462;"zł";"";
061813600000;"PODREGION TARNOBRZESKI";"wydatki na świadczenia wychowawcze";"2017";401883252;"zł";"";
061813600000;"PODREGION TARNOBRZESKI";"wydatki na świadczenia wychowawcze";"2018";382607355;"zł";"";
061813600000;"PODREGION TARNOBRZESKI";"wydatki na świadczenia wychowawcze";"2019";486706751;"zł";"";
061813600000;"PODREGION TARNOBRZESKI";"wydatki na świadczenia wychowawcze";"2020";610267844;"zł";"";
061813600000;"PODREGION TARNOBRZESKI";"wydatki na świadczenia wychowawcze";"2021";605859901;"zł";"";
062013700000;"PODREGION BIAŁOSTOCKI";"wydatki na świadczenia wychowawcze";"2017";297581353;"zł";"";
062013700000;"PODREGION BIAŁOSTOCKI";"wydatki na świadczenia wychowawcze";"2018";291060454;"zł";"";
062013700000;"PODREGION BIAŁOSTOCKI";"wydatki na świadczenia wychowawcze";"2019";402248373;"zł";"";
062013700000;"PODREGION BIAŁOSTOCKI";"wydatki na świadczenia wychowawcze";"2020";525101623;"zł";"";
062013700000;"PODREGION BIAŁOSTOCKI";"wydatki na świadczenia wychowawcze";"2021";531158158;"zł";"";
062013800000;"PODREGION ŁOMŻYŃSKI";"wydatki na świadczenia wychowawcze";"2017";265696478;"zł";"";
062013800000;"PODREGION ŁOMŻYŃSKI";"wydatki na świadczenia wychowawcze";"2018";253230370;"zł";"";
062013800000;"PODREGION ŁOMŻYŃSKI";"wydatki na świadczenia wychowawcze";"2019";306979978;"zł";"";
062013800000;"PODREGION ŁOMŻYŃSKI";"wydatki na świadczenia wychowawcze";"2020";373309258;"zł";"";
062013800000;"PODREGION ŁOMŻYŃSKI";"wydatki na świadczenia wychowawcze";"2021";370850874;"zł";"";
062013900000;"PODREGION SUWALSKI";"wydatki na świadczenia wychowawcze";"2017";190637961;"zł";"";
062013900000;"PODREGION SUWALSKI";"wydatki na świadczenia wychowawcze";"2018";181800815;"zł";"";
062013900000;"PODREGION SUWALSKI";"wydatki na świadczenia wychowawcze";"2019";222381342;"zł";"";
062013900000;"PODREGION SUWALSKI";"wydatki na świadczenia wychowawcze";"2020";268932291;"zł";"";
062013900000;"PODREGION SUWALSKI";"wydatki na świadczenia wychowawcze";"2021";267917245;"zł";"";
071412800000;"PODREGION MIASTO WARSZAWA";"wydatki na świadczenia wychowawcze";"2017";789820490;"zł";"";
071412800000;"PODREGION MIASTO WARSZAWA";"wydatki na świadczenia wychowawcze";"2018";777561789;"zł";"";
071412800000;"PODREGION MIASTO WARSZAWA";"wydatki na świadczenia wychowawcze";"2019";1366004134;"zł";"";
071412800000;"PODREGION MIASTO WARSZAWA";"wydatki na świadczenia wychowawcze";"2020";1997689909;"zł";"";
071412800000;"PODREGION MIASTO WARSZAWA";"wydatki na świadczenia wychowawcze";"2021";2000028366;"zł";"";
071412900000;"PODREGION WARSZAWSKI WSCHODNI";"wydatki na świadczenia wychowawcze";"2017";458990927;"zł";"";
071412900000;"PODREGION WARSZAWSKI WSCHODNI";"wydatki na świadczenia wychowawcze";"2018";448625701;"zł";"";
071412900000;"PODREGION WARSZAWSKI WSCHODNI";"wydatki na świadczenia wychowawcze";"2019";650836090;"zł";"";
071412900000;"PODREGION WARSZAWSKI WSCHODNI";"wydatki na świadczenia wychowawcze";"2020";865517856;"zł";"";
071412900000;"PODREGION WARSZAWSKI WSCHODNI";"wydatki na świadczenia wychowawcze";"2021";876220795;"zł";"";
071413000000;"PODREGION WARSZAWSKI ZACHODNI";"wydatki na świadczenia wychowawcze";"2017";400873279;"zł";"";
071413000000;"PODREGION WARSZAWSKI ZACHODNI";"wydatki na świadczenia wychowawcze";"2018";394593849;"zł";"";
071413000000;"PODREGION WARSZAWSKI ZACHODNI";"wydatki na świadczenia wychowawcze";"2019";619974042;"zł";"";
071413000000;"PODREGION WARSZAWSKI ZACHODNI";"wydatki na świadczenia wychowawcze";"2020";858973486;"zł";"";
071413000000;"PODREGION WARSZAWSKI ZACHODNI";"wydatki na świadczenia wychowawcze";"2021";872028850;"zł";"";
071422500000;"PODREGION CIECHANOWSKI";"wydatki na świadczenia wychowawcze";"2017";252246629;"zł";"";
071422500000;"PODREGION CIECHANOWSKI";"wydatki na świadczenia wychowawcze";"2018";238019433;"zł";"";
071422500000;"PODREGION CIECHANOWSKI";"wydatki na świadczenia wychowawcze";"2019";297670672;"zł";"";
071422500000;"PODREGION CIECHANOWSKI";"wydatki na świadczenia wychowawcze";"2020";365849786;"zł";"";
071422500000;"PODREGION CIECHANOWSKI";"wydatki na świadczenia wychowawcze";"2021";363052042;"zł";"";
071422600000;"PODREGION OSTROŁĘCKI";"wydatki na świadczenia wychowawcze";"2017";305783960;"zł";"";
071422600000;"PODREGION OSTROŁĘCKI";"wydatki na świadczenia wychowawcze";"2018";292013803;"zł";"";
071422600000;"PODREGION OSTROŁĘCKI";"wydatki na świadczenia wychowawcze";"2019";356662729;"zł";"";
071422600000;"PODREGION OSTROŁĘCKI";"wydatki na świadczenia wychowawcze";"2020";430286940;"zł";"";
071422600000;"PODREGION OSTROŁĘCKI";"wydatki na świadczenia wychowawcze";"2021";427407139;"zł";"";
071422700000;"PODREGION RADOMSKI";"wydatki na świadczenia wychowawcze";"2017";439474356;"zł";"";
071422700000;"PODREGION RADOMSKI";"wydatki na świadczenia wychowawcze";"2018";417914065;"zł";"";
071422700000;"PODREGION RADOMSKI";"wydatki na świadczenia wychowawcze";"2019";519299291;"zł";"";
071422700000;"PODREGION RADOMSKI";"wydatki na świadczenia wychowawcze";"2020";634569826;"zł";"";
071422700000;"PODREGION RADOMSKI";"wydatki na świadczenia wychowawcze";"2021";627529464;"zł";"";
071427000000;"PODREGION PŁOCKI";"wydatki na świadczenia wychowawcze";"2017";207169489;"zł";"";
071427000000;"PODREGION PŁOCKI";"wydatki na świadczenia wychowawcze";"2018";195496952;"zł";"";
071427000000;"PODREGION PŁOCKI";"wydatki na świadczenia wychowawcze";"2019";259132265;"zł";"";
071427000000;"PODREGION PŁOCKI";"wydatki na świadczenia wychowawcze";"2020";332497689;"zł";"";
071427000000;"PODREGION PŁOCKI";"wydatki na świadczenia wychowawcze";"2021";327749187;"zł";"";
071427100000;"PODREGION SIEDLECKI";"wydatki na świadczenia wychowawcze";"2017";325359542;"zł";"";
071427100000;"PODREGION SIEDLECKI";"wydatki na świadczenia wychowawcze";"2018";310882103;"zł";"";
071427100000;"PODREGION SIEDLECKI";"wydatki na świadczenia wychowawcze";"2019";391150939;"zł";"";
071427100000;"PODREGION SIEDLECKI";"wydatki na świadczenia wychowawcze";"2020";483095696;"zł";"";
071427100000;"PODREGION SIEDLECKI";"wydatki na świadczenia wychowawcze";"2021";481821458;"zł";"";
071427300000;"PODREGION ŻYRARDOWSKI";"wydatki na świadczenia wychowawcze";"2017";176544298;"zł";"";
071427300000;"PODREGION ŻYRARDOWSKI";"wydatki na świadczenia wychowawcze";"2018";169326340;"zł";"";
071427300000;"PODREGION ŻYRARDOWSKI";"wydatki na świadczenia wychowawcze";"2019";229528056;"zł";"";
071427300000;"PODREGION ŻYRARDOWSKI";"wydatki na świadczenia wychowawcze";"2020";295626098;"zł";"";
071427300000;"PODREGION ŻYRARDOWSKI";"wydatki na świadczenia wychowawcze";"2021";294865171;"zł";"";
