"Kod";"Nazwa";"Wskaźniki";"Rok";"Wartosc";"Jednostka miary";"Atrybut";
011212000000;"PODREGION KRAKOWSKI";"miejsca w żłobkach i klubach dziecięcych na 1000 dzieci w wieku do lat 3";"2012";;"-";"";
011212000000;"PODREGION KRAKOWSKI";"miejsca w żłobkach i klubach dziecięcych na 1000 dzieci w wieku do lat 3";"2013";;"-";"";
011212000000;"PODREGION KRAKOWSKI";"miejsca w żłobkach i klubach dziecięcych na 1000 dzieci w wieku do lat 3";"2014";24;"-";"";
011212000000;"PODREGION KRAKOWSKI";"miejsca w żłobkach i klubach dziecięcych na 1000 dzieci w wieku do lat 3";"2015";28;"-";"";
011212000000;"PODREGION KRAKOWSKI";"miejsca w żłobkach i klubach dziecięcych na 1000 dzieci w wieku do lat 3";"2016";41;"-";"";
011212000000;"PODREGION KRAKOWSKI";"miejsca w żłobkach i klubach dziecięcych na 1000 dzieci w wieku do lat 3";"2017";49;"-";"";
011212000000;"PODREGION KRAKOWSKI";"miejsca w żłobkach i klubach dziecięcych na 1000 dzieci w wieku do lat 3";"2018";71;"-";"";
011212000000;"PODREGION KRAKOWSKI";"miejsca w żłobkach i klubach dziecięcych na 1000 dzieci w wieku do lat 3";"2019";94;"-";"";
011212000000;"PODREGION KRAKOWSKI";"miejsca w żłobkach i klubach dziecięcych na 1000 dzieci w wieku do lat 3";"2020";102;"-";"";
011212000000;"PODREGION KRAKOWSKI";"miejsca w żłobkach i klubach dziecięcych na 1000 dzieci w wieku do lat 3";"2021";134;"-";"";
011212100000;"PODREGION MIASTO KRAKÓW";"miejsca w żłobkach i klubach dziecięcych na 1000 dzieci w wieku do lat 3";"2012";;"-";"";
011212100000;"PODREGION MIASTO KRAKÓW";"miejsca w żłobkach i klubach dziecięcych na 1000 dzieci w wieku do lat 3";"2013";;"-";"";
011212100000;"PODREGION MIASTO KRAKÓW";"miejsca w żłobkach i klubach dziecięcych na 1000 dzieci w wieku do lat 3";"2014";175;"-";"";
011212100000;"PODREGION MIASTO KRAKÓW";"miejsca w żłobkach i klubach dziecięcych na 1000 dzieci w wieku do lat 3";"2015";204;"-";"";
011212100000;"PODREGION MIASTO KRAKÓW";"miejsca w żłobkach i klubach dziecięcych na 1000 dzieci w wieku do lat 3";"2016";230;"-";"";
011212100000;"PODREGION MIASTO KRAKÓW";"miejsca w żłobkach i klubach dziecięcych na 1000 dzieci w wieku do lat 3";"2017";257;"-";"";
011212100000;"PODREGION MIASTO KRAKÓW";"miejsca w żłobkach i klubach dziecięcych na 1000 dzieci w wieku do lat 3";"2018";308;"-";"";
011212100000;"PODREGION MIASTO KRAKÓW";"miejsca w żłobkach i klubach dziecięcych na 1000 dzieci w wieku do lat 3";"2019";327;"-";"";
011212100000;"PODREGION MIASTO KRAKÓW";"miejsca w żłobkach i klubach dziecięcych na 1000 dzieci w wieku do lat 3";"2020";407;"-";"";
011212100000;"PODREGION MIASTO KRAKÓW";"miejsca w żłobkach i klubach dziecięcych na 1000 dzieci w wieku do lat 3";"2021";429;"-";"";
011212200000;"PODREGION NOWOSĄDECKI";"miejsca w żłobkach i klubach dziecięcych na 1000 dzieci w wieku do lat 3";"2012";;"-";"";
011212200000;"PODREGION NOWOSĄDECKI";"miejsca w żłobkach i klubach dziecięcych na 1000 dzieci w wieku do lat 3";"2013";;"-";"";
011212200000;"PODREGION NOWOSĄDECKI";"miejsca w żłobkach i klubach dziecięcych na 1000 dzieci w wieku do lat 3";"2014";27;"-";"";
011212200000;"PODREGION NOWOSĄDECKI";"miejsca w żłobkach i klubach dziecięcych na 1000 dzieci w wieku do lat 3";"2015";25;"-";"";
011212200000;"PODREGION NOWOSĄDECKI";"miejsca w żłobkach i klubach dziecięcych na 1000 dzieci w wieku do lat 3";"2016";33;"-";"";
011212200000;"PODREGION NOWOSĄDECKI";"miejsca w żłobkach i klubach dziecięcych na 1000 dzieci w wieku do lat 3";"2017";48;"-";"";
011212200000;"PODREGION NOWOSĄDECKI";"miejsca w żłobkach i klubach dziecięcych na 1000 dzieci w wieku do lat 3";"2018";65;"-";"";
011212200000;"PODREGION NOWOSĄDECKI";"miejsca w żłobkach i klubach dziecięcych na 1000 dzieci w wieku do lat 3";"2019";88;"-";"";
011212200000;"PODREGION NOWOSĄDECKI";"miejsca w żłobkach i klubach dziecięcych na 1000 dzieci w wieku do lat 3";"2020";101;"-";"";
011212200000;"PODREGION NOWOSĄDECKI";"miejsca w żłobkach i klubach dziecięcych na 1000 dzieci w wieku do lat 3";"2021";108;"-";"";
011212300000;"PODREGION OŚWIĘCIMSKI";"miejsca w żłobkach i klubach dziecięcych na 1000 dzieci w wieku do lat 3";"2012";;"-";"";
011212300000;"PODREGION OŚWIĘCIMSKI";"miejsca w żłobkach i klubach dziecięcych na 1000 dzieci w wieku do lat 3";"2013";;"-";"";
011212300000;"PODREGION OŚWIĘCIMSKI";"miejsca w żłobkach i klubach dziecięcych na 1000 dzieci w wieku do lat 3";"2014";26;"-";"";
011212300000;"PODREGION OŚWIĘCIMSKI";"miejsca w żłobkach i klubach dziecięcych na 1000 dzieci w wieku do lat 3";"2015";29;"-";"";
011212300000;"PODREGION OŚWIĘCIMSKI";"miejsca w żłobkach i klubach dziecięcych na 1000 dzieci w wieku do lat 3";"2016";37;"-";"";
011212300000;"PODREGION OŚWIĘCIMSKI";"miejsca w żłobkach i klubach dziecięcych na 1000 dzieci w wieku do lat 3";"2017";58;"-";"";
011212300000;"PODREGION OŚWIĘCIMSKI";"miejsca w żłobkach i klubach dziecięcych na 1000 dzieci w wieku do lat 3";"2018";80;"-";"";
011212300000;"PODREGION OŚWIĘCIMSKI";"miejsca w żłobkach i klubach dziecięcych na 1000 dzieci w wieku do lat 3";"2019";91;"-";"";
011212300000;"PODREGION OŚWIĘCIMSKI";"miejsca w żłobkach i klubach dziecięcych na 1000 dzieci w wieku do lat 3";"2020";105;"-";"";
011212300000;"PODREGION OŚWIĘCIMSKI";"miejsca w żłobkach i klubach dziecięcych na 1000 dzieci w wieku do lat 3";"2021";122;"-";"";
011212400000;"PODREGION TARNOWSKI";"miejsca w żłobkach i klubach dziecięcych na 1000 dzieci w wieku do lat 3";"2012";;"-";"";
011212400000;"PODREGION TARNOWSKI";"miejsca w żłobkach i klubach dziecięcych na 1000 dzieci w wieku do lat 3";"2013";;"-";"";
011212400000;"PODREGION TARNOWSKI";"miejsca w żłobkach i klubach dziecięcych na 1000 dzieci w wieku do lat 3";"2014";40;"-";"";
011212400000;"PODREGION TARNOWSKI";"miejsca w żłobkach i klubach dziecięcych na 1000 dzieci w wieku do lat 3";"2015";47;"-";"";
011212400000;"PODREGION TARNOWSKI";"miejsca w żłobkach i klubach dziecięcych na 1000 dzieci w wieku do lat 3";"2016";54;"-";"";
011212400000;"PODREGION TARNOWSKI";"miejsca w żłobkach i klubach dziecięcych na 1000 dzieci w wieku do lat 3";"2017";54;"-";"";
011212400000;"PODREGION TARNOWSKI";"miejsca w żłobkach i klubach dziecięcych na 1000 dzieci w wieku do lat 3";"2018";61;"-";"";
011212400000;"PODREGION TARNOWSKI";"miejsca w żłobkach i klubach dziecięcych na 1000 dzieci w wieku do lat 3";"2019";66;"-";"";
011212400000;"PODREGION TARNOWSKI";"miejsca w żłobkach i klubach dziecięcych na 1000 dzieci w wieku do lat 3";"2020";76;"-";"";
011212400000;"PODREGION TARNOWSKI";"miejsca w żłobkach i klubach dziecięcych na 1000 dzieci w wieku do lat 3";"2021";85;"-";"";
011216900000;"PODREGION NOWOTARSKI";"miejsca w żłobkach i klubach dziecięcych na 1000 dzieci w wieku do lat 3";"2012";;"-";"";
011216900000;"PODREGION NOWOTARSKI";"miejsca w żłobkach i klubach dziecięcych na 1000 dzieci w wieku do lat 3";"2013";;"-";"";
011216900000;"PODREGION NOWOTARSKI";"miejsca w żłobkach i klubach dziecięcych na 1000 dzieci w wieku do lat 3";"2014";13;"-";"";
011216900000;"PODREGION NOWOTARSKI";"miejsca w żłobkach i klubach dziecięcych na 1000 dzieci w wieku do lat 3";"2015";18;"-";"";
011216900000;"PODREGION NOWOTARSKI";"miejsca w żłobkach i klubach dziecięcych na 1000 dzieci w wieku do lat 3";"2016";27;"-";"";
011216900000;"PODREGION NOWOTARSKI";"miejsca w żłobkach i klubach dziecięcych na 1000 dzieci w wieku do lat 3";"2017";33;"-";"";
011216900000;"PODREGION NOWOTARSKI";"miejsca w żłobkach i klubach dziecięcych na 1000 dzieci w wieku do lat 3";"2018";40;"-";"";
011216900000;"PODREGION NOWOTARSKI";"miejsca w żłobkach i klubach dziecięcych na 1000 dzieci w wieku do lat 3";"2019";44;"-";"";
011216900000;"PODREGION NOWOTARSKI";"miejsca w żłobkach i klubach dziecięcych na 1000 dzieci w wieku do lat 3";"2020";42;"-";"";
011216900000;"PODREGION NOWOTARSKI";"miejsca w żłobkach i klubach dziecięcych na 1000 dzieci w wieku do lat 3";"2021";45;"-";"";
012414400000;"PODREGION BIELSKI";"miejsca w żłobkach i klubach dziecięcych na 1000 dzieci w wieku do lat 3";"2012";;"-";"";
012414400000;"PODREGION BIELSKI";"miejsca w żłobkach i klubach dziecięcych na 1000 dzieci w wieku do lat 3";"2013";;"-";"";
012414400000;"PODREGION BIELSKI";"miejsca w żłobkach i klubach dziecięcych na 1000 dzieci w wieku do lat 3";"2014";47;"-";"";
012414400000;"PODREGION BIELSKI";"miejsca w żłobkach i klubach dziecięcych na 1000 dzieci w wieku do lat 3";"2015";49;"-";"";
012414400000;"PODREGION BIELSKI";"miejsca w żłobkach i klubach dziecięcych na 1000 dzieci w wieku do lat 3";"2016";56;"-";"";
012414400000;"PODREGION BIELSKI";"miejsca w żłobkach i klubach dziecięcych na 1000 dzieci w wieku do lat 3";"2017";69;"-";"";
012414400000;"PODREGION BIELSKI";"miejsca w żłobkach i klubach dziecięcych na 1000 dzieci w wieku do lat 3";"2018";76;"-";"";
012414400000;"PODREGION BIELSKI";"miejsca w żłobkach i klubach dziecięcych na 1000 dzieci w wieku do lat 3";"2019";95;"-";"";
012414400000;"PODREGION BIELSKI";"miejsca w żłobkach i klubach dziecięcych na 1000 dzieci w wieku do lat 3";"2020";109;"-";"";
012414400000;"PODREGION BIELSKI";"miejsca w żłobkach i klubach dziecięcych na 1000 dzieci w wieku do lat 3";"2021";137;"-";"";
012414500000;"PODREGION BYTOMSKI";"miejsca w żłobkach i klubach dziecięcych na 1000 dzieci w wieku do lat 3";"2012";;"-";"";
012414500000;"PODREGION BYTOMSKI";"miejsca w żłobkach i klubach dziecięcych na 1000 dzieci w wieku do lat 3";"2013";;"-";"";
012414500000;"PODREGION BYTOMSKI";"miejsca w żłobkach i klubach dziecięcych na 1000 dzieci w wieku do lat 3";"2014";39;"-";"";
012414500000;"PODREGION BYTOMSKI";"miejsca w żłobkach i klubach dziecięcych na 1000 dzieci w wieku do lat 3";"2015";44;"-";"";
012414500000;"PODREGION BYTOMSKI";"miejsca w żłobkach i klubach dziecięcych na 1000 dzieci w wieku do lat 3";"2016";47;"-";"";
012414500000;"PODREGION BYTOMSKI";"miejsca w żłobkach i klubach dziecięcych na 1000 dzieci w wieku do lat 3";"2017";50;"-";"";
012414500000;"PODREGION BYTOMSKI";"miejsca w żłobkach i klubach dziecięcych na 1000 dzieci w wieku do lat 3";"2018";71;"-";"";
012414500000;"PODREGION BYTOMSKI";"miejsca w żłobkach i klubach dziecięcych na 1000 dzieci w wieku do lat 3";"2019";107;"-";"";
012414500000;"PODREGION BYTOMSKI";"miejsca w żłobkach i klubach dziecięcych na 1000 dzieci w wieku do lat 3";"2020";133;"-";"";
012414500000;"PODREGION BYTOMSKI";"miejsca w żłobkach i klubach dziecięcych na 1000 dzieci w wieku do lat 3";"2021";140;"-";"";
012414600000;"PODREGION CZĘSTOCHOWSKI";"miejsca w żłobkach i klubach dziecięcych na 1000 dzieci w wieku do lat 3";"2012";;"-";"";
012414600000;"PODREGION CZĘSTOCHOWSKI";"miejsca w żłobkach i klubach dziecięcych na 1000 dzieci w wieku do lat 3";"2013";;"-";"";
012414600000;"PODREGION CZĘSTOCHOWSKI";"miejsca w żłobkach i klubach dziecięcych na 1000 dzieci w wieku do lat 3";"2014";20;"-";"";
012414600000;"PODREGION CZĘSTOCHOWSKI";"miejsca w żłobkach i klubach dziecięcych na 1000 dzieci w wieku do lat 3";"2015";34;"-";"";
012414600000;"PODREGION CZĘSTOCHOWSKI";"miejsca w żłobkach i klubach dziecięcych na 1000 dzieci w wieku do lat 3";"2016";41;"-";"";
012414600000;"PODREGION CZĘSTOCHOWSKI";"miejsca w żłobkach i klubach dziecięcych na 1000 dzieci w wieku do lat 3";"2017";30;"-";"";
012414600000;"PODREGION CZĘSTOCHOWSKI";"miejsca w żłobkach i klubach dziecięcych na 1000 dzieci w wieku do lat 3";"2018";44;"-";"";
012414600000;"PODREGION CZĘSTOCHOWSKI";"miejsca w żłobkach i klubach dziecięcych na 1000 dzieci w wieku do lat 3";"2019";47;"-";"";
012414600000;"PODREGION CZĘSTOCHOWSKI";"miejsca w żłobkach i klubach dziecięcych na 1000 dzieci w wieku do lat 3";"2020";62;"-";"";
012414600000;"PODREGION CZĘSTOCHOWSKI";"miejsca w żłobkach i klubach dziecięcych na 1000 dzieci w wieku do lat 3";"2021";68;"-";"";
012414700000;"PODREGION GLIWICKI";"miejsca w żłobkach i klubach dziecięcych na 1000 dzieci w wieku do lat 3";"2012";;"-";"";
012414700000;"PODREGION GLIWICKI";"miejsca w żłobkach i klubach dziecięcych na 1000 dzieci w wieku do lat 3";"2013";;"-";"";
012414700000;"PODREGION GLIWICKI";"miejsca w żłobkach i klubach dziecięcych na 1000 dzieci w wieku do lat 3";"2014";59;"-";"";
012414700000;"PODREGION GLIWICKI";"miejsca w żłobkach i klubach dziecięcych na 1000 dzieci w wieku do lat 3";"2015";70;"-";"";
012414700000;"PODREGION GLIWICKI";"miejsca w żłobkach i klubach dziecięcych na 1000 dzieci w wieku do lat 3";"2016";75;"-";"";
012414700000;"PODREGION GLIWICKI";"miejsca w żłobkach i klubach dziecięcych na 1000 dzieci w wieku do lat 3";"2017";90;"-";"";
012414700000;"PODREGION GLIWICKI";"miejsca w żłobkach i klubach dziecięcych na 1000 dzieci w wieku do lat 3";"2018";127;"-";"";
012414700000;"PODREGION GLIWICKI";"miejsca w żłobkach i klubach dziecięcych na 1000 dzieci w wieku do lat 3";"2019";152;"-";"";
012414700000;"PODREGION GLIWICKI";"miejsca w żłobkach i klubach dziecięcych na 1000 dzieci w wieku do lat 3";"2020";194;"-";"";
012414700000;"PODREGION GLIWICKI";"miejsca w żłobkach i klubach dziecięcych na 1000 dzieci w wieku do lat 3";"2021";230;"-";"";
012414800000;"PODREGION KATOWICKI";"miejsca w żłobkach i klubach dziecięcych na 1000 dzieci w wieku do lat 3";"2012";;"-";"";
012414800000;"PODREGION KATOWICKI";"miejsca w żłobkach i klubach dziecięcych na 1000 dzieci w wieku do lat 3";"2013";;"-";"";
012414800000;"PODREGION KATOWICKI";"miejsca w żłobkach i klubach dziecięcych na 1000 dzieci w wieku do lat 3";"2014";93;"-";"";
012414800000;"PODREGION KATOWICKI";"miejsca w żłobkach i klubach dziecięcych na 1000 dzieci w wieku do lat 3";"2015";113;"-";"";
012414800000;"PODREGION KATOWICKI";"miejsca w żłobkach i klubach dziecięcych na 1000 dzieci w wieku do lat 3";"2016";129;"-";"";
012414800000;"PODREGION KATOWICKI";"miejsca w żłobkach i klubach dziecięcych na 1000 dzieci w wieku do lat 3";"2017";148;"-";"";
012414800000;"PODREGION KATOWICKI";"miejsca w żłobkach i klubach dziecięcych na 1000 dzieci w wieku do lat 3";"2018";191;"-";"";
012414800000;"PODREGION KATOWICKI";"miejsca w żłobkach i klubach dziecięcych na 1000 dzieci w wieku do lat 3";"2019";218;"-";"";
012414800000;"PODREGION KATOWICKI";"miejsca w żłobkach i klubach dziecięcych na 1000 dzieci w wieku do lat 3";"2020";262;"-";"";
012414800000;"PODREGION KATOWICKI";"miejsca w żłobkach i klubach dziecięcych na 1000 dzieci w wieku do lat 3";"2021";312;"-";"";
012414900000;"PODREGION RYBNICKI";"miejsca w żłobkach i klubach dziecięcych na 1000 dzieci w wieku do lat 3";"2012";;"-";"";
012414900000;"PODREGION RYBNICKI";"miejsca w żłobkach i klubach dziecięcych na 1000 dzieci w wieku do lat 3";"2013";;"-";"";
012414900000;"PODREGION RYBNICKI";"miejsca w żłobkach i klubach dziecięcych na 1000 dzieci w wieku do lat 3";"2014";42;"-";"";
012414900000;"PODREGION RYBNICKI";"miejsca w żłobkach i klubach dziecięcych na 1000 dzieci w wieku do lat 3";"2015";51;"-";"";
012414900000;"PODREGION RYBNICKI";"miejsca w żłobkach i klubach dziecięcych na 1000 dzieci w wieku do lat 3";"2016";56;"-";"";
012414900000;"PODREGION RYBNICKI";"miejsca w żłobkach i klubach dziecięcych na 1000 dzieci w wieku do lat 3";"2017";67;"-";"";
012414900000;"PODREGION RYBNICKI";"miejsca w żłobkach i klubach dziecięcych na 1000 dzieci w wieku do lat 3";"2018";78;"-";"";
012414900000;"PODREGION RYBNICKI";"miejsca w żłobkach i klubach dziecięcych na 1000 dzieci w wieku do lat 3";"2019";80;"-";"";
012414900000;"PODREGION RYBNICKI";"miejsca w żłobkach i klubach dziecięcych na 1000 dzieci w wieku do lat 3";"2020";91;"-";"";
012414900000;"PODREGION RYBNICKI";"miejsca w żłobkach i klubach dziecięcych na 1000 dzieci w wieku do lat 3";"2021";117;"-";"";
012415000000;"PODREGION SOSNOWIECKI";"miejsca w żłobkach i klubach dziecięcych na 1000 dzieci w wieku do lat 3";"2012";;"-";"";
012415000000;"PODREGION SOSNOWIECKI";"miejsca w żłobkach i klubach dziecięcych na 1000 dzieci w wieku do lat 3";"2013";;"-";"";
012415000000;"PODREGION SOSNOWIECKI";"miejsca w żłobkach i klubach dziecięcych na 1000 dzieci w wieku do lat 3";"2014";56;"-";"";
012415000000;"PODREGION SOSNOWIECKI";"miejsca w żłobkach i klubach dziecięcych na 1000 dzieci w wieku do lat 3";"2015";65;"-";"";
012415000000;"PODREGION SOSNOWIECKI";"miejsca w żłobkach i klubach dziecięcych na 1000 dzieci w wieku do lat 3";"2016";86;"-";"";
012415000000;"PODREGION SOSNOWIECKI";"miejsca w żłobkach i klubach dziecięcych na 1000 dzieci w wieku do lat 3";"2017";98;"-";"";
012415000000;"PODREGION SOSNOWIECKI";"miejsca w żłobkach i klubach dziecięcych na 1000 dzieci w wieku do lat 3";"2018";125;"-";"";
012415000000;"PODREGION SOSNOWIECKI";"miejsca w żłobkach i klubach dziecięcych na 1000 dzieci w wieku do lat 3";"2019";151;"-";"";
012415000000;"PODREGION SOSNOWIECKI";"miejsca w żłobkach i klubach dziecięcych na 1000 dzieci w wieku do lat 3";"2020";192;"-";"";
012415000000;"PODREGION SOSNOWIECKI";"miejsca w żłobkach i klubach dziecięcych na 1000 dzieci w wieku do lat 3";"2021";242;"-";"";
012415100000;"PODREGION TYSKI";"miejsca w żłobkach i klubach dziecięcych na 1000 dzieci w wieku do lat 3";"2012";;"-";"";
012415100000;"PODREGION TYSKI";"miejsca w żłobkach i klubach dziecięcych na 1000 dzieci w wieku do lat 3";"2013";;"-";"";
012415100000;"PODREGION TYSKI";"miejsca w żłobkach i klubach dziecięcych na 1000 dzieci w wieku do lat 3";"2014";73;"-";"";
012415100000;"PODREGION TYSKI";"miejsca w żłobkach i klubach dziecięcych na 1000 dzieci w wieku do lat 3";"2015";85;"-";"";
012415100000;"PODREGION TYSKI";"miejsca w żłobkach i klubach dziecięcych na 1000 dzieci w wieku do lat 3";"2016";103;"-";"";
012415100000;"PODREGION TYSKI";"miejsca w żłobkach i klubach dziecięcych na 1000 dzieci w wieku do lat 3";"2017";121;"-";"";
012415100000;"PODREGION TYSKI";"miejsca w żłobkach i klubach dziecięcych na 1000 dzieci w wieku do lat 3";"2018";153;"-";"";
012415100000;"PODREGION TYSKI";"miejsca w żłobkach i klubach dziecięcych na 1000 dzieci w wieku do lat 3";"2019";166;"-";"";
012415100000;"PODREGION TYSKI";"miejsca w żłobkach i klubach dziecięcych na 1000 dzieci w wieku do lat 3";"2020";171;"-";"";
012415100000;"PODREGION TYSKI";"miejsca w żłobkach i klubach dziecięcych na 1000 dzieci w wieku do lat 3";"2021";197;"-";"";
020811300000;"PODREGION GORZOWSKI";"miejsca w żłobkach i klubach dziecięcych na 1000 dzieci w wieku do lat 3";"2012";;"-";"";
020811300000;"PODREGION GORZOWSKI";"miejsca w żłobkach i klubach dziecięcych na 1000 dzieci w wieku do lat 3";"2013";;"-";"";
020811300000;"PODREGION GORZOWSKI";"miejsca w żłobkach i klubach dziecięcych na 1000 dzieci w wieku do lat 3";"2014";70;"-";"";
020811300000;"PODREGION GORZOWSKI";"miejsca w żłobkach i klubach dziecięcych na 1000 dzieci w wieku do lat 3";"2015";64;"-";"";
020811300000;"PODREGION GORZOWSKI";"miejsca w żłobkach i klubach dziecięcych na 1000 dzieci w wieku do lat 3";"2016";83;"-";"";
020811300000;"PODREGION GORZOWSKI";"miejsca w żłobkach i klubach dziecięcych na 1000 dzieci w wieku do lat 3";"2017";99;"-";"";
020811300000;"PODREGION GORZOWSKI";"miejsca w żłobkach i klubach dziecięcych na 1000 dzieci w wieku do lat 3";"2018";117;"-";"";
020811300000;"PODREGION GORZOWSKI";"miejsca w żłobkach i klubach dziecięcych na 1000 dzieci w wieku do lat 3";"2019";136;"-";"";
020811300000;"PODREGION GORZOWSKI";"miejsca w żłobkach i klubach dziecięcych na 1000 dzieci w wieku do lat 3";"2020";160;"-";"";
020811300000;"PODREGION GORZOWSKI";"miejsca w żłobkach i klubach dziecięcych na 1000 dzieci w wieku do lat 3";"2021";210;"-";"";
020811400000;"PODREGION ZIELONOGÓRSKI";"miejsca w żłobkach i klubach dziecięcych na 1000 dzieci w wieku do lat 3";"2012";;"-";"";
020811400000;"PODREGION ZIELONOGÓRSKI";"miejsca w żłobkach i klubach dziecięcych na 1000 dzieci w wieku do lat 3";"2013";;"-";"";
020811400000;"PODREGION ZIELONOGÓRSKI";"miejsca w żłobkach i klubach dziecięcych na 1000 dzieci w wieku do lat 3";"2014";96;"-";"";
020811400000;"PODREGION ZIELONOGÓRSKI";"miejsca w żłobkach i klubach dziecięcych na 1000 dzieci w wieku do lat 3";"2015";102;"-";"";
020811400000;"PODREGION ZIELONOGÓRSKI";"miejsca w żłobkach i klubach dziecięcych na 1000 dzieci w wieku do lat 3";"2016";109;"-";"";
020811400000;"PODREGION ZIELONOGÓRSKI";"miejsca w żłobkach i klubach dziecięcych na 1000 dzieci w wieku do lat 3";"2017";118;"-";"";
020811400000;"PODREGION ZIELONOGÓRSKI";"miejsca w żłobkach i klubach dziecięcych na 1000 dzieci w wieku do lat 3";"2018";157;"-";"";
020811400000;"PODREGION ZIELONOGÓRSKI";"miejsca w żłobkach i klubach dziecięcych na 1000 dzieci w wieku do lat 3";"2019";164;"-";"";
020811400000;"PODREGION ZIELONOGÓRSKI";"miejsca w żłobkach i klubach dziecięcych na 1000 dzieci w wieku do lat 3";"2020";186;"-";"";
020811400000;"PODREGION ZIELONOGÓRSKI";"miejsca w żłobkach i klubach dziecięcych na 1000 dzieci w wieku do lat 3";"2021";215;"-";"";
023015700000;"PODREGION KALISKI";"miejsca w żłobkach i klubach dziecięcych na 1000 dzieci w wieku do lat 3";"2012";;"-";"";
023015700000;"PODREGION KALISKI";"miejsca w żłobkach i klubach dziecięcych na 1000 dzieci w wieku do lat 3";"2013";;"-";"";
023015700000;"PODREGION KALISKI";"miejsca w żłobkach i klubach dziecięcych na 1000 dzieci w wieku do lat 3";"2014";46;"-";"";
023015700000;"PODREGION KALISKI";"miejsca w żłobkach i klubach dziecięcych na 1000 dzieci w wieku do lat 3";"2015";49;"-";"";
023015700000;"PODREGION KALISKI";"miejsca w żłobkach i klubach dziecięcych na 1000 dzieci w wieku do lat 3";"2016";66;"-";"";
023015700000;"PODREGION KALISKI";"miejsca w żłobkach i klubach dziecięcych na 1000 dzieci w wieku do lat 3";"2017";77;"-";"";
023015700000;"PODREGION KALISKI";"miejsca w żłobkach i klubach dziecięcych na 1000 dzieci w wieku do lat 3";"2018";99;"-";"";
023015700000;"PODREGION KALISKI";"miejsca w żłobkach i klubach dziecięcych na 1000 dzieci w wieku do lat 3";"2019";112;"-";"";
023015700000;"PODREGION KALISKI";"miejsca w żłobkach i klubach dziecięcych na 1000 dzieci w wieku do lat 3";"2020";124;"-";"";
023015700000;"PODREGION KALISKI";"miejsca w żłobkach i klubach dziecięcych na 1000 dzieci w wieku do lat 3";"2021";135;"-";"";
023015800000;"PODREGION KONIŃSKI";"miejsca w żłobkach i klubach dziecięcych na 1000 dzieci w wieku do lat 3";"2012";;"-";"";
023015800000;"PODREGION KONIŃSKI";"miejsca w żłobkach i klubach dziecięcych na 1000 dzieci w wieku do lat 3";"2013";;"-";"";
023015800000;"PODREGION KONIŃSKI";"miejsca w żłobkach i klubach dziecięcych na 1000 dzieci w wieku do lat 3";"2014";26;"-";"";
023015800000;"PODREGION KONIŃSKI";"miejsca w żłobkach i klubach dziecięcych na 1000 dzieci w wieku do lat 3";"2015";30;"-";"";
023015800000;"PODREGION KONIŃSKI";"miejsca w żłobkach i klubach dziecięcych na 1000 dzieci w wieku do lat 3";"2016";40;"-";"";
023015800000;"PODREGION KONIŃSKI";"miejsca w żłobkach i klubach dziecięcych na 1000 dzieci w wieku do lat 3";"2017";47;"-";"";
023015800000;"PODREGION KONIŃSKI";"miejsca w żłobkach i klubach dziecięcych na 1000 dzieci w wieku do lat 3";"2018";60;"-";"";
023015800000;"PODREGION KONIŃSKI";"miejsca w żłobkach i klubach dziecięcych na 1000 dzieci w wieku do lat 3";"2019";69;"-";"";
023015800000;"PODREGION KONIŃSKI";"miejsca w żłobkach i klubach dziecięcych na 1000 dzieci w wieku do lat 3";"2020";89;"-";"";
023015800000;"PODREGION KONIŃSKI";"miejsca w żłobkach i klubach dziecięcych na 1000 dzieci w wieku do lat 3";"2021";114;"-";"";
023015900000;"PODREGION LESZCZYŃSKI";"miejsca w żłobkach i klubach dziecięcych na 1000 dzieci w wieku do lat 3";"2012";;"-";"";
023015900000;"PODREGION LESZCZYŃSKI";"miejsca w żłobkach i klubach dziecięcych na 1000 dzieci w wieku do lat 3";"2013";;"-";"";
023015900000;"PODREGION LESZCZYŃSKI";"miejsca w żłobkach i klubach dziecięcych na 1000 dzieci w wieku do lat 3";"2014";29;"-";"";
023015900000;"PODREGION LESZCZYŃSKI";"miejsca w żłobkach i klubach dziecięcych na 1000 dzieci w wieku do lat 3";"2015";36;"-";"";
023015900000;"PODREGION LESZCZYŃSKI";"miejsca w żłobkach i klubach dziecięcych na 1000 dzieci w wieku do lat 3";"2016";37;"-";"";
023015900000;"PODREGION LESZCZYŃSKI";"miejsca w żłobkach i klubach dziecięcych na 1000 dzieci w wieku do lat 3";"2017";46;"-";"";
023015900000;"PODREGION LESZCZYŃSKI";"miejsca w żłobkach i klubach dziecięcych na 1000 dzieci w wieku do lat 3";"2018";67;"-";"";
023015900000;"PODREGION LESZCZYŃSKI";"miejsca w żłobkach i klubach dziecięcych na 1000 dzieci w wieku do lat 3";"2019";80;"-";"";
023015900000;"PODREGION LESZCZYŃSKI";"miejsca w żłobkach i klubach dziecięcych na 1000 dzieci w wieku do lat 3";"2020";98;"-";"";
023015900000;"PODREGION LESZCZYŃSKI";"miejsca w żłobkach i klubach dziecięcych na 1000 dzieci w wieku do lat 3";"2021";116;"-";"";
023016000000;"PODREGION PILSKI";"miejsca w żłobkach i klubach dziecięcych na 1000 dzieci w wieku do lat 3";"2012";;"-";"";
023016000000;"PODREGION PILSKI";"miejsca w żłobkach i klubach dziecięcych na 1000 dzieci w wieku do lat 3";"2013";;"-";"";
023016000000;"PODREGION PILSKI";"miejsca w żłobkach i klubach dziecięcych na 1000 dzieci w wieku do lat 3";"2014";32;"-";"";
023016000000;"PODREGION PILSKI";"miejsca w żłobkach i klubach dziecięcych na 1000 dzieci w wieku do lat 3";"2015";34;"-";"";
023016000000;"PODREGION PILSKI";"miejsca w żłobkach i klubach dziecięcych na 1000 dzieci w wieku do lat 3";"2016";38;"-";"";
023016000000;"PODREGION PILSKI";"miejsca w żłobkach i klubach dziecięcych na 1000 dzieci w wieku do lat 3";"2017";43;"-";"";
023016000000;"PODREGION PILSKI";"miejsca w żłobkach i klubach dziecięcych na 1000 dzieci w wieku do lat 3";"2018";57;"-";"";
023016000000;"PODREGION PILSKI";"miejsca w żłobkach i klubach dziecięcych na 1000 dzieci w wieku do lat 3";"2019";81;"-";"";
023016000000;"PODREGION PILSKI";"miejsca w żłobkach i klubach dziecięcych na 1000 dzieci w wieku do lat 3";"2020";87;"-";"";
023016000000;"PODREGION PILSKI";"miejsca w żłobkach i klubach dziecięcych na 1000 dzieci w wieku do lat 3";"2021";117;"-";"";
023016100000;"PODREGION POZNAŃSKI";"miejsca w żłobkach i klubach dziecięcych na 1000 dzieci w wieku do lat 3";"2012";;"-";"";
023016100000;"PODREGION POZNAŃSKI";"miejsca w żłobkach i klubach dziecięcych na 1000 dzieci w wieku do lat 3";"2013";;"-";"";
023016100000;"PODREGION POZNAŃSKI";"miejsca w żłobkach i klubach dziecięcych na 1000 dzieci w wieku do lat 3";"2014";68;"-";"";
023016100000;"PODREGION POZNAŃSKI";"miejsca w żłobkach i klubach dziecięcych na 1000 dzieci w wieku do lat 3";"2015";84;"-";"";
023016100000;"PODREGION POZNAŃSKI";"miejsca w żłobkach i klubach dziecięcych na 1000 dzieci w wieku do lat 3";"2016";95;"-";"";
023016100000;"PODREGION POZNAŃSKI";"miejsca w żłobkach i klubach dziecięcych na 1000 dzieci w wieku do lat 3";"2017";104;"-";"";
023016100000;"PODREGION POZNAŃSKI";"miejsca w żłobkach i klubach dziecięcych na 1000 dzieci w wieku do lat 3";"2018";156;"-";"";
023016100000;"PODREGION POZNAŃSKI";"miejsca w żłobkach i klubach dziecięcych na 1000 dzieci w wieku do lat 3";"2019";190;"-";"";
023016100000;"PODREGION POZNAŃSKI";"miejsca w żłobkach i klubach dziecięcych na 1000 dzieci w wieku do lat 3";"2020";196;"-";"";
023016100000;"PODREGION POZNAŃSKI";"miejsca w żłobkach i klubach dziecięcych na 1000 dzieci w wieku do lat 3";"2021";217;"-";"";
023016200000;"PODREGION MIASTO POZNAŃ";"miejsca w żłobkach i klubach dziecięcych na 1000 dzieci w wieku do lat 3";"2012";;"-";"";
023016200000;"PODREGION MIASTO POZNAŃ";"miejsca w żłobkach i klubach dziecięcych na 1000 dzieci w wieku do lat 3";"2013";;"-";"";
023016200000;"PODREGION MIASTO POZNAŃ";"miejsca w żłobkach i klubach dziecięcych na 1000 dzieci w wieku do lat 3";"2014";182;"-";"";
023016200000;"PODREGION MIASTO POZNAŃ";"miejsca w żłobkach i klubach dziecięcych na 1000 dzieci w wieku do lat 3";"2015";186;"-";"";
023016200000;"PODREGION MIASTO POZNAŃ";"miejsca w żłobkach i klubach dziecięcych na 1000 dzieci w wieku do lat 3";"2016";200;"-";"";
023016200000;"PODREGION MIASTO POZNAŃ";"miejsca w żłobkach i klubach dziecięcych na 1000 dzieci w wieku do lat 3";"2017";224;"-";"";
023016200000;"PODREGION MIASTO POZNAŃ";"miejsca w żłobkach i klubach dziecięcych na 1000 dzieci w wieku do lat 3";"2018";243;"-";"";
023016200000;"PODREGION MIASTO POZNAŃ";"miejsca w żłobkach i klubach dziecięcych na 1000 dzieci w wieku do lat 3";"2019";259;"-";"";
023016200000;"PODREGION MIASTO POZNAŃ";"miejsca w żłobkach i klubach dziecięcych na 1000 dzieci w wieku do lat 3";"2020";287;"-";"";
023016200000;"PODREGION MIASTO POZNAŃ";"miejsca w żłobkach i klubach dziecięcych na 1000 dzieci w wieku do lat 3";"2021";305;"-";"";
023216300000;"PODREGION KOSZALIŃSKI";"miejsca w żłobkach i klubach dziecięcych na 1000 dzieci w wieku do lat 3";"2012";;"-";"";
023216300000;"PODREGION KOSZALIŃSKI";"miejsca w żłobkach i klubach dziecięcych na 1000 dzieci w wieku do lat 3";"2013";;"-";"";
023216300000;"PODREGION KOSZALIŃSKI";"miejsca w żłobkach i klubach dziecięcych na 1000 dzieci w wieku do lat 3";"2014";124;"-";"";
023216300000;"PODREGION KOSZALIŃSKI";"miejsca w żłobkach i klubach dziecięcych na 1000 dzieci w wieku do lat 3";"2015";137;"-";"";
023216300000;"PODREGION KOSZALIŃSKI";"miejsca w żłobkach i klubach dziecięcych na 1000 dzieci w wieku do lat 3";"2016";148;"-";"";
023216300000;"PODREGION KOSZALIŃSKI";"miejsca w żłobkach i klubach dziecięcych na 1000 dzieci w wieku do lat 3";"2017";160;"-";"";
023216300000;"PODREGION KOSZALIŃSKI";"miejsca w żłobkach i klubach dziecięcych na 1000 dzieci w wieku do lat 3";"2018";205;"-";"";
023216300000;"PODREGION KOSZALIŃSKI";"miejsca w żłobkach i klubach dziecięcych na 1000 dzieci w wieku do lat 3";"2019";222;"-";"";
023216300000;"PODREGION KOSZALIŃSKI";"miejsca w żłobkach i klubach dziecięcych na 1000 dzieci w wieku do lat 3";"2020";244;"-";"";
023216300000;"PODREGION KOSZALIŃSKI";"miejsca w żłobkach i klubach dziecięcych na 1000 dzieci w wieku do lat 3";"2021";280;"-";"";
023216400000;"PODREGION SZCZECINECKO-PYRZYCKI";"miejsca w żłobkach i klubach dziecięcych na 1000 dzieci w wieku do lat 3";"2012";;"-";"";
023216400000;"PODREGION SZCZECINECKO-PYRZYCKI";"miejsca w żłobkach i klubach dziecięcych na 1000 dzieci w wieku do lat 3";"2013";;"-";"";
023216400000;"PODREGION SZCZECINECKO-PYRZYCKI";"miejsca w żłobkach i klubach dziecięcych na 1000 dzieci w wieku do lat 3";"2014";19;"-";"";
023216400000;"PODREGION SZCZECINECKO-PYRZYCKI";"miejsca w żłobkach i klubach dziecięcych na 1000 dzieci w wieku do lat 3";"2015";30;"-";"";
023216400000;"PODREGION SZCZECINECKO-PYRZYCKI";"miejsca w żłobkach i klubach dziecięcych na 1000 dzieci w wieku do lat 3";"2016";39;"-";"";
023216400000;"PODREGION SZCZECINECKO-PYRZYCKI";"miejsca w żłobkach i klubach dziecięcych na 1000 dzieci w wieku do lat 3";"2017";41;"-";"";
023216400000;"PODREGION SZCZECINECKO-PYRZYCKI";"miejsca w żłobkach i klubach dziecięcych na 1000 dzieci w wieku do lat 3";"2018";62;"-";"";
023216400000;"PODREGION SZCZECINECKO-PYRZYCKI";"miejsca w żłobkach i klubach dziecięcych na 1000 dzieci w wieku do lat 3";"2019";85;"-";"";
023216400000;"PODREGION SZCZECINECKO-PYRZYCKI";"miejsca w żłobkach i klubach dziecięcych na 1000 dzieci w wieku do lat 3";"2020";91;"-";"";
023216400000;"PODREGION SZCZECINECKO-PYRZYCKI";"miejsca w żłobkach i klubach dziecięcych na 1000 dzieci w wieku do lat 3";"2021";103;"-";"";
023216500000;"PODREGION MIASTO SZCZECIN";"miejsca w żłobkach i klubach dziecięcych na 1000 dzieci w wieku do lat 3";"2012";;"-";"";
023216500000;"PODREGION MIASTO SZCZECIN";"miejsca w żłobkach i klubach dziecięcych na 1000 dzieci w wieku do lat 3";"2013";;"-";"";
023216500000;"PODREGION MIASTO SZCZECIN";"miejsca w żłobkach i klubach dziecięcych na 1000 dzieci w wieku do lat 3";"2014";116;"-";"";
023216500000;"PODREGION MIASTO SZCZECIN";"miejsca w żłobkach i klubach dziecięcych na 1000 dzieci w wieku do lat 3";"2015";140;"-";"";
023216500000;"PODREGION MIASTO SZCZECIN";"miejsca w żłobkach i klubach dziecięcych na 1000 dzieci w wieku do lat 3";"2016";147;"-";"";
023216500000;"PODREGION MIASTO SZCZECIN";"miejsca w żłobkach i klubach dziecięcych na 1000 dzieci w wieku do lat 3";"2017";144;"-";"";
023216500000;"PODREGION MIASTO SZCZECIN";"miejsca w żłobkach i klubach dziecięcych na 1000 dzieci w wieku do lat 3";"2018";176;"-";"";
023216500000;"PODREGION MIASTO SZCZECIN";"miejsca w żłobkach i klubach dziecięcych na 1000 dzieci w wieku do lat 3";"2019";215;"-";"";
023216500000;"PODREGION MIASTO SZCZECIN";"miejsca w żłobkach i klubach dziecięcych na 1000 dzieci w wieku do lat 3";"2020";259;"-";"";
023216500000;"PODREGION MIASTO SZCZECIN";"miejsca w żłobkach i klubach dziecięcych na 1000 dzieci w wieku do lat 3";"2021";293;"-";"";
023216600000;"PODREGION SZCZECIŃSKI";"miejsca w żłobkach i klubach dziecięcych na 1000 dzieci w wieku do lat 3";"2012";;"-";"";
023216600000;"PODREGION SZCZECIŃSKI";"miejsca w żłobkach i klubach dziecięcych na 1000 dzieci w wieku do lat 3";"2013";;"-";"";
023216600000;"PODREGION SZCZECIŃSKI";"miejsca w żłobkach i klubach dziecięcych na 1000 dzieci w wieku do lat 3";"2014";72;"-";"";
023216600000;"PODREGION SZCZECIŃSKI";"miejsca w żłobkach i klubach dziecięcych na 1000 dzieci w wieku do lat 3";"2015";76;"-";"";
023216600000;"PODREGION SZCZECIŃSKI";"miejsca w żłobkach i klubach dziecięcych na 1000 dzieci w wieku do lat 3";"2016";79;"-";"";
023216600000;"PODREGION SZCZECIŃSKI";"miejsca w żłobkach i klubach dziecięcych na 1000 dzieci w wieku do lat 3";"2017";89;"-";"";
023216600000;"PODREGION SZCZECIŃSKI";"miejsca w żłobkach i klubach dziecięcych na 1000 dzieci w wieku do lat 3";"2018";119;"-";"";
023216600000;"PODREGION SZCZECIŃSKI";"miejsca w żłobkach i klubach dziecięcych na 1000 dzieci w wieku do lat 3";"2019";134;"-";"";
023216600000;"PODREGION SZCZECIŃSKI";"miejsca w żłobkach i klubach dziecięcych na 1000 dzieci w wieku do lat 3";"2020";151;"-";"";
023216600000;"PODREGION SZCZECIŃSKI";"miejsca w żłobkach i klubach dziecięcych na 1000 dzieci w wieku do lat 3";"2021";174;"-";"";
030210100000;"PODREGION JELENIOGÓRSKI";"miejsca w żłobkach i klubach dziecięcych na 1000 dzieci w wieku do lat 3";"2012";;"-";"";
030210100000;"PODREGION JELENIOGÓRSKI";"miejsca w żłobkach i klubach dziecięcych na 1000 dzieci w wieku do lat 3";"2013";;"-";"";
030210100000;"PODREGION JELENIOGÓRSKI";"miejsca w żłobkach i klubach dziecięcych na 1000 dzieci w wieku do lat 3";"2014";64;"-";"";
030210100000;"PODREGION JELENIOGÓRSKI";"miejsca w żłobkach i klubach dziecięcych na 1000 dzieci w wieku do lat 3";"2015";71;"-";"";
030210100000;"PODREGION JELENIOGÓRSKI";"miejsca w żłobkach i klubach dziecięcych na 1000 dzieci w wieku do lat 3";"2016";72;"-";"";
030210100000;"PODREGION JELENIOGÓRSKI";"miejsca w żłobkach i klubach dziecięcych na 1000 dzieci w wieku do lat 3";"2017";79;"-";"";
030210100000;"PODREGION JELENIOGÓRSKI";"miejsca w żłobkach i klubach dziecięcych na 1000 dzieci w wieku do lat 3";"2018";83;"-";"";
030210100000;"PODREGION JELENIOGÓRSKI";"miejsca w żłobkach i klubach dziecięcych na 1000 dzieci w wieku do lat 3";"2019";105;"-";"";
030210100000;"PODREGION JELENIOGÓRSKI";"miejsca w żłobkach i klubach dziecięcych na 1000 dzieci w wieku do lat 3";"2020";124;"-";"";
030210100000;"PODREGION JELENIOGÓRSKI";"miejsca w żłobkach i klubach dziecięcych na 1000 dzieci w wieku do lat 3";"2021";142;"-";"";
030210200000;"PODREGION LEGNICKO-GŁOGOWSKI";"miejsca w żłobkach i klubach dziecięcych na 1000 dzieci w wieku do lat 3";"2012";;"-";"";
030210200000;"PODREGION LEGNICKO-GŁOGOWSKI";"miejsca w żłobkach i klubach dziecięcych na 1000 dzieci w wieku do lat 3";"2013";;"-";"";
030210200000;"PODREGION LEGNICKO-GŁOGOWSKI";"miejsca w żłobkach i klubach dziecięcych na 1000 dzieci w wieku do lat 3";"2014";89;"-";"";
030210200000;"PODREGION LEGNICKO-GŁOGOWSKI";"miejsca w żłobkach i klubach dziecięcych na 1000 dzieci w wieku do lat 3";"2015";97;"-";"";
030210200000;"PODREGION LEGNICKO-GŁOGOWSKI";"miejsca w żłobkach i klubach dziecięcych na 1000 dzieci w wieku do lat 3";"2016";99;"-";"";
030210200000;"PODREGION LEGNICKO-GŁOGOWSKI";"miejsca w żłobkach i klubach dziecięcych na 1000 dzieci w wieku do lat 3";"2017";111;"-";"";
030210200000;"PODREGION LEGNICKO-GŁOGOWSKI";"miejsca w żłobkach i klubach dziecięcych na 1000 dzieci w wieku do lat 3";"2018";153;"-";"";
030210200000;"PODREGION LEGNICKO-GŁOGOWSKI";"miejsca w żłobkach i klubach dziecięcych na 1000 dzieci w wieku do lat 3";"2019";183;"-";"";
030210200000;"PODREGION LEGNICKO-GŁOGOWSKI";"miejsca w żłobkach i klubach dziecięcych na 1000 dzieci w wieku do lat 3";"2020";204;"-";"";
030210200000;"PODREGION LEGNICKO-GŁOGOWSKI";"miejsca w żłobkach i klubach dziecięcych na 1000 dzieci w wieku do lat 3";"2021";227;"-";"";
030210300000;"PODREGION WAŁBRZYSKI";"miejsca w żłobkach i klubach dziecięcych na 1000 dzieci w wieku do lat 3";"2012";;"-";"";
030210300000;"PODREGION WAŁBRZYSKI";"miejsca w żłobkach i klubach dziecięcych na 1000 dzieci w wieku do lat 3";"2013";;"-";"";
030210300000;"PODREGION WAŁBRZYSKI";"miejsca w żłobkach i klubach dziecięcych na 1000 dzieci w wieku do lat 3";"2014";77;"-";"";
030210300000;"PODREGION WAŁBRZYSKI";"miejsca w żłobkach i klubach dziecięcych na 1000 dzieci w wieku do lat 3";"2015";83;"-";"";
030210300000;"PODREGION WAŁBRZYSKI";"miejsca w żłobkach i klubach dziecięcych na 1000 dzieci w wieku do lat 3";"2016";97;"-";"";
030210300000;"PODREGION WAŁBRZYSKI";"miejsca w żłobkach i klubach dziecięcych na 1000 dzieci w wieku do lat 3";"2017";102;"-";"";
030210300000;"PODREGION WAŁBRZYSKI";"miejsca w żłobkach i klubach dziecięcych na 1000 dzieci w wieku do lat 3";"2018";133;"-";"";
030210300000;"PODREGION WAŁBRZYSKI";"miejsca w żłobkach i klubach dziecięcych na 1000 dzieci w wieku do lat 3";"2019";156;"-";"";
030210300000;"PODREGION WAŁBRZYSKI";"miejsca w żłobkach i klubach dziecięcych na 1000 dzieci w wieku do lat 3";"2020";192;"-";"";
030210300000;"PODREGION WAŁBRZYSKI";"miejsca w żłobkach i klubach dziecięcych na 1000 dzieci w wieku do lat 3";"2021";227;"-";"";
030210400000;"PODREGION WROCŁAWSKI";"miejsca w żłobkach i klubach dziecięcych na 1000 dzieci w wieku do lat 3";"2012";;"-";"";
030210400000;"PODREGION WROCŁAWSKI";"miejsca w żłobkach i klubach dziecięcych na 1000 dzieci w wieku do lat 3";"2013";;"-";"";
030210400000;"PODREGION WROCŁAWSKI";"miejsca w żłobkach i klubach dziecięcych na 1000 dzieci w wieku do lat 3";"2014";75;"-";"";
030210400000;"PODREGION WROCŁAWSKI";"miejsca w żłobkach i klubach dziecięcych na 1000 dzieci w wieku do lat 3";"2015";89;"-";"";
030210400000;"PODREGION WROCŁAWSKI";"miejsca w żłobkach i klubach dziecięcych na 1000 dzieci w wieku do lat 3";"2016";104;"-";"";
030210400000;"PODREGION WROCŁAWSKI";"miejsca w żłobkach i klubach dziecięcych na 1000 dzieci w wieku do lat 3";"2017";115;"-";"";
030210400000;"PODREGION WROCŁAWSKI";"miejsca w żłobkach i klubach dziecięcych na 1000 dzieci w wieku do lat 3";"2018";164;"-";"";
030210400000;"PODREGION WROCŁAWSKI";"miejsca w żłobkach i klubach dziecięcych na 1000 dzieci w wieku do lat 3";"2019";202;"-";"";
030210400000;"PODREGION WROCŁAWSKI";"miejsca w żłobkach i klubach dziecięcych na 1000 dzieci w wieku do lat 3";"2020";224;"-";"";
030210400000;"PODREGION WROCŁAWSKI";"miejsca w żłobkach i klubach dziecięcych na 1000 dzieci w wieku do lat 3";"2021";257;"-";"";
030210500000;"PODREGION MIASTO WROCŁAW";"miejsca w żłobkach i klubach dziecięcych na 1000 dzieci w wieku do lat 3";"2012";;"-";"";
030210500000;"PODREGION MIASTO WROCŁAW";"miejsca w żłobkach i klubach dziecięcych na 1000 dzieci w wieku do lat 3";"2013";;"-";"";
030210500000;"PODREGION MIASTO WROCŁAW";"miejsca w żłobkach i klubach dziecięcych na 1000 dzieci w wieku do lat 3";"2014";205;"-";"";
030210500000;"PODREGION MIASTO WROCŁAW";"miejsca w żłobkach i klubach dziecięcych na 1000 dzieci w wieku do lat 3";"2015";229;"-";"";
030210500000;"PODREGION MIASTO WROCŁAW";"miejsca w żłobkach i klubach dziecięcych na 1000 dzieci w wieku do lat 3";"2016";237;"-";"";
030210500000;"PODREGION MIASTO WROCŁAW";"miejsca w żłobkach i klubach dziecięcych na 1000 dzieci w wieku do lat 3";"2017";265;"-";"";
030210500000;"PODREGION MIASTO WROCŁAW";"miejsca w żłobkach i klubach dziecięcych na 1000 dzieci w wieku do lat 3";"2018";299;"-";"";
030210500000;"PODREGION MIASTO WROCŁAW";"miejsca w żłobkach i klubach dziecięcych na 1000 dzieci w wieku do lat 3";"2019";324;"-";"";
030210500000;"PODREGION MIASTO WROCŁAW";"miejsca w żłobkach i klubach dziecięcych na 1000 dzieci w wieku do lat 3";"2020";392;"-";"";
030210500000;"PODREGION MIASTO WROCŁAW";"miejsca w żłobkach i klubach dziecięcych na 1000 dzieci w wieku do lat 3";"2021";406;"-";"";
031613100000;"PODREGION NYSKI";"miejsca w żłobkach i klubach dziecięcych na 1000 dzieci w wieku do lat 3";"2012";;"-";"";
031613100000;"PODREGION NYSKI";"miejsca w żłobkach i klubach dziecięcych na 1000 dzieci w wieku do lat 3";"2013";;"-";"";
031613100000;"PODREGION NYSKI";"miejsca w żłobkach i klubach dziecięcych na 1000 dzieci w wieku do lat 3";"2014";80;"-";"";
031613100000;"PODREGION NYSKI";"miejsca w żłobkach i klubach dziecięcych na 1000 dzieci w wieku do lat 3";"2015";100;"-";"";
031613100000;"PODREGION NYSKI";"miejsca w żłobkach i klubach dziecięcych na 1000 dzieci w wieku do lat 3";"2016";108;"-";"";
031613100000;"PODREGION NYSKI";"miejsca w żłobkach i klubach dziecięcych na 1000 dzieci w wieku do lat 3";"2017";116;"-";"";
031613100000;"PODREGION NYSKI";"miejsca w żłobkach i klubach dziecięcych na 1000 dzieci w wieku do lat 3";"2018";133;"-";"";
031613100000;"PODREGION NYSKI";"miejsca w żłobkach i klubach dziecięcych na 1000 dzieci w wieku do lat 3";"2019";161;"-";"";
031613100000;"PODREGION NYSKI";"miejsca w żłobkach i klubach dziecięcych na 1000 dzieci w wieku do lat 3";"2020";178;"-";"";
031613100000;"PODREGION NYSKI";"miejsca w żłobkach i klubach dziecięcych na 1000 dzieci w wieku do lat 3";"2021";194;"-";"";
031613200000;"PODREGION OPOLSKI";"miejsca w żłobkach i klubach dziecięcych na 1000 dzieci w wieku do lat 3";"2012";;"-";"";
031613200000;"PODREGION OPOLSKI";"miejsca w żłobkach i klubach dziecięcych na 1000 dzieci w wieku do lat 3";"2013";;"-";"";
031613200000;"PODREGION OPOLSKI";"miejsca w żłobkach i klubach dziecięcych na 1000 dzieci w wieku do lat 3";"2014";114;"-";"";
031613200000;"PODREGION OPOLSKI";"miejsca w żłobkach i klubach dziecięcych na 1000 dzieci w wieku do lat 3";"2015";129;"-";"";
031613200000;"PODREGION OPOLSKI";"miejsca w żłobkach i klubach dziecięcych na 1000 dzieci w wieku do lat 3";"2016";140;"-";"";
031613200000;"PODREGION OPOLSKI";"miejsca w żłobkach i klubach dziecięcych na 1000 dzieci w wieku do lat 3";"2017";148;"-";"";
031613200000;"PODREGION OPOLSKI";"miejsca w żłobkach i klubach dziecięcych na 1000 dzieci w wieku do lat 3";"2018";183;"-";"";
031613200000;"PODREGION OPOLSKI";"miejsca w żłobkach i klubach dziecięcych na 1000 dzieci w wieku do lat 3";"2019";211;"-";"";
031613200000;"PODREGION OPOLSKI";"miejsca w żłobkach i klubach dziecięcych na 1000 dzieci w wieku do lat 3";"2020";231;"-";"";
031613200000;"PODREGION OPOLSKI";"miejsca w żłobkach i klubach dziecięcych na 1000 dzieci w wieku do lat 3";"2021";261;"-";"";
040410600000;"PODREGION BYDGOSKO-TORUŃSKI";"miejsca w żłobkach i klubach dziecięcych na 1000 dzieci w wieku do lat 3";"2012";;"-";"";
040410600000;"PODREGION BYDGOSKO-TORUŃSKI";"miejsca w żłobkach i klubach dziecięcych na 1000 dzieci w wieku do lat 3";"2013";;"-";"";
040410600000;"PODREGION BYDGOSKO-TORUŃSKI";"miejsca w żłobkach i klubach dziecięcych na 1000 dzieci w wieku do lat 3";"2014";87;"-";"";
040410600000;"PODREGION BYDGOSKO-TORUŃSKI";"miejsca w żłobkach i klubach dziecięcych na 1000 dzieci w wieku do lat 3";"2015";100;"-";"";
040410600000;"PODREGION BYDGOSKO-TORUŃSKI";"miejsca w żłobkach i klubach dziecięcych na 1000 dzieci w wieku do lat 3";"2016";103;"-";"";
040410600000;"PODREGION BYDGOSKO-TORUŃSKI";"miejsca w żłobkach i klubach dziecięcych na 1000 dzieci w wieku do lat 3";"2017";117;"-";"";
040410600000;"PODREGION BYDGOSKO-TORUŃSKI";"miejsca w żłobkach i klubach dziecięcych na 1000 dzieci w wieku do lat 3";"2018";160;"-";"";
040410600000;"PODREGION BYDGOSKO-TORUŃSKI";"miejsca w żłobkach i klubach dziecięcych na 1000 dzieci w wieku do lat 3";"2019";188;"-";"";
040410600000;"PODREGION BYDGOSKO-TORUŃSKI";"miejsca w żłobkach i klubach dziecięcych na 1000 dzieci w wieku do lat 3";"2020";231;"-";"";
040410600000;"PODREGION BYDGOSKO-TORUŃSKI";"miejsca w żłobkach i klubach dziecięcych na 1000 dzieci w wieku do lat 3";"2021";266;"-";"";
040410700000;"PODREGION GRUDZIĄDZKI";"miejsca w żłobkach i klubach dziecięcych na 1000 dzieci w wieku do lat 3";"2012";;"-";"";
040410700000;"PODREGION GRUDZIĄDZKI";"miejsca w żłobkach i klubach dziecięcych na 1000 dzieci w wieku do lat 3";"2013";;"-";"";
040410700000;"PODREGION GRUDZIĄDZKI";"miejsca w żłobkach i klubach dziecięcych na 1000 dzieci w wieku do lat 3";"2014";16;"-";"";
040410700000;"PODREGION GRUDZIĄDZKI";"miejsca w żłobkach i klubach dziecięcych na 1000 dzieci w wieku do lat 3";"2015";21;"-";"";
040410700000;"PODREGION GRUDZIĄDZKI";"miejsca w żłobkach i klubach dziecięcych na 1000 dzieci w wieku do lat 3";"2016";30;"-";"";
040410700000;"PODREGION GRUDZIĄDZKI";"miejsca w żłobkach i klubach dziecięcych na 1000 dzieci w wieku do lat 3";"2017";30;"-";"";
040410700000;"PODREGION GRUDZIĄDZKI";"miejsca w żłobkach i klubach dziecięcych na 1000 dzieci w wieku do lat 3";"2018";42;"-";"";
040410700000;"PODREGION GRUDZIĄDZKI";"miejsca w żłobkach i klubach dziecięcych na 1000 dzieci w wieku do lat 3";"2019";58;"-";"";
040410700000;"PODREGION GRUDZIĄDZKI";"miejsca w żłobkach i klubach dziecięcych na 1000 dzieci w wieku do lat 3";"2020";78;"-";"";
040410700000;"PODREGION GRUDZIĄDZKI";"miejsca w żłobkach i klubach dziecięcych na 1000 dzieci w wieku do lat 3";"2021";90;"-";"";
040410800000;"PODREGION WŁOCŁAWSKI";"miejsca w żłobkach i klubach dziecięcych na 1000 dzieci w wieku do lat 3";"2012";;"-";"";
040410800000;"PODREGION WŁOCŁAWSKI";"miejsca w żłobkach i klubach dziecięcych na 1000 dzieci w wieku do lat 3";"2013";;"-";"";
040410800000;"PODREGION WŁOCŁAWSKI";"miejsca w żłobkach i klubach dziecięcych na 1000 dzieci w wieku do lat 3";"2014";22;"-";"";
040410800000;"PODREGION WŁOCŁAWSKI";"miejsca w żłobkach i klubach dziecięcych na 1000 dzieci w wieku do lat 3";"2015";31;"-";"";
040410800000;"PODREGION WŁOCŁAWSKI";"miejsca w żłobkach i klubach dziecięcych na 1000 dzieci w wieku do lat 3";"2016";31;"-";"";
040410800000;"PODREGION WŁOCŁAWSKI";"miejsca w żłobkach i klubach dziecięcych na 1000 dzieci w wieku do lat 3";"2017";44;"-";"";
040410800000;"PODREGION WŁOCŁAWSKI";"miejsca w żłobkach i klubach dziecięcych na 1000 dzieci w wieku do lat 3";"2018";59;"-";"";
040410800000;"PODREGION WŁOCŁAWSKI";"miejsca w żłobkach i klubach dziecięcych na 1000 dzieci w wieku do lat 3";"2019";87;"-";"";
040410800000;"PODREGION WŁOCŁAWSKI";"miejsca w żłobkach i klubach dziecięcych na 1000 dzieci w wieku do lat 3";"2020";86;"-";"";
040410800000;"PODREGION WŁOCŁAWSKI";"miejsca w żłobkach i klubach dziecięcych na 1000 dzieci w wieku do lat 3";"2021";121;"-";"";
040416700000;"PODREGION INOWROCŁAWSKI";"miejsca w żłobkach i klubach dziecięcych na 1000 dzieci w wieku do lat 3";"2012";;"-";"";
040416700000;"PODREGION INOWROCŁAWSKI";"miejsca w żłobkach i klubach dziecięcych na 1000 dzieci w wieku do lat 3";"2013";;"-";"";
040416700000;"PODREGION INOWROCŁAWSKI";"miejsca w żłobkach i klubach dziecięcych na 1000 dzieci w wieku do lat 3";"2014";30;"-";"";
040416700000;"PODREGION INOWROCŁAWSKI";"miejsca w żłobkach i klubach dziecięcych na 1000 dzieci w wieku do lat 3";"2015";30;"-";"";
040416700000;"PODREGION INOWROCŁAWSKI";"miejsca w żłobkach i klubach dziecięcych na 1000 dzieci w wieku do lat 3";"2016";42;"-";"";
040416700000;"PODREGION INOWROCŁAWSKI";"miejsca w żłobkach i klubach dziecięcych na 1000 dzieci w wieku do lat 3";"2017";48;"-";"";
040416700000;"PODREGION INOWROCŁAWSKI";"miejsca w żłobkach i klubach dziecięcych na 1000 dzieci w wieku do lat 3";"2018";59;"-";"";
040416700000;"PODREGION INOWROCŁAWSKI";"miejsca w żłobkach i klubach dziecięcych na 1000 dzieci w wieku do lat 3";"2019";68;"-";"";
040416700000;"PODREGION INOWROCŁAWSKI";"miejsca w żłobkach i klubach dziecięcych na 1000 dzieci w wieku do lat 3";"2020";81;"-";"";
040416700000;"PODREGION INOWROCŁAWSKI";"miejsca w żłobkach i klubach dziecięcych na 1000 dzieci w wieku do lat 3";"2021";112;"-";"";
040416800000;"PODREGION ŚWIECKI";"miejsca w żłobkach i klubach dziecięcych na 1000 dzieci w wieku do lat 3";"2012";;"-";"";
040416800000;"PODREGION ŚWIECKI";"miejsca w żłobkach i klubach dziecięcych na 1000 dzieci w wieku do lat 3";"2013";;"-";"";
040416800000;"PODREGION ŚWIECKI";"miejsca w żłobkach i klubach dziecięcych na 1000 dzieci w wieku do lat 3";"2014";26;"-";"";
040416800000;"PODREGION ŚWIECKI";"miejsca w żłobkach i klubach dziecięcych na 1000 dzieci w wieku do lat 3";"2015";27;"-";"";
040416800000;"PODREGION ŚWIECKI";"miejsca w żłobkach i klubach dziecięcych na 1000 dzieci w wieku do lat 3";"2016";39;"-";"";
040416800000;"PODREGION ŚWIECKI";"miejsca w żłobkach i klubach dziecięcych na 1000 dzieci w wieku do lat 3";"2017";46;"-";"";
040416800000;"PODREGION ŚWIECKI";"miejsca w żłobkach i klubach dziecięcych na 1000 dzieci w wieku do lat 3";"2018";59;"-";"";
040416800000;"PODREGION ŚWIECKI";"miejsca w żłobkach i klubach dziecięcych na 1000 dzieci w wieku do lat 3";"2019";71;"-";"";
040416800000;"PODREGION ŚWIECKI";"miejsca w żłobkach i klubach dziecięcych na 1000 dzieci w wieku do lat 3";"2020";88;"-";"";
040416800000;"PODREGION ŚWIECKI";"miejsca w żłobkach i klubach dziecięcych na 1000 dzieci w wieku do lat 3";"2021";106;"-";"";
042214000000;"PODREGION GDAŃSKI";"miejsca w żłobkach i klubach dziecięcych na 1000 dzieci w wieku do lat 3";"2012";;"-";"";
042214000000;"PODREGION GDAŃSKI";"miejsca w żłobkach i klubach dziecięcych na 1000 dzieci w wieku do lat 3";"2013";;"-";"";
042214000000;"PODREGION GDAŃSKI";"miejsca w żłobkach i klubach dziecięcych na 1000 dzieci w wieku do lat 3";"2014";46;"-";"";
042214000000;"PODREGION GDAŃSKI";"miejsca w żłobkach i klubach dziecięcych na 1000 dzieci w wieku do lat 3";"2015";49;"-";"";
042214000000;"PODREGION GDAŃSKI";"miejsca w żłobkach i klubach dziecięcych na 1000 dzieci w wieku do lat 3";"2016";46;"-";"";
042214000000;"PODREGION GDAŃSKI";"miejsca w żłobkach i klubach dziecięcych na 1000 dzieci w wieku do lat 3";"2017";58;"-";"";
042214000000;"PODREGION GDAŃSKI";"miejsca w żłobkach i klubach dziecięcych na 1000 dzieci w wieku do lat 3";"2018";76;"-";"";
042214000000;"PODREGION GDAŃSKI";"miejsca w żłobkach i klubach dziecięcych na 1000 dzieci w wieku do lat 3";"2019";95;"-";"";
042214000000;"PODREGION GDAŃSKI";"miejsca w żłobkach i klubach dziecięcych na 1000 dzieci w wieku do lat 3";"2020";116;"-";"";
042214000000;"PODREGION GDAŃSKI";"miejsca w żłobkach i klubach dziecięcych na 1000 dzieci w wieku do lat 3";"2021";138;"-";"";
042214100000;"PODREGION SŁUPSKI";"miejsca w żłobkach i klubach dziecięcych na 1000 dzieci w wieku do lat 3";"2012";;"-";"";
042214100000;"PODREGION SŁUPSKI";"miejsca w żłobkach i klubach dziecięcych na 1000 dzieci w wieku do lat 3";"2013";;"-";"";
042214100000;"PODREGION SŁUPSKI";"miejsca w żłobkach i klubach dziecięcych na 1000 dzieci w wieku do lat 3";"2014";80;"-";"";
042214100000;"PODREGION SŁUPSKI";"miejsca w żłobkach i klubach dziecięcych na 1000 dzieci w wieku do lat 3";"2015";80;"-";"";
042214100000;"PODREGION SŁUPSKI";"miejsca w żłobkach i klubach dziecięcych na 1000 dzieci w wieku do lat 3";"2016";79;"-";"";
042214100000;"PODREGION SŁUPSKI";"miejsca w żłobkach i klubach dziecięcych na 1000 dzieci w wieku do lat 3";"2017";86;"-";"";
042214100000;"PODREGION SŁUPSKI";"miejsca w żłobkach i klubach dziecięcych na 1000 dzieci w wieku do lat 3";"2018";97;"-";"";
042214100000;"PODREGION SŁUPSKI";"miejsca w żłobkach i klubach dziecięcych na 1000 dzieci w wieku do lat 3";"2019";116;"-";"";
042214100000;"PODREGION SŁUPSKI";"miejsca w żłobkach i klubach dziecięcych na 1000 dzieci w wieku do lat 3";"2020";138;"-";"";
042214100000;"PODREGION SŁUPSKI";"miejsca w żłobkach i klubach dziecięcych na 1000 dzieci w wieku do lat 3";"2021";164;"-";"";
042214200000;"PODREGION STAROGARDZKI";"miejsca w żłobkach i klubach dziecięcych na 1000 dzieci w wieku do lat 3";"2012";;"-";"";
042214200000;"PODREGION STAROGARDZKI";"miejsca w żłobkach i klubach dziecięcych na 1000 dzieci w wieku do lat 3";"2013";;"-";"";
042214200000;"PODREGION STAROGARDZKI";"miejsca w żłobkach i klubach dziecięcych na 1000 dzieci w wieku do lat 3";"2014";50;"-";"";
042214200000;"PODREGION STAROGARDZKI";"miejsca w żłobkach i klubach dziecięcych na 1000 dzieci w wieku do lat 3";"2015";52;"-";"";
042214200000;"PODREGION STAROGARDZKI";"miejsca w żłobkach i klubach dziecięcych na 1000 dzieci w wieku do lat 3";"2016";48;"-";"";
042214200000;"PODREGION STAROGARDZKI";"miejsca w żłobkach i klubach dziecięcych na 1000 dzieci w wieku do lat 3";"2017";48;"-";"";
042214200000;"PODREGION STAROGARDZKI";"miejsca w żłobkach i klubach dziecięcych na 1000 dzieci w wieku do lat 3";"2018";66;"-";"";
042214200000;"PODREGION STAROGARDZKI";"miejsca w żłobkach i klubach dziecięcych na 1000 dzieci w wieku do lat 3";"2019";92;"-";"";
042214200000;"PODREGION STAROGARDZKI";"miejsca w żłobkach i klubach dziecięcych na 1000 dzieci w wieku do lat 3";"2020";105;"-";"";
042214200000;"PODREGION STAROGARDZKI";"miejsca w żłobkach i klubach dziecięcych na 1000 dzieci w wieku do lat 3";"2021";109;"-";"";
042214300000;"PODREGION TRÓJMIEJSKI";"miejsca w żłobkach i klubach dziecięcych na 1000 dzieci w wieku do lat 3";"2012";;"-";"";
042214300000;"PODREGION TRÓJMIEJSKI";"miejsca w żłobkach i klubach dziecięcych na 1000 dzieci w wieku do lat 3";"2013";;"-";"";
042214300000;"PODREGION TRÓJMIEJSKI";"miejsca w żłobkach i klubach dziecięcych na 1000 dzieci w wieku do lat 3";"2014";88;"-";"";
042214300000;"PODREGION TRÓJMIEJSKI";"miejsca w żłobkach i klubach dziecięcych na 1000 dzieci w wieku do lat 3";"2015";97;"-";"";
042214300000;"PODREGION TRÓJMIEJSKI";"miejsca w żłobkach i klubach dziecięcych na 1000 dzieci w wieku do lat 3";"2016";102;"-";"";
042214300000;"PODREGION TRÓJMIEJSKI";"miejsca w żłobkach i klubach dziecięcych na 1000 dzieci w wieku do lat 3";"2017";109;"-";"";
042214300000;"PODREGION TRÓJMIEJSKI";"miejsca w żłobkach i klubach dziecięcych na 1000 dzieci w wieku do lat 3";"2018";141;"-";"";
042214300000;"PODREGION TRÓJMIEJSKI";"miejsca w żłobkach i klubach dziecięcych na 1000 dzieci w wieku do lat 3";"2019";163;"-";"";
042214300000;"PODREGION TRÓJMIEJSKI";"miejsca w żłobkach i klubach dziecięcych na 1000 dzieci w wieku do lat 3";"2020";197;"-";"";
042214300000;"PODREGION TRÓJMIEJSKI";"miejsca w żłobkach i klubach dziecięcych na 1000 dzieci w wieku do lat 3";"2021";251;"-";"";
042217200000;"PODREGION CHOJNICKI";"miejsca w żłobkach i klubach dziecięcych na 1000 dzieci w wieku do lat 3";"2012";;"-";"";
042217200000;"PODREGION CHOJNICKI";"miejsca w żłobkach i klubach dziecięcych na 1000 dzieci w wieku do lat 3";"2013";;"-";"";
042217200000;"PODREGION CHOJNICKI";"miejsca w żłobkach i klubach dziecięcych na 1000 dzieci w wieku do lat 3";"2014";47;"-";"";
042217200000;"PODREGION CHOJNICKI";"miejsca w żłobkach i klubach dziecięcych na 1000 dzieci w wieku do lat 3";"2015";52;"-";"";
042217200000;"PODREGION CHOJNICKI";"miejsca w żłobkach i klubach dziecięcych na 1000 dzieci w wieku do lat 3";"2016";55;"-";"";
042217200000;"PODREGION CHOJNICKI";"miejsca w żłobkach i klubach dziecięcych na 1000 dzieci w wieku do lat 3";"2017";66;"-";"";
042217200000;"PODREGION CHOJNICKI";"miejsca w żłobkach i klubach dziecięcych na 1000 dzieci w wieku do lat 3";"2018";72;"-";"";
042217200000;"PODREGION CHOJNICKI";"miejsca w żłobkach i klubach dziecięcych na 1000 dzieci w wieku do lat 3";"2019";94;"-";"";
042217200000;"PODREGION CHOJNICKI";"miejsca w żłobkach i klubach dziecięcych na 1000 dzieci w wieku do lat 3";"2020";129;"-";"";
042217200000;"PODREGION CHOJNICKI";"miejsca w żłobkach i klubach dziecięcych na 1000 dzieci w wieku do lat 3";"2021";145;"-";"";
042815400000;"PODREGION ELBLĄSKI";"miejsca w żłobkach i klubach dziecięcych na 1000 dzieci w wieku do lat 3";"2012";;"-";"";
042815400000;"PODREGION ELBLĄSKI";"miejsca w żłobkach i klubach dziecięcych na 1000 dzieci w wieku do lat 3";"2013";;"-";"";
042815400000;"PODREGION ELBLĄSKI";"miejsca w żłobkach i klubach dziecięcych na 1000 dzieci w wieku do lat 3";"2014";40;"-";"";
042815400000;"PODREGION ELBLĄSKI";"miejsca w żłobkach i klubach dziecięcych na 1000 dzieci w wieku do lat 3";"2015";45;"-";"";
042815400000;"PODREGION ELBLĄSKI";"miejsca w żłobkach i klubach dziecięcych na 1000 dzieci w wieku do lat 3";"2016";57;"-";"";
042815400000;"PODREGION ELBLĄSKI";"miejsca w żłobkach i klubach dziecięcych na 1000 dzieci w wieku do lat 3";"2017";60;"-";"";
042815400000;"PODREGION ELBLĄSKI";"miejsca w żłobkach i klubach dziecięcych na 1000 dzieci w wieku do lat 3";"2018";68;"-";"";
042815400000;"PODREGION ELBLĄSKI";"miejsca w żłobkach i klubach dziecięcych na 1000 dzieci w wieku do lat 3";"2019";77;"-";"";
042815400000;"PODREGION ELBLĄSKI";"miejsca w żłobkach i klubach dziecięcych na 1000 dzieci w wieku do lat 3";"2020";92;"-";"";
042815400000;"PODREGION ELBLĄSKI";"miejsca w żłobkach i klubach dziecięcych na 1000 dzieci w wieku do lat 3";"2021";117;"-";"";
042815500000;"PODREGION EŁCKI";"miejsca w żłobkach i klubach dziecięcych na 1000 dzieci w wieku do lat 3";"2012";;"-";"";
042815500000;"PODREGION EŁCKI";"miejsca w żłobkach i klubach dziecięcych na 1000 dzieci w wieku do lat 3";"2013";;"-";"";
042815500000;"PODREGION EŁCKI";"miejsca w żłobkach i klubach dziecięcych na 1000 dzieci w wieku do lat 3";"2014";24;"-";"";
042815500000;"PODREGION EŁCKI";"miejsca w żłobkach i klubach dziecięcych na 1000 dzieci w wieku do lat 3";"2015";28;"-";"";
042815500000;"PODREGION EŁCKI";"miejsca w żłobkach i klubach dziecięcych na 1000 dzieci w wieku do lat 3";"2016";37;"-";"";
042815500000;"PODREGION EŁCKI";"miejsca w żłobkach i klubach dziecięcych na 1000 dzieci w wieku do lat 3";"2017";41;"-";"";
042815500000;"PODREGION EŁCKI";"miejsca w żłobkach i klubach dziecięcych na 1000 dzieci w wieku do lat 3";"2018";50;"-";"";
042815500000;"PODREGION EŁCKI";"miejsca w żłobkach i klubach dziecięcych na 1000 dzieci w wieku do lat 3";"2019";70;"-";"";
042815500000;"PODREGION EŁCKI";"miejsca w żłobkach i klubach dziecięcych na 1000 dzieci w wieku do lat 3";"2020";79;"-";"";
042815500000;"PODREGION EŁCKI";"miejsca w żłobkach i klubach dziecięcych na 1000 dzieci w wieku do lat 3";"2021";98;"-";"";
042815600000;"PODREGION OLSZTYŃSKI";"miejsca w żłobkach i klubach dziecięcych na 1000 dzieci w wieku do lat 3";"2012";;"-";"";
042815600000;"PODREGION OLSZTYŃSKI";"miejsca w żłobkach i klubach dziecięcych na 1000 dzieci w wieku do lat 3";"2013";;"-";"";
042815600000;"PODREGION OLSZTYŃSKI";"miejsca w żłobkach i klubach dziecięcych na 1000 dzieci w wieku do lat 3";"2014";48;"-";"";
042815600000;"PODREGION OLSZTYŃSKI";"miejsca w żłobkach i klubach dziecięcych na 1000 dzieci w wieku do lat 3";"2015";55;"-";"";
042815600000;"PODREGION OLSZTYŃSKI";"miejsca w żłobkach i klubach dziecięcych na 1000 dzieci w wieku do lat 3";"2016";63;"-";"";
042815600000;"PODREGION OLSZTYŃSKI";"miejsca w żłobkach i klubach dziecięcych na 1000 dzieci w wieku do lat 3";"2017";65;"-";"";
042815600000;"PODREGION OLSZTYŃSKI";"miejsca w żłobkach i klubach dziecięcych na 1000 dzieci w wieku do lat 3";"2018";95;"-";"";
042815600000;"PODREGION OLSZTYŃSKI";"miejsca w żłobkach i klubach dziecięcych na 1000 dzieci w wieku do lat 3";"2019";117;"-";"";
042815600000;"PODREGION OLSZTYŃSKI";"miejsca w żłobkach i klubach dziecięcych na 1000 dzieci w wieku do lat 3";"2020";120;"-";"";
042815600000;"PODREGION OLSZTYŃSKI";"miejsca w żłobkach i klubach dziecięcych na 1000 dzieci w wieku do lat 3";"2021";139;"-";"";
051011500000;"PODREGION ŁÓDZKI";"miejsca w żłobkach i klubach dziecięcych na 1000 dzieci w wieku do lat 3";"2012";;"-";"";
051011500000;"PODREGION ŁÓDZKI";"miejsca w żłobkach i klubach dziecięcych na 1000 dzieci w wieku do lat 3";"2013";;"-";"";
051011500000;"PODREGION ŁÓDZKI";"miejsca w żłobkach i klubach dziecięcych na 1000 dzieci w wieku do lat 3";"2014";45;"-";"";
051011500000;"PODREGION ŁÓDZKI";"miejsca w żłobkach i klubach dziecięcych na 1000 dzieci w wieku do lat 3";"2015";52;"-";"";
051011500000;"PODREGION ŁÓDZKI";"miejsca w żłobkach i klubach dziecięcych na 1000 dzieci w wieku do lat 3";"2016";64;"-";"";
051011500000;"PODREGION ŁÓDZKI";"miejsca w żłobkach i klubach dziecięcych na 1000 dzieci w wieku do lat 3";"2017";73;"-";"";
051011500000;"PODREGION ŁÓDZKI";"miejsca w żłobkach i klubach dziecięcych na 1000 dzieci w wieku do lat 3";"2018";103;"-";"";
051011500000;"PODREGION ŁÓDZKI";"miejsca w żłobkach i klubach dziecięcych na 1000 dzieci w wieku do lat 3";"2019";121;"-";"";
051011500000;"PODREGION ŁÓDZKI";"miejsca w żłobkach i klubach dziecięcych na 1000 dzieci w wieku do lat 3";"2020";128;"-";"";
051011500000;"PODREGION ŁÓDZKI";"miejsca w żłobkach i klubach dziecięcych na 1000 dzieci w wieku do lat 3";"2021";166;"-";"";
051011600000;"PODREGION MIASTO ŁÓDŹ";"miejsca w żłobkach i klubach dziecięcych na 1000 dzieci w wieku do lat 3";"2012";;"-";"";
051011600000;"PODREGION MIASTO ŁÓDŹ";"miejsca w żłobkach i klubach dziecięcych na 1000 dzieci w wieku do lat 3";"2013";;"-";"";
051011600000;"PODREGION MIASTO ŁÓDŹ";"miejsca w żłobkach i klubach dziecięcych na 1000 dzieci w wieku do lat 3";"2014";134;"-";"";
051011600000;"PODREGION MIASTO ŁÓDŹ";"miejsca w żłobkach i klubach dziecięcych na 1000 dzieci w wieku do lat 3";"2015";136;"-";"";
051011600000;"PODREGION MIASTO ŁÓDŹ";"miejsca w żłobkach i klubach dziecięcych na 1000 dzieci w wieku do lat 3";"2016";138;"-";"";
051011600000;"PODREGION MIASTO ŁÓDŹ";"miejsca w żłobkach i klubach dziecięcych na 1000 dzieci w wieku do lat 3";"2017";149;"-";"";
051011600000;"PODREGION MIASTO ŁÓDŹ";"miejsca w żłobkach i klubach dziecięcych na 1000 dzieci w wieku do lat 3";"2018";160;"-";"";
051011600000;"PODREGION MIASTO ŁÓDŹ";"miejsca w żłobkach i klubach dziecięcych na 1000 dzieci w wieku do lat 3";"2019";173;"-";"";
051011600000;"PODREGION MIASTO ŁÓDŹ";"miejsca w żłobkach i klubach dziecięcych na 1000 dzieci w wieku do lat 3";"2020";208;"-";"";
051011600000;"PODREGION MIASTO ŁÓDŹ";"miejsca w żłobkach i klubach dziecięcych na 1000 dzieci w wieku do lat 3";"2021";223;"-";"";
051011700000;"PODREGION PIOTRKOWSKI";"miejsca w żłobkach i klubach dziecięcych na 1000 dzieci w wieku do lat 3";"2012";;"-";"";
051011700000;"PODREGION PIOTRKOWSKI";"miejsca w żłobkach i klubach dziecięcych na 1000 dzieci w wieku do lat 3";"2013";;"-";"";
051011700000;"PODREGION PIOTRKOWSKI";"miejsca w żłobkach i klubach dziecięcych na 1000 dzieci w wieku do lat 3";"2014";27;"-";"";
051011700000;"PODREGION PIOTRKOWSKI";"miejsca w żłobkach i klubach dziecięcych na 1000 dzieci w wieku do lat 3";"2015";33;"-";"";
051011700000;"PODREGION PIOTRKOWSKI";"miejsca w żłobkach i klubach dziecięcych na 1000 dzieci w wieku do lat 3";"2016";57;"-";"";
051011700000;"PODREGION PIOTRKOWSKI";"miejsca w żłobkach i klubach dziecięcych na 1000 dzieci w wieku do lat 3";"2017";67;"-";"";
051011700000;"PODREGION PIOTRKOWSKI";"miejsca w żłobkach i klubach dziecięcych na 1000 dzieci w wieku do lat 3";"2018";109;"-";"";
051011700000;"PODREGION PIOTRKOWSKI";"miejsca w żłobkach i klubach dziecięcych na 1000 dzieci w wieku do lat 3";"2019";122;"-";"";
051011700000;"PODREGION PIOTRKOWSKI";"miejsca w żłobkach i klubach dziecięcych na 1000 dzieci w wieku do lat 3";"2020";128;"-";"";
051011700000;"PODREGION PIOTRKOWSKI";"miejsca w żłobkach i klubach dziecięcych na 1000 dzieci w wieku do lat 3";"2021";155;"-";"";
051011800000;"PODREGION SIERADZKI";"miejsca w żłobkach i klubach dziecięcych na 1000 dzieci w wieku do lat 3";"2012";;"-";"";
051011800000;"PODREGION SIERADZKI";"miejsca w żłobkach i klubach dziecięcych na 1000 dzieci w wieku do lat 3";"2013";;"-";"";
051011800000;"PODREGION SIERADZKI";"miejsca w żłobkach i klubach dziecięcych na 1000 dzieci w wieku do lat 3";"2014";21;"-";"";
051011800000;"PODREGION SIERADZKI";"miejsca w żłobkach i klubach dziecięcych na 1000 dzieci w wieku do lat 3";"2015";25;"-";"";
051011800000;"PODREGION SIERADZKI";"miejsca w żłobkach i klubach dziecięcych na 1000 dzieci w wieku do lat 3";"2016";35;"-";"";
051011800000;"PODREGION SIERADZKI";"miejsca w żłobkach i klubach dziecięcych na 1000 dzieci w wieku do lat 3";"2017";41;"-";"";
051011800000;"PODREGION SIERADZKI";"miejsca w żłobkach i klubach dziecięcych na 1000 dzieci w wieku do lat 3";"2018";70;"-";"";
051011800000;"PODREGION SIERADZKI";"miejsca w żłobkach i klubach dziecięcych na 1000 dzieci w wieku do lat 3";"2019";81;"-";"";
051011800000;"PODREGION SIERADZKI";"miejsca w żłobkach i klubach dziecięcych na 1000 dzieci w wieku do lat 3";"2020";86;"-";"";
051011800000;"PODREGION SIERADZKI";"miejsca w żłobkach i klubach dziecięcych na 1000 dzieci w wieku do lat 3";"2021";86;"-";"";
051011900000;"PODREGION SKIERNIEWICKI";"miejsca w żłobkach i klubach dziecięcych na 1000 dzieci w wieku do lat 3";"2012";;"-";"";
051011900000;"PODREGION SKIERNIEWICKI";"miejsca w żłobkach i klubach dziecięcych na 1000 dzieci w wieku do lat 3";"2013";;"-";"";
051011900000;"PODREGION SKIERNIEWICKI";"miejsca w żłobkach i klubach dziecięcych na 1000 dzieci w wieku do lat 3";"2014";31;"-";"";
051011900000;"PODREGION SKIERNIEWICKI";"miejsca w żłobkach i klubach dziecięcych na 1000 dzieci w wieku do lat 3";"2015";46;"-";"";
051011900000;"PODREGION SKIERNIEWICKI";"miejsca w żłobkach i klubach dziecięcych na 1000 dzieci w wieku do lat 3";"2016";51;"-";"";
051011900000;"PODREGION SKIERNIEWICKI";"miejsca w żłobkach i klubach dziecięcych na 1000 dzieci w wieku do lat 3";"2017";53;"-";"";
051011900000;"PODREGION SKIERNIEWICKI";"miejsca w żłobkach i klubach dziecięcych na 1000 dzieci w wieku do lat 3";"2018";84;"-";"";
051011900000;"PODREGION SKIERNIEWICKI";"miejsca w żłobkach i klubach dziecięcych na 1000 dzieci w wieku do lat 3";"2019";94;"-";"";
051011900000;"PODREGION SKIERNIEWICKI";"miejsca w żłobkach i klubach dziecięcych na 1000 dzieci w wieku do lat 3";"2020";112;"-";"";
051011900000;"PODREGION SKIERNIEWICKI";"miejsca w żłobkach i klubach dziecięcych na 1000 dzieci w wieku do lat 3";"2021";134;"-";"";
052615200000;"PODREGION KIELECKI";"miejsca w żłobkach i klubach dziecięcych na 1000 dzieci w wieku do lat 3";"2012";;"-";"";
052615200000;"PODREGION KIELECKI";"miejsca w żłobkach i klubach dziecięcych na 1000 dzieci w wieku do lat 3";"2013";;"-";"";
052615200000;"PODREGION KIELECKI";"miejsca w żłobkach i klubach dziecięcych na 1000 dzieci w wieku do lat 3";"2014";55;"-";"";
052615200000;"PODREGION KIELECKI";"miejsca w żłobkach i klubach dziecięcych na 1000 dzieci w wieku do lat 3";"2015";61;"-";"";
052615200000;"PODREGION KIELECKI";"miejsca w żłobkach i klubach dziecięcych na 1000 dzieci w wieku do lat 3";"2016";73;"-";"";
052615200000;"PODREGION KIELECKI";"miejsca w żłobkach i klubach dziecięcych na 1000 dzieci w wieku do lat 3";"2017";79;"-";"";
052615200000;"PODREGION KIELECKI";"miejsca w żłobkach i klubach dziecięcych na 1000 dzieci w wieku do lat 3";"2018";100;"-";"";
052615200000;"PODREGION KIELECKI";"miejsca w żłobkach i klubach dziecięcych na 1000 dzieci w wieku do lat 3";"2019";122;"-";"";
052615200000;"PODREGION KIELECKI";"miejsca w żłobkach i klubach dziecięcych na 1000 dzieci w wieku do lat 3";"2020";129;"-";"";
052615200000;"PODREGION KIELECKI";"miejsca w żłobkach i klubach dziecięcych na 1000 dzieci w wieku do lat 3";"2021";157;"-";"";
052615300000;"PODREGION SANDOMIERSKO-JĘDRZEJOWSKI";"miejsca w żłobkach i klubach dziecięcych na 1000 dzieci w wieku do lat 3";"2012";;"-";"";
052615300000;"PODREGION SANDOMIERSKO-JĘDRZEJOWSKI";"miejsca w żłobkach i klubach dziecięcych na 1000 dzieci w wieku do lat 3";"2013";;"-";"";
052615300000;"PODREGION SANDOMIERSKO-JĘDRZEJOWSKI";"miejsca w żłobkach i klubach dziecięcych na 1000 dzieci w wieku do lat 3";"2014";16;"-";"";
052615300000;"PODREGION SANDOMIERSKO-JĘDRZEJOWSKI";"miejsca w żłobkach i klubach dziecięcych na 1000 dzieci w wieku do lat 3";"2015";17;"-";"";
052615300000;"PODREGION SANDOMIERSKO-JĘDRZEJOWSKI";"miejsca w żłobkach i klubach dziecięcych na 1000 dzieci w wieku do lat 3";"2016";24;"-";"";
052615300000;"PODREGION SANDOMIERSKO-JĘDRZEJOWSKI";"miejsca w żłobkach i klubach dziecięcych na 1000 dzieci w wieku do lat 3";"2017";26;"-";"";
052615300000;"PODREGION SANDOMIERSKO-JĘDRZEJOWSKI";"miejsca w żłobkach i klubach dziecięcych na 1000 dzieci w wieku do lat 3";"2018";38;"-";"";
052615300000;"PODREGION SANDOMIERSKO-JĘDRZEJOWSKI";"miejsca w żłobkach i klubach dziecięcych na 1000 dzieci w wieku do lat 3";"2019";42;"-";"";
052615300000;"PODREGION SANDOMIERSKO-JĘDRZEJOWSKI";"miejsca w żłobkach i klubach dziecięcych na 1000 dzieci w wieku do lat 3";"2020";57;"-";"";
052615300000;"PODREGION SANDOMIERSKO-JĘDRZEJOWSKI";"miejsca w żłobkach i klubach dziecięcych na 1000 dzieci w wieku do lat 3";"2021";86;"-";"";
060610900000;"PODREGION BIALSKI";"miejsca w żłobkach i klubach dziecięcych na 1000 dzieci w wieku do lat 3";"2012";;"-";"";
060610900000;"PODREGION BIALSKI";"miejsca w żłobkach i klubach dziecięcych na 1000 dzieci w wieku do lat 3";"2013";;"-";"";
060610900000;"PODREGION BIALSKI";"miejsca w żłobkach i klubach dziecięcych na 1000 dzieci w wieku do lat 3";"2014";20;"-";"";
060610900000;"PODREGION BIALSKI";"miejsca w żłobkach i klubach dziecięcych na 1000 dzieci w wieku do lat 3";"2015";29;"-";"";
060610900000;"PODREGION BIALSKI";"miejsca w żłobkach i klubach dziecięcych na 1000 dzieci w wieku do lat 3";"2016";34;"-";"";
060610900000;"PODREGION BIALSKI";"miejsca w żłobkach i klubach dziecięcych na 1000 dzieci w wieku do lat 3";"2017";40;"-";"";
060610900000;"PODREGION BIALSKI";"miejsca w żłobkach i klubach dziecięcych na 1000 dzieci w wieku do lat 3";"2018";59;"-";"";
060610900000;"PODREGION BIALSKI";"miejsca w żłobkach i klubach dziecięcych na 1000 dzieci w wieku do lat 3";"2019";72;"-";"";
060610900000;"PODREGION BIALSKI";"miejsca w żłobkach i klubach dziecięcych na 1000 dzieci w wieku do lat 3";"2020";86;"-";"";
060610900000;"PODREGION BIALSKI";"miejsca w żłobkach i klubach dziecięcych na 1000 dzieci w wieku do lat 3";"2021";104;"-";"";
060611000000;"PODREGION CHEŁMSKO-ZAMOJSKI";"miejsca w żłobkach i klubach dziecięcych na 1000 dzieci w wieku do lat 3";"2012";;"-";"";
060611000000;"PODREGION CHEŁMSKO-ZAMOJSKI";"miejsca w żłobkach i klubach dziecięcych na 1000 dzieci w wieku do lat 3";"2013";;"-";"";
060611000000;"PODREGION CHEŁMSKO-ZAMOJSKI";"miejsca w żłobkach i klubach dziecięcych na 1000 dzieci w wieku do lat 3";"2014";33;"-";"";
060611000000;"PODREGION CHEŁMSKO-ZAMOJSKI";"miejsca w żłobkach i klubach dziecięcych na 1000 dzieci w wieku do lat 3";"2015";37;"-";"";
060611000000;"PODREGION CHEŁMSKO-ZAMOJSKI";"miejsca w żłobkach i klubach dziecięcych na 1000 dzieci w wieku do lat 3";"2016";42;"-";"";
060611000000;"PODREGION CHEŁMSKO-ZAMOJSKI";"miejsca w żłobkach i klubach dziecięcych na 1000 dzieci w wieku do lat 3";"2017";44;"-";"";
060611000000;"PODREGION CHEŁMSKO-ZAMOJSKI";"miejsca w żłobkach i klubach dziecięcych na 1000 dzieci w wieku do lat 3";"2018";57;"-";"";
060611000000;"PODREGION CHEŁMSKO-ZAMOJSKI";"miejsca w żłobkach i klubach dziecięcych na 1000 dzieci w wieku do lat 3";"2019";63;"-";"";
060611000000;"PODREGION CHEŁMSKO-ZAMOJSKI";"miejsca w żłobkach i klubach dziecięcych na 1000 dzieci w wieku do lat 3";"2020";77;"-";"";
060611000000;"PODREGION CHEŁMSKO-ZAMOJSKI";"miejsca w żłobkach i klubach dziecięcych na 1000 dzieci w wieku do lat 3";"2021";91;"-";"";
060611100000;"PODREGION LUBELSKI";"miejsca w żłobkach i klubach dziecięcych na 1000 dzieci w wieku do lat 3";"2012";;"-";"";
060611100000;"PODREGION LUBELSKI";"miejsca w żłobkach i klubach dziecięcych na 1000 dzieci w wieku do lat 3";"2013";;"-";"";
060611100000;"PODREGION LUBELSKI";"miejsca w żłobkach i klubach dziecięcych na 1000 dzieci w wieku do lat 3";"2014";70;"-";"";
060611100000;"PODREGION LUBELSKI";"miejsca w żłobkach i klubach dziecięcych na 1000 dzieci w wieku do lat 3";"2015";74;"-";"";
060611100000;"PODREGION LUBELSKI";"miejsca w żłobkach i klubach dziecięcych na 1000 dzieci w wieku do lat 3";"2016";89;"-";"";
060611100000;"PODREGION LUBELSKI";"miejsca w żłobkach i klubach dziecięcych na 1000 dzieci w wieku do lat 3";"2017";99;"-";"";
060611100000;"PODREGION LUBELSKI";"miejsca w żłobkach i klubach dziecięcych na 1000 dzieci w wieku do lat 3";"2018";123;"-";"";
060611100000;"PODREGION LUBELSKI";"miejsca w żłobkach i klubach dziecięcych na 1000 dzieci w wieku do lat 3";"2019";153;"-";"";
060611100000;"PODREGION LUBELSKI";"miejsca w żłobkach i klubach dziecięcych na 1000 dzieci w wieku do lat 3";"2020";182;"-";"";
060611100000;"PODREGION LUBELSKI";"miejsca w żłobkach i klubach dziecięcych na 1000 dzieci w wieku do lat 3";"2021";232;"-";"";
060611200000;"PODREGION PUŁAWSKI";"miejsca w żłobkach i klubach dziecięcych na 1000 dzieci w wieku do lat 3";"2012";;"-";"";
060611200000;"PODREGION PUŁAWSKI";"miejsca w żłobkach i klubach dziecięcych na 1000 dzieci w wieku do lat 3";"2013";;"-";"";
060611200000;"PODREGION PUŁAWSKI";"miejsca w żłobkach i klubach dziecięcych na 1000 dzieci w wieku do lat 3";"2014";33;"-";"";
060611200000;"PODREGION PUŁAWSKI";"miejsca w żłobkach i klubach dziecięcych na 1000 dzieci w wieku do lat 3";"2015";36;"-";"";
060611200000;"PODREGION PUŁAWSKI";"miejsca w żłobkach i klubach dziecięcych na 1000 dzieci w wieku do lat 3";"2016";39;"-";"";
060611200000;"PODREGION PUŁAWSKI";"miejsca w żłobkach i klubach dziecięcych na 1000 dzieci w wieku do lat 3";"2017";50;"-";"";
060611200000;"PODREGION PUŁAWSKI";"miejsca w żłobkach i klubach dziecięcych na 1000 dzieci w wieku do lat 3";"2018";69;"-";"";
060611200000;"PODREGION PUŁAWSKI";"miejsca w żłobkach i klubach dziecięcych na 1000 dzieci w wieku do lat 3";"2019";71;"-";"";
060611200000;"PODREGION PUŁAWSKI";"miejsca w żłobkach i klubach dziecięcych na 1000 dzieci w wieku do lat 3";"2020";93;"-";"";
060611200000;"PODREGION PUŁAWSKI";"miejsca w żłobkach i klubach dziecięcych na 1000 dzieci w wieku do lat 3";"2021";133;"-";"";
061813300000;"PODREGION KROŚNIEŃSKI";"miejsca w żłobkach i klubach dziecięcych na 1000 dzieci w wieku do lat 3";"2012";;"-";"";
061813300000;"PODREGION KROŚNIEŃSKI";"miejsca w żłobkach i klubach dziecięcych na 1000 dzieci w wieku do lat 3";"2013";;"-";"";
061813300000;"PODREGION KROŚNIEŃSKI";"miejsca w żłobkach i klubach dziecięcych na 1000 dzieci w wieku do lat 3";"2014";30;"-";"";
061813300000;"PODREGION KROŚNIEŃSKI";"miejsca w żłobkach i klubach dziecięcych na 1000 dzieci w wieku do lat 3";"2015";34;"-";"";
061813300000;"PODREGION KROŚNIEŃSKI";"miejsca w żłobkach i klubach dziecięcych na 1000 dzieci w wieku do lat 3";"2016";37;"-";"";
061813300000;"PODREGION KROŚNIEŃSKI";"miejsca w żłobkach i klubach dziecięcych na 1000 dzieci w wieku do lat 3";"2017";48;"-";"";
061813300000;"PODREGION KROŚNIEŃSKI";"miejsca w żłobkach i klubach dziecięcych na 1000 dzieci w wieku do lat 3";"2018";63;"-";"";
061813300000;"PODREGION KROŚNIEŃSKI";"miejsca w żłobkach i klubach dziecięcych na 1000 dzieci w wieku do lat 3";"2019";76;"-";"";
061813300000;"PODREGION KROŚNIEŃSKI";"miejsca w żłobkach i klubach dziecięcych na 1000 dzieci w wieku do lat 3";"2020";87;"-";"";
061813300000;"PODREGION KROŚNIEŃSKI";"miejsca w żłobkach i klubach dziecięcych na 1000 dzieci w wieku do lat 3";"2021";103;"-";"";
061813400000;"PODREGION PRZEMYSKI";"miejsca w żłobkach i klubach dziecięcych na 1000 dzieci w wieku do lat 3";"2012";;"-";"";
061813400000;"PODREGION PRZEMYSKI";"miejsca w żłobkach i klubach dziecięcych na 1000 dzieci w wieku do lat 3";"2013";;"-";"";
061813400000;"PODREGION PRZEMYSKI";"miejsca w żłobkach i klubach dziecięcych na 1000 dzieci w wieku do lat 3";"2014";24;"-";"";
061813400000;"PODREGION PRZEMYSKI";"miejsca w żłobkach i klubach dziecięcych na 1000 dzieci w wieku do lat 3";"2015";32;"-";"";
061813400000;"PODREGION PRZEMYSKI";"miejsca w żłobkach i klubach dziecięcych na 1000 dzieci w wieku do lat 3";"2016";44;"-";"";
061813400000;"PODREGION PRZEMYSKI";"miejsca w żłobkach i klubach dziecięcych na 1000 dzieci w wieku do lat 3";"2017";61;"-";"";
061813400000;"PODREGION PRZEMYSKI";"miejsca w żłobkach i klubach dziecięcych na 1000 dzieci w wieku do lat 3";"2018";70;"-";"";
061813400000;"PODREGION PRZEMYSKI";"miejsca w żłobkach i klubach dziecięcych na 1000 dzieci w wieku do lat 3";"2019";70;"-";"";
061813400000;"PODREGION PRZEMYSKI";"miejsca w żłobkach i klubach dziecięcych na 1000 dzieci w wieku do lat 3";"2020";77;"-";"";
061813400000;"PODREGION PRZEMYSKI";"miejsca w żłobkach i klubach dziecięcych na 1000 dzieci w wieku do lat 3";"2021";93;"-";"";
061813500000;"PODREGION RZESZOWSKI";"miejsca w żłobkach i klubach dziecięcych na 1000 dzieci w wieku do lat 3";"2012";;"-";"";
061813500000;"PODREGION RZESZOWSKI";"miejsca w żłobkach i klubach dziecięcych na 1000 dzieci w wieku do lat 3";"2013";;"-";"";
061813500000;"PODREGION RZESZOWSKI";"miejsca w żłobkach i klubach dziecięcych na 1000 dzieci w wieku do lat 3";"2014";81;"-";"";
061813500000;"PODREGION RZESZOWSKI";"miejsca w żłobkach i klubach dziecięcych na 1000 dzieci w wieku do lat 3";"2015";96;"-";"";
061813500000;"PODREGION RZESZOWSKI";"miejsca w żłobkach i klubach dziecięcych na 1000 dzieci w wieku do lat 3";"2016";112;"-";"";
061813500000;"PODREGION RZESZOWSKI";"miejsca w żłobkach i klubach dziecięcych na 1000 dzieci w wieku do lat 3";"2017";125;"-";"";
061813500000;"PODREGION RZESZOWSKI";"miejsca w żłobkach i klubach dziecięcych na 1000 dzieci w wieku do lat 3";"2018";147;"-";"";
061813500000;"PODREGION RZESZOWSKI";"miejsca w żłobkach i klubach dziecięcych na 1000 dzieci w wieku do lat 3";"2019";179;"-";"";
061813500000;"PODREGION RZESZOWSKI";"miejsca w żłobkach i klubach dziecięcych na 1000 dzieci w wieku do lat 3";"2020";195;"-";"";
061813500000;"PODREGION RZESZOWSKI";"miejsca w żłobkach i klubach dziecięcych na 1000 dzieci w wieku do lat 3";"2021";223;"-";"";
061813600000;"PODREGION TARNOBRZESKI";"miejsca w żłobkach i klubach dziecięcych na 1000 dzieci w wieku do lat 3";"2012";;"-";"";
061813600000;"PODREGION TARNOBRZESKI";"miejsca w żłobkach i klubach dziecięcych na 1000 dzieci w wieku do lat 3";"2013";;"-";"";
061813600000;"PODREGION TARNOBRZESKI";"miejsca w żłobkach i klubach dziecięcych na 1000 dzieci w wieku do lat 3";"2014";54;"-";"";
061813600000;"PODREGION TARNOBRZESKI";"miejsca w żłobkach i klubach dziecięcych na 1000 dzieci w wieku do lat 3";"2015";59;"-";"";
061813600000;"PODREGION TARNOBRZESKI";"miejsca w żłobkach i klubach dziecięcych na 1000 dzieci w wieku do lat 3";"2016";63;"-";"";
061813600000;"PODREGION TARNOBRZESKI";"miejsca w żłobkach i klubach dziecięcych na 1000 dzieci w wieku do lat 3";"2017";71;"-";"";
061813600000;"PODREGION TARNOBRZESKI";"miejsca w żłobkach i klubach dziecięcych na 1000 dzieci w wieku do lat 3";"2018";106;"-";"";
061813600000;"PODREGION TARNOBRZESKI";"miejsca w żłobkach i klubach dziecięcych na 1000 dzieci w wieku do lat 3";"2019";122;"-";"";
061813600000;"PODREGION TARNOBRZESKI";"miejsca w żłobkach i klubach dziecięcych na 1000 dzieci w wieku do lat 3";"2020";131;"-";"";
061813600000;"PODREGION TARNOBRZESKI";"miejsca w żłobkach i klubach dziecięcych na 1000 dzieci w wieku do lat 3";"2021";152;"-";"";
062013700000;"PODREGION BIAŁOSTOCKI";"miejsca w żłobkach i klubach dziecięcych na 1000 dzieci w wieku do lat 3";"2012";;"-";"";
062013700000;"PODREGION BIAŁOSTOCKI";"miejsca w żłobkach i klubach dziecięcych na 1000 dzieci w wieku do lat 3";"2013";;"-";"";
062013700000;"PODREGION BIAŁOSTOCKI";"miejsca w żłobkach i klubach dziecięcych na 1000 dzieci w wieku do lat 3";"2014";100;"-";"";
062013700000;"PODREGION BIAŁOSTOCKI";"miejsca w żłobkach i klubach dziecięcych na 1000 dzieci w wieku do lat 3";"2015";116;"-";"";
062013700000;"PODREGION BIAŁOSTOCKI";"miejsca w żłobkach i klubach dziecięcych na 1000 dzieci w wieku do lat 3";"2016";126;"-";"";
062013700000;"PODREGION BIAŁOSTOCKI";"miejsca w żłobkach i klubach dziecięcych na 1000 dzieci w wieku do lat 3";"2017";120;"-";"";
062013700000;"PODREGION BIAŁOSTOCKI";"miejsca w żłobkach i klubach dziecięcych na 1000 dzieci w wieku do lat 3";"2018";157;"-";"";
062013700000;"PODREGION BIAŁOSTOCKI";"miejsca w żłobkach i klubach dziecięcych na 1000 dzieci w wieku do lat 3";"2019";181;"-";"";
062013700000;"PODREGION BIAŁOSTOCKI";"miejsca w żłobkach i klubach dziecięcych na 1000 dzieci w wieku do lat 3";"2020";196;"-";"";
062013700000;"PODREGION BIAŁOSTOCKI";"miejsca w żłobkach i klubach dziecięcych na 1000 dzieci w wieku do lat 3";"2021";231;"-";"";
062013800000;"PODREGION ŁOMŻYŃSKI";"miejsca w żłobkach i klubach dziecięcych na 1000 dzieci w wieku do lat 3";"2012";;"-";"";
062013800000;"PODREGION ŁOMŻYŃSKI";"miejsca w żłobkach i klubach dziecięcych na 1000 dzieci w wieku do lat 3";"2013";;"-";"";
062013800000;"PODREGION ŁOMŻYŃSKI";"miejsca w żłobkach i klubach dziecięcych na 1000 dzieci w wieku do lat 3";"2014";32;"-";"";
062013800000;"PODREGION ŁOMŻYŃSKI";"miejsca w żłobkach i klubach dziecięcych na 1000 dzieci w wieku do lat 3";"2015";37;"-";"";
062013800000;"PODREGION ŁOMŻYŃSKI";"miejsca w żłobkach i klubach dziecięcych na 1000 dzieci w wieku do lat 3";"2016";40;"-";"";
062013800000;"PODREGION ŁOMŻYŃSKI";"miejsca w żłobkach i klubach dziecięcych na 1000 dzieci w wieku do lat 3";"2017";50;"-";"";
062013800000;"PODREGION ŁOMŻYŃSKI";"miejsca w żłobkach i klubach dziecięcych na 1000 dzieci w wieku do lat 3";"2018";65;"-";"";
062013800000;"PODREGION ŁOMŻYŃSKI";"miejsca w żłobkach i klubach dziecięcych na 1000 dzieci w wieku do lat 3";"2019";71;"-";"";
062013800000;"PODREGION ŁOMŻYŃSKI";"miejsca w żłobkach i klubach dziecięcych na 1000 dzieci w wieku do lat 3";"2020";78;"-";"";
062013800000;"PODREGION ŁOMŻYŃSKI";"miejsca w żłobkach i klubach dziecięcych na 1000 dzieci w wieku do lat 3";"2021";103;"-";"";
062013900000;"PODREGION SUWALSKI";"miejsca w żłobkach i klubach dziecięcych na 1000 dzieci w wieku do lat 3";"2012";;"-";"";
062013900000;"PODREGION SUWALSKI";"miejsca w żłobkach i klubach dziecięcych na 1000 dzieci w wieku do lat 3";"2013";;"-";"";
062013900000;"PODREGION SUWALSKI";"miejsca w żłobkach i klubach dziecięcych na 1000 dzieci w wieku do lat 3";"2014";40;"-";"";
062013900000;"PODREGION SUWALSKI";"miejsca w żłobkach i klubach dziecięcych na 1000 dzieci w wieku do lat 3";"2015";48;"-";"";
062013900000;"PODREGION SUWALSKI";"miejsca w żłobkach i klubach dziecięcych na 1000 dzieci w wieku do lat 3";"2016";70;"-";"";
062013900000;"PODREGION SUWALSKI";"miejsca w żłobkach i klubach dziecięcych na 1000 dzieci w wieku do lat 3";"2017";68;"-";"";
062013900000;"PODREGION SUWALSKI";"miejsca w żłobkach i klubach dziecięcych na 1000 dzieci w wieku do lat 3";"2018";92;"-";"";
062013900000;"PODREGION SUWALSKI";"miejsca w żłobkach i klubach dziecięcych na 1000 dzieci w wieku do lat 3";"2019";112;"-";"";
062013900000;"PODREGION SUWALSKI";"miejsca w żłobkach i klubach dziecięcych na 1000 dzieci w wieku do lat 3";"2020";148;"-";"";
062013900000;"PODREGION SUWALSKI";"miejsca w żłobkach i klubach dziecięcych na 1000 dzieci w wieku do lat 3";"2021";168;"-";"";
071412800000;"PODREGION MIASTO WARSZAWA";"miejsca w żłobkach i klubach dziecięcych na 1000 dzieci w wieku do lat 3";"2012";;"-";"";
071412800000;"PODREGION MIASTO WARSZAWA";"miejsca w żłobkach i klubach dziecięcych na 1000 dzieci w wieku do lat 3";"2013";;"-";"";
071412800000;"PODREGION MIASTO WARSZAWA";"miejsca w żłobkach i klubach dziecięcych na 1000 dzieci w wieku do lat 3";"2014";144;"-";"";
071412800000;"PODREGION MIASTO WARSZAWA";"miejsca w żłobkach i klubach dziecięcych na 1000 dzieci w wieku do lat 3";"2015";157;"-";"";
071412800000;"PODREGION MIASTO WARSZAWA";"miejsca w żłobkach i klubach dziecięcych na 1000 dzieci w wieku do lat 3";"2016";162;"-";"";
071412800000;"PODREGION MIASTO WARSZAWA";"miejsca w żłobkach i klubach dziecięcych na 1000 dzieci w wieku do lat 3";"2017";184;"-";"";
071412800000;"PODREGION MIASTO WARSZAWA";"miejsca w żłobkach i klubach dziecięcych na 1000 dzieci w wieku do lat 3";"2018";210;"-";"";
071412800000;"PODREGION MIASTO WARSZAWA";"miejsca w żłobkach i klubach dziecięcych na 1000 dzieci w wieku do lat 3";"2019";249;"-";"";
071412800000;"PODREGION MIASTO WARSZAWA";"miejsca w żłobkach i klubach dziecięcych na 1000 dzieci w wieku do lat 3";"2020";274;"-";"";
071412800000;"PODREGION MIASTO WARSZAWA";"miejsca w żłobkach i klubach dziecięcych na 1000 dzieci w wieku do lat 3";"2021";302;"-";"";
071412900000;"PODREGION WARSZAWSKI WSCHODNI";"miejsca w żłobkach i klubach dziecięcych na 1000 dzieci w wieku do lat 3";"2012";;"-";"";
071412900000;"PODREGION WARSZAWSKI WSCHODNI";"miejsca w żłobkach i klubach dziecięcych na 1000 dzieci w wieku do lat 3";"2013";;"-";"";
071412900000;"PODREGION WARSZAWSKI WSCHODNI";"miejsca w żłobkach i klubach dziecięcych na 1000 dzieci w wieku do lat 3";"2014";41;"-";"";
071412900000;"PODREGION WARSZAWSKI WSCHODNI";"miejsca w żłobkach i klubach dziecięcych na 1000 dzieci w wieku do lat 3";"2015";52;"-";"";
071412900000;"PODREGION WARSZAWSKI WSCHODNI";"miejsca w żłobkach i klubach dziecięcych na 1000 dzieci w wieku do lat 3";"2016";68;"-";"";
071412900000;"PODREGION WARSZAWSKI WSCHODNI";"miejsca w żłobkach i klubach dziecięcych na 1000 dzieci w wieku do lat 3";"2017";81;"-";"";
071412900000;"PODREGION WARSZAWSKI WSCHODNI";"miejsca w żłobkach i klubach dziecięcych na 1000 dzieci w wieku do lat 3";"2018";115;"-";"";
071412900000;"PODREGION WARSZAWSKI WSCHODNI";"miejsca w żłobkach i klubach dziecięcych na 1000 dzieci w wieku do lat 3";"2019";136;"-";"";
071412900000;"PODREGION WARSZAWSKI WSCHODNI";"miejsca w żłobkach i klubach dziecięcych na 1000 dzieci w wieku do lat 3";"2020";149;"-";"";
071412900000;"PODREGION WARSZAWSKI WSCHODNI";"miejsca w żłobkach i klubach dziecięcych na 1000 dzieci w wieku do lat 3";"2021";168;"-";"";
071413000000;"PODREGION WARSZAWSKI ZACHODNI";"miejsca w żłobkach i klubach dziecięcych na 1000 dzieci w wieku do lat 3";"2012";;"-";"";
071413000000;"PODREGION WARSZAWSKI ZACHODNI";"miejsca w żłobkach i klubach dziecięcych na 1000 dzieci w wieku do lat 3";"2013";;"-";"";
071413000000;"PODREGION WARSZAWSKI ZACHODNI";"miejsca w żłobkach i klubach dziecięcych na 1000 dzieci w wieku do lat 3";"2014";79;"-";"";
071413000000;"PODREGION WARSZAWSKI ZACHODNI";"miejsca w żłobkach i klubach dziecięcych na 1000 dzieci w wieku do lat 3";"2015";93;"-";"";
071413000000;"PODREGION WARSZAWSKI ZACHODNI";"miejsca w żłobkach i klubach dziecięcych na 1000 dzieci w wieku do lat 3";"2016";98;"-";"";
071413000000;"PODREGION WARSZAWSKI ZACHODNI";"miejsca w żłobkach i klubach dziecięcych na 1000 dzieci w wieku do lat 3";"2017";105;"-";"";
071413000000;"PODREGION WARSZAWSKI ZACHODNI";"miejsca w żłobkach i klubach dziecięcych na 1000 dzieci w wieku do lat 3";"2018";131;"-";"";
071413000000;"PODREGION WARSZAWSKI ZACHODNI";"miejsca w żłobkach i klubach dziecięcych na 1000 dzieci w wieku do lat 3";"2019";141;"-";"";
071413000000;"PODREGION WARSZAWSKI ZACHODNI";"miejsca w żłobkach i klubach dziecięcych na 1000 dzieci w wieku do lat 3";"2020";155;"-";"";
071413000000;"PODREGION WARSZAWSKI ZACHODNI";"miejsca w żłobkach i klubach dziecięcych na 1000 dzieci w wieku do lat 3";"2021";187;"-";"";
071422500000;"PODREGION CIECHANOWSKI";"miejsca w żłobkach i klubach dziecięcych na 1000 dzieci w wieku do lat 3";"2012";;"-";"";
071422500000;"PODREGION CIECHANOWSKI";"miejsca w żłobkach i klubach dziecięcych na 1000 dzieci w wieku do lat 3";"2013";;"-";"";
071422500000;"PODREGION CIECHANOWSKI";"miejsca w żłobkach i klubach dziecięcych na 1000 dzieci w wieku do lat 3";"2014";16;"-";"";
071422500000;"PODREGION CIECHANOWSKI";"miejsca w żłobkach i klubach dziecięcych na 1000 dzieci w wieku do lat 3";"2015";17;"-";"";
071422500000;"PODREGION CIECHANOWSKI";"miejsca w żłobkach i klubach dziecięcych na 1000 dzieci w wieku do lat 3";"2016";29;"-";"";
071422500000;"PODREGION CIECHANOWSKI";"miejsca w żłobkach i klubach dziecięcych na 1000 dzieci w wieku do lat 3";"2017";30;"-";"";
071422500000;"PODREGION CIECHANOWSKI";"miejsca w żłobkach i klubach dziecięcych na 1000 dzieci w wieku do lat 3";"2018";40;"-";"";
071422500000;"PODREGION CIECHANOWSKI";"miejsca w żłobkach i klubach dziecięcych na 1000 dzieci w wieku do lat 3";"2019";58;"-";"";
071422500000;"PODREGION CIECHANOWSKI";"miejsca w żłobkach i klubach dziecięcych na 1000 dzieci w wieku do lat 3";"2020";60;"-";"";
071422500000;"PODREGION CIECHANOWSKI";"miejsca w żłobkach i klubach dziecięcych na 1000 dzieci w wieku do lat 3";"2021";67;"-";"";
071422600000;"PODREGION OSTROŁĘCKI";"miejsca w żłobkach i klubach dziecięcych na 1000 dzieci w wieku do lat 3";"2012";;"-";"";
071422600000;"PODREGION OSTROŁĘCKI";"miejsca w żłobkach i klubach dziecięcych na 1000 dzieci w wieku do lat 3";"2013";;"-";"";
071422600000;"PODREGION OSTROŁĘCKI";"miejsca w żłobkach i klubach dziecięcych na 1000 dzieci w wieku do lat 3";"2014";20;"-";"";
071422600000;"PODREGION OSTROŁĘCKI";"miejsca w żłobkach i klubach dziecięcych na 1000 dzieci w wieku do lat 3";"2015";29;"-";"";
071422600000;"PODREGION OSTROŁĘCKI";"miejsca w żłobkach i klubach dziecięcych na 1000 dzieci w wieku do lat 3";"2016";36;"-";"";
071422600000;"PODREGION OSTROŁĘCKI";"miejsca w żłobkach i klubach dziecięcych na 1000 dzieci w wieku do lat 3";"2017";34;"-";"";
071422600000;"PODREGION OSTROŁĘCKI";"miejsca w żłobkach i klubach dziecięcych na 1000 dzieci w wieku do lat 3";"2018";43;"-";"";
071422600000;"PODREGION OSTROŁĘCKI";"miejsca w żłobkach i klubach dziecięcych na 1000 dzieci w wieku do lat 3";"2019";51;"-";"";
071422600000;"PODREGION OSTROŁĘCKI";"miejsca w żłobkach i klubach dziecięcych na 1000 dzieci w wieku do lat 3";"2020";59;"-";"";
071422600000;"PODREGION OSTROŁĘCKI";"miejsca w żłobkach i klubach dziecięcych na 1000 dzieci w wieku do lat 3";"2021";81;"-";"";
071422700000;"PODREGION RADOMSKI";"miejsca w żłobkach i klubach dziecięcych na 1000 dzieci w wieku do lat 3";"2012";;"-";"";
071422700000;"PODREGION RADOMSKI";"miejsca w żłobkach i klubach dziecięcych na 1000 dzieci w wieku do lat 3";"2013";;"-";"";
071422700000;"PODREGION RADOMSKI";"miejsca w żłobkach i klubach dziecięcych na 1000 dzieci w wieku do lat 3";"2014";30;"-";"";
071422700000;"PODREGION RADOMSKI";"miejsca w żłobkach i klubach dziecięcych na 1000 dzieci w wieku do lat 3";"2015";30;"-";"";
071422700000;"PODREGION RADOMSKI";"miejsca w żłobkach i klubach dziecięcych na 1000 dzieci w wieku do lat 3";"2016";32;"-";"";
071422700000;"PODREGION RADOMSKI";"miejsca w żłobkach i klubach dziecięcych na 1000 dzieci w wieku do lat 3";"2017";34;"-";"";
071422700000;"PODREGION RADOMSKI";"miejsca w żłobkach i klubach dziecięcych na 1000 dzieci w wieku do lat 3";"2018";54;"-";"";
071422700000;"PODREGION RADOMSKI";"miejsca w żłobkach i klubach dziecięcych na 1000 dzieci w wieku do lat 3";"2019";65;"-";"";
071422700000;"PODREGION RADOMSKI";"miejsca w żłobkach i klubach dziecięcych na 1000 dzieci w wieku do lat 3";"2020";67;"-";"";
071422700000;"PODREGION RADOMSKI";"miejsca w żłobkach i klubach dziecięcych na 1000 dzieci w wieku do lat 3";"2021";85;"-";"";
071427000000;"PODREGION PŁOCKI";"miejsca w żłobkach i klubach dziecięcych na 1000 dzieci w wieku do lat 3";"2012";;"-";"";
071427000000;"PODREGION PŁOCKI";"miejsca w żłobkach i klubach dziecięcych na 1000 dzieci w wieku do lat 3";"2013";;"-";"";
071427000000;"PODREGION PŁOCKI";"miejsca w żłobkach i klubach dziecięcych na 1000 dzieci w wieku do lat 3";"2014";43;"-";"";
071427000000;"PODREGION PŁOCKI";"miejsca w żłobkach i klubach dziecięcych na 1000 dzieci w wieku do lat 3";"2015";57;"-";"";
071427000000;"PODREGION PŁOCKI";"miejsca w żłobkach i klubach dziecięcych na 1000 dzieci w wieku do lat 3";"2016";62;"-";"";
071427000000;"PODREGION PŁOCKI";"miejsca w żłobkach i klubach dziecięcych na 1000 dzieci w wieku do lat 3";"2017";65;"-";"";
071427000000;"PODREGION PŁOCKI";"miejsca w żłobkach i klubach dziecięcych na 1000 dzieci w wieku do lat 3";"2018";84;"-";"";
071427000000;"PODREGION PŁOCKI";"miejsca w żłobkach i klubach dziecięcych na 1000 dzieci w wieku do lat 3";"2019";98;"-";"";
071427000000;"PODREGION PŁOCKI";"miejsca w żłobkach i klubach dziecięcych na 1000 dzieci w wieku do lat 3";"2020";113;"-";"";
071427000000;"PODREGION PŁOCKI";"miejsca w żłobkach i klubach dziecięcych na 1000 dzieci w wieku do lat 3";"2021";131;"-";"";
071427100000;"PODREGION SIEDLECKI";"miejsca w żłobkach i klubach dziecięcych na 1000 dzieci w wieku do lat 3";"2012";;"-";"";
071427100000;"PODREGION SIEDLECKI";"miejsca w żłobkach i klubach dziecięcych na 1000 dzieci w wieku do lat 3";"2013";;"-";"";
071427100000;"PODREGION SIEDLECKI";"miejsca w żłobkach i klubach dziecięcych na 1000 dzieci w wieku do lat 3";"2014";24;"-";"";
071427100000;"PODREGION SIEDLECKI";"miejsca w żłobkach i klubach dziecięcych na 1000 dzieci w wieku do lat 3";"2015";33;"-";"";
071427100000;"PODREGION SIEDLECKI";"miejsca w żłobkach i klubach dziecięcych na 1000 dzieci w wieku do lat 3";"2016";38;"-";"";
071427100000;"PODREGION SIEDLECKI";"miejsca w żłobkach i klubach dziecięcych na 1000 dzieci w wieku do lat 3";"2017";40;"-";"";
071427100000;"PODREGION SIEDLECKI";"miejsca w żłobkach i klubach dziecięcych na 1000 dzieci w wieku do lat 3";"2018";71;"-";"";
071427100000;"PODREGION SIEDLECKI";"miejsca w żłobkach i klubach dziecięcych na 1000 dzieci w wieku do lat 3";"2019";96;"-";"";
071427100000;"PODREGION SIEDLECKI";"miejsca w żłobkach i klubach dziecięcych na 1000 dzieci w wieku do lat 3";"2020";107;"-";"";
071427100000;"PODREGION SIEDLECKI";"miejsca w żłobkach i klubach dziecięcych na 1000 dzieci w wieku do lat 3";"2021";120;"-";"";
071427300000;"PODREGION ŻYRARDOWSKI";"miejsca w żłobkach i klubach dziecięcych na 1000 dzieci w wieku do lat 3";"2012";;"-";"";
071427300000;"PODREGION ŻYRARDOWSKI";"miejsca w żłobkach i klubach dziecięcych na 1000 dzieci w wieku do lat 3";"2013";;"-";"";
071427300000;"PODREGION ŻYRARDOWSKI";"miejsca w żłobkach i klubach dziecięcych na 1000 dzieci w wieku do lat 3";"2014";27;"-";"";
071427300000;"PODREGION ŻYRARDOWSKI";"miejsca w żłobkach i klubach dziecięcych na 1000 dzieci w wieku do lat 3";"2015";28;"-";"";
071427300000;"PODREGION ŻYRARDOWSKI";"miejsca w żłobkach i klubach dziecięcych na 1000 dzieci w wieku do lat 3";"2016";33;"-";"";
071427300000;"PODREGION ŻYRARDOWSKI";"miejsca w żłobkach i klubach dziecięcych na 1000 dzieci w wieku do lat 3";"2017";47;"-";"";
071427300000;"PODREGION ŻYRARDOWSKI";"miejsca w żłobkach i klubach dziecięcych na 1000 dzieci w wieku do lat 3";"2018";60;"-";"";
071427300000;"PODREGION ŻYRARDOWSKI";"miejsca w żłobkach i klubach dziecięcych na 1000 dzieci w wieku do lat 3";"2019";82;"-";"";
071427300000;"PODREGION ŻYRARDOWSKI";"miejsca w żłobkach i klubach dziecięcych na 1000 dzieci w wieku do lat 3";"2020";88;"-";"";
071427300000;"PODREGION ŻYRARDOWSKI";"miejsca w żłobkach i klubach dziecięcych na 1000 dzieci w wieku do lat 3";"2021";115;"-";"";
