"Kod";"Nazwa";"Kwoty świadczeń";"Rok";"Wartosc";"Jednostka miary";"Atrybut";
011212000000;"PODREGION KRAKOWSKI";"kwota świadczeń rodzinnych";"2008";144539;"tys. zł";"";
011212000000;"PODREGION KRAKOWSKI";"kwota świadczeń rodzinnych";"2009";138497;"tys. zł";"";
011212000000;"PODREGION KRAKOWSKI";"kwota świadczeń rodzinnych";"2010";152075;"tys. zł";"";
011212000000;"PODREGION KRAKOWSKI";"kwota świadczeń rodzinnych";"2011";150315;"tys. zł";"";
011212000000;"PODREGION KRAKOWSKI";"kwota świadczeń rodzinnych";"2012";146853;"tys. zł";"";
011212000000;"PODREGION KRAKOWSKI";"kwota świadczeń rodzinnych";"2013";139101;"tys. zł";"";
011212000000;"PODREGION KRAKOWSKI";"kwota świadczeń rodzinnych";"2014";126463;"tys. zł";"";
011212000000;"PODREGION KRAKOWSKI";"kwota świadczeń rodzinnych";"2015";134281;"tys. zł";"";
011212000000;"PODREGION KRAKOWSKI";"kwota świadczeń rodzinnych";"2016";166160;"tys. zł";"";
011212000000;"PODREGION KRAKOWSKI";"kwota świadczeń rodzinnych";"2017";176185;"tys. zł";"";
011212000000;"PODREGION KRAKOWSKI";"kwota świadczeń rodzinnych";"2018";179256;"tys. zł";"";
011212000000;"PODREGION KRAKOWSKI";"kwota świadczeń rodzinnych";"2019";179345;"tys. zł";"";
011212000000;"PODREGION KRAKOWSKI";"kwota świadczeń rodzinnych";"2020";180536;"tys. zł";"";
011212000000;"PODREGION KRAKOWSKI";"kwota świadczeń rodzinnych";"2021";179639;"tys. zł";"";
011212100000;"PODREGION MIASTO KRAKÓW";"kwota świadczeń rodzinnych";"2008";82295;"tys. zł";"";
011212100000;"PODREGION MIASTO KRAKÓW";"kwota świadczeń rodzinnych";"2009";80338;"tys. zł";"";
011212100000;"PODREGION MIASTO KRAKÓW";"kwota świadczeń rodzinnych";"2010";86876;"tys. zł";"";
011212100000;"PODREGION MIASTO KRAKÓW";"kwota świadczeń rodzinnych";"2011";81099;"tys. zł";"";
011212100000;"PODREGION MIASTO KRAKÓW";"kwota świadczeń rodzinnych";"2012";80669;"tys. zł";"";
011212100000;"PODREGION MIASTO KRAKÓW";"kwota świadczeń rodzinnych";"2013";71774;"tys. zł";"";
011212100000;"PODREGION MIASTO KRAKÓW";"kwota świadczeń rodzinnych";"2014";65562;"tys. zł";"";
011212100000;"PODREGION MIASTO KRAKÓW";"kwota świadczeń rodzinnych";"2015";70365;"tys. zł";"";
011212100000;"PODREGION MIASTO KRAKÓW";"kwota świadczeń rodzinnych";"2016";89683;"tys. zł";"";
011212100000;"PODREGION MIASTO KRAKÓW";"kwota świadczeń rodzinnych";"2017";95930;"tys. zł";"";
011212100000;"PODREGION MIASTO KRAKÓW";"kwota świadczeń rodzinnych";"2018";98884;"tys. zł";"";
011212100000;"PODREGION MIASTO KRAKÓW";"kwota świadczeń rodzinnych";"2019";103949;"tys. zł";"";
011212100000;"PODREGION MIASTO KRAKÓW";"kwota świadczeń rodzinnych";"2020";109920;"tys. zł";"";
011212100000;"PODREGION MIASTO KRAKÓW";"kwota świadczeń rodzinnych";"2021";105430;"tys. zł";"";
011212200000;"PODREGION NOWOSĄDECKI";"kwota świadczeń rodzinnych";"2008";163107;"tys. zł";"";
011212200000;"PODREGION NOWOSĄDECKI";"kwota świadczeń rodzinnych";"2009";160596;"tys. zł";"";
011212200000;"PODREGION NOWOSĄDECKI";"kwota świadczeń rodzinnych";"2010";189597;"tys. zł";"";
011212200000;"PODREGION NOWOSĄDECKI";"kwota świadczeń rodzinnych";"2011";193405;"tys. zł";"";
011212200000;"PODREGION NOWOSĄDECKI";"kwota świadczeń rodzinnych";"2012";189682;"tys. zł";"";
011212200000;"PODREGION NOWOSĄDECKI";"kwota świadczeń rodzinnych";"2013";174343;"tys. zł";"";
011212200000;"PODREGION NOWOSĄDECKI";"kwota świadczeń rodzinnych";"2014";153382;"tys. zł";"";
011212200000;"PODREGION NOWOSĄDECKI";"kwota świadczeń rodzinnych";"2015";162098;"tys. zł";"";
011212200000;"PODREGION NOWOSĄDECKI";"kwota świadczeń rodzinnych";"2016";195978;"tys. zł";"";
011212200000;"PODREGION NOWOSĄDECKI";"kwota świadczeń rodzinnych";"2017";204417;"tys. zł";"";
011212200000;"PODREGION NOWOSĄDECKI";"kwota świadczeń rodzinnych";"2018";208600;"tys. zł";"";
011212200000;"PODREGION NOWOSĄDECKI";"kwota świadczeń rodzinnych";"2019";211543;"tys. zł";"";
011212200000;"PODREGION NOWOSĄDECKI";"kwota świadczeń rodzinnych";"2020";210481;"tys. zł";"";
011212200000;"PODREGION NOWOSĄDECKI";"kwota świadczeń rodzinnych";"2021";208888;"tys. zł";"";
011212300000;"PODREGION OŚWIĘCIMSKI";"kwota świadczeń rodzinnych";"2008";89765;"tys. zł";"";
011212300000;"PODREGION OŚWIĘCIMSKI";"kwota świadczeń rodzinnych";"2009";85411;"tys. zł";"";
011212300000;"PODREGION OŚWIĘCIMSKI";"kwota świadczeń rodzinnych";"2010";92758;"tys. zł";"";
011212300000;"PODREGION OŚWIĘCIMSKI";"kwota świadczeń rodzinnych";"2011";90722;"tys. zł";"";
011212300000;"PODREGION OŚWIĘCIMSKI";"kwota świadczeń rodzinnych";"2012";88854;"tys. zł";"";
011212300000;"PODREGION OŚWIĘCIMSKI";"kwota świadczeń rodzinnych";"2013";86150;"tys. zł";"";
011212300000;"PODREGION OŚWIĘCIMSKI";"kwota świadczeń rodzinnych";"2014";79815;"tys. zł";"";
011212300000;"PODREGION OŚWIĘCIMSKI";"kwota świadczeń rodzinnych";"2015";86393;"tys. zł";"";
011212300000;"PODREGION OŚWIĘCIMSKI";"kwota świadczeń rodzinnych";"2016";112842;"tys. zł";"";
011212300000;"PODREGION OŚWIĘCIMSKI";"kwota świadczeń rodzinnych";"2017";121076;"tys. zł";"";
011212300000;"PODREGION OŚWIĘCIMSKI";"kwota świadczeń rodzinnych";"2018";123482;"tys. zł";"";
011212300000;"PODREGION OŚWIĘCIMSKI";"kwota świadczeń rodzinnych";"2019";127740;"tys. zł";"";
011212300000;"PODREGION OŚWIĘCIMSKI";"kwota świadczeń rodzinnych";"2020";129530;"tys. zł";"";
011212300000;"PODREGION OŚWIĘCIMSKI";"kwota świadczeń rodzinnych";"2021";130895;"tys. zł";"";
011212400000;"PODREGION TARNOWSKI";"kwota świadczeń rodzinnych";"2008";109626;"tys. zł";"";
011212400000;"PODREGION TARNOWSKI";"kwota świadczeń rodzinnych";"2009";105833;"tys. zł";"";
011212400000;"PODREGION TARNOWSKI";"kwota świadczeń rodzinnych";"2010";118721;"tys. zł";"";
011212400000;"PODREGION TARNOWSKI";"kwota świadczeń rodzinnych";"2011";119090;"tys. zł";"";
011212400000;"PODREGION TARNOWSKI";"kwota świadczeń rodzinnych";"2012";115554;"tys. zł";"";
011212400000;"PODREGION TARNOWSKI";"kwota świadczeń rodzinnych";"2013";107125;"tys. zł";"";
011212400000;"PODREGION TARNOWSKI";"kwota świadczeń rodzinnych";"2014";95237;"tys. zł";"";
011212400000;"PODREGION TARNOWSKI";"kwota świadczeń rodzinnych";"2015";101356;"tys. zł";"";
011212400000;"PODREGION TARNOWSKI";"kwota świadczeń rodzinnych";"2016";124898;"tys. zł";"";
011212400000;"PODREGION TARNOWSKI";"kwota świadczeń rodzinnych";"2017";131064;"tys. zł";"";
011212400000;"PODREGION TARNOWSKI";"kwota świadczeń rodzinnych";"2018";134631;"tys. zł";"";
011212400000;"PODREGION TARNOWSKI";"kwota świadczeń rodzinnych";"2019";137765;"tys. zł";"";
011212400000;"PODREGION TARNOWSKI";"kwota świadczeń rodzinnych";"2020";138273;"tys. zł";"";
011212400000;"PODREGION TARNOWSKI";"kwota świadczeń rodzinnych";"2021";137251;"tys. zł";"";
011216900000;"PODREGION NOWOTARSKI";"kwota świadczeń rodzinnych";"2008";91302;"tys. zł";"";
011216900000;"PODREGION NOWOTARSKI";"kwota świadczeń rodzinnych";"2009";91329;"tys. zł";"";
011216900000;"PODREGION NOWOTARSKI";"kwota świadczeń rodzinnych";"2010";102602;"tys. zł";"";
011216900000;"PODREGION NOWOTARSKI";"kwota świadczeń rodzinnych";"2011";100728;"tys. zł";"";
011216900000;"PODREGION NOWOTARSKI";"kwota świadczeń rodzinnych";"2012";97678;"tys. zł";"";
011216900000;"PODREGION NOWOTARSKI";"kwota świadczeń rodzinnych";"2013";94795;"tys. zł";"";
011216900000;"PODREGION NOWOTARSKI";"kwota świadczeń rodzinnych";"2014";87125;"tys. zł";"";
011216900000;"PODREGION NOWOTARSKI";"kwota świadczeń rodzinnych";"2015";91757;"tys. zł";"";
011216900000;"PODREGION NOWOTARSKI";"kwota świadczeń rodzinnych";"2016";109621;"tys. zł";"";
011216900000;"PODREGION NOWOTARSKI";"kwota świadczeń rodzinnych";"2017";115220;"tys. zł";"";
011216900000;"PODREGION NOWOTARSKI";"kwota świadczeń rodzinnych";"2018";116763;"tys. zł";"";
011216900000;"PODREGION NOWOTARSKI";"kwota świadczeń rodzinnych";"2019";119138;"tys. zł";"";
011216900000;"PODREGION NOWOTARSKI";"kwota świadczeń rodzinnych";"2020";118925;"tys. zł";"";
011216900000;"PODREGION NOWOTARSKI";"kwota świadczeń rodzinnych";"2021";118580;"tys. zł";"";
012414400000;"PODREGION BIELSKI";"kwota świadczeń rodzinnych";"2008";103893;"tys. zł";"";
012414400000;"PODREGION BIELSKI";"kwota świadczeń rodzinnych";"2009";100887;"tys. zł";"";
012414400000;"PODREGION BIELSKI";"kwota świadczeń rodzinnych";"2010";109209;"tys. zł";"";
012414400000;"PODREGION BIELSKI";"kwota świadczeń rodzinnych";"2011";107552;"tys. zł";"";
012414400000;"PODREGION BIELSKI";"kwota świadczeń rodzinnych";"2012";104664;"tys. zł";"";
012414400000;"PODREGION BIELSKI";"kwota świadczeń rodzinnych";"2013";102491;"tys. zł";"";
012414400000;"PODREGION BIELSKI";"kwota świadczeń rodzinnych";"2014";95189;"tys. zł";"";
012414400000;"PODREGION BIELSKI";"kwota świadczeń rodzinnych";"2015";103208;"tys. zł";"";
012414400000;"PODREGION BIELSKI";"kwota świadczeń rodzinnych";"2016";131974;"tys. zł";"";
012414400000;"PODREGION BIELSKI";"kwota świadczeń rodzinnych";"2017";143553;"tys. zł";"";
012414400000;"PODREGION BIELSKI";"kwota świadczeń rodzinnych";"2018";147574;"tys. zł";"";
012414400000;"PODREGION BIELSKI";"kwota świadczeń rodzinnych";"2019";152782;"tys. zł";"";
012414400000;"PODREGION BIELSKI";"kwota świadczeń rodzinnych";"2020";159893;"tys. zł";"";
012414400000;"PODREGION BIELSKI";"kwota świadczeń rodzinnych";"2021";164699;"tys. zł";"";
012414500000;"PODREGION BYTOMSKI";"kwota świadczeń rodzinnych";"2008";68267;"tys. zł";"";
012414500000;"PODREGION BYTOMSKI";"kwota świadczeń rodzinnych";"2009";66137;"tys. zł";"";
012414500000;"PODREGION BYTOMSKI";"kwota świadczeń rodzinnych";"2010";72231;"tys. zł";"";
012414500000;"PODREGION BYTOMSKI";"kwota świadczeń rodzinnych";"2011";70871;"tys. zł";"";
012414500000;"PODREGION BYTOMSKI";"kwota świadczeń rodzinnych";"2012";69144;"tys. zł";"";
012414500000;"PODREGION BYTOMSKI";"kwota świadczeń rodzinnych";"2013";68686;"tys. zł";"";
012414500000;"PODREGION BYTOMSKI";"kwota świadczeń rodzinnych";"2014";66988;"tys. zł";"";
012414500000;"PODREGION BYTOMSKI";"kwota świadczeń rodzinnych";"2015";74406;"tys. zł";"";
012414500000;"PODREGION BYTOMSKI";"kwota świadczeń rodzinnych";"2016";97457;"tys. zł";"";
012414500000;"PODREGION BYTOMSKI";"kwota świadczeń rodzinnych";"2017";106228;"tys. zł";"";
012414500000;"PODREGION BYTOMSKI";"kwota świadczeń rodzinnych";"2018";108370;"tys. zł";"";
012414500000;"PODREGION BYTOMSKI";"kwota świadczeń rodzinnych";"2019";113053;"tys. zł";"";
012414500000;"PODREGION BYTOMSKI";"kwota świadczeń rodzinnych";"2020";117605;"tys. zł";"";
012414500000;"PODREGION BYTOMSKI";"kwota świadczeń rodzinnych";"2021";120643;"tys. zł";"";
012414600000;"PODREGION CZĘSTOCHOWSKI";"kwota świadczeń rodzinnych";"2008";90818;"tys. zł";"";
012414600000;"PODREGION CZĘSTOCHOWSKI";"kwota świadczeń rodzinnych";"2009";88791;"tys. zł";"";
012414600000;"PODREGION CZĘSTOCHOWSKI";"kwota świadczeń rodzinnych";"2010";97776;"tys. zł";"";
012414600000;"PODREGION CZĘSTOCHOWSKI";"kwota świadczeń rodzinnych";"2011";97185;"tys. zł";"";
012414600000;"PODREGION CZĘSTOCHOWSKI";"kwota świadczeń rodzinnych";"2012";96350;"tys. zł";"";
012414600000;"PODREGION CZĘSTOCHOWSKI";"kwota świadczeń rodzinnych";"2013";94113;"tys. zł";"";
012414600000;"PODREGION CZĘSTOCHOWSKI";"kwota świadczeń rodzinnych";"2014";88495;"tys. zł";"";
012414600000;"PODREGION CZĘSTOCHOWSKI";"kwota świadczeń rodzinnych";"2015";97468;"tys. zł";"";
012414600000;"PODREGION CZĘSTOCHOWSKI";"kwota świadczeń rodzinnych";"2016";121430;"tys. zł";"";
012414600000;"PODREGION CZĘSTOCHOWSKI";"kwota świadczeń rodzinnych";"2017";129862;"tys. zł";"";
012414600000;"PODREGION CZĘSTOCHOWSKI";"kwota świadczeń rodzinnych";"2018";132551;"tys. zł";"";
012414600000;"PODREGION CZĘSTOCHOWSKI";"kwota świadczeń rodzinnych";"2019";140006;"tys. zł";"";
012414600000;"PODREGION CZĘSTOCHOWSKI";"kwota świadczeń rodzinnych";"2020";145688;"tys. zł";"";
012414600000;"PODREGION CZĘSTOCHOWSKI";"kwota świadczeń rodzinnych";"2021";149973;"tys. zł";"";
012414700000;"PODREGION GLIWICKI";"kwota świadczeń rodzinnych";"2008";60510;"tys. zł";"";
012414700000;"PODREGION GLIWICKI";"kwota świadczeń rodzinnych";"2009";58236;"tys. zł";"";
012414700000;"PODREGION GLIWICKI";"kwota świadczeń rodzinnych";"2010";64926;"tys. zł";"";
012414700000;"PODREGION GLIWICKI";"kwota świadczeń rodzinnych";"2011";62813;"tys. zł";"";
012414700000;"PODREGION GLIWICKI";"kwota świadczeń rodzinnych";"2012";61188;"tys. zł";"";
012414700000;"PODREGION GLIWICKI";"kwota świadczeń rodzinnych";"2013";60056;"tys. zł";"";
012414700000;"PODREGION GLIWICKI";"kwota świadczeń rodzinnych";"2014";58444;"tys. zł";"";
012414700000;"PODREGION GLIWICKI";"kwota świadczeń rodzinnych";"2015";64881;"tys. zł";"";
012414700000;"PODREGION GLIWICKI";"kwota świadczeń rodzinnych";"2016";84602;"tys. zł";"";
012414700000;"PODREGION GLIWICKI";"kwota świadczeń rodzinnych";"2017";89905;"tys. zł";"";
012414700000;"PODREGION GLIWICKI";"kwota świadczeń rodzinnych";"2018";92176;"tys. zł";"";
012414700000;"PODREGION GLIWICKI";"kwota świadczeń rodzinnych";"2019";94358;"tys. zł";"";
012414700000;"PODREGION GLIWICKI";"kwota świadczeń rodzinnych";"2020";94293;"tys. zł";"";
012414700000;"PODREGION GLIWICKI";"kwota świadczeń rodzinnych";"2021";94202;"tys. zł";"";
012414800000;"PODREGION KATOWICKI";"kwota świadczeń rodzinnych";"2008";97052;"tys. zł";"";
012414800000;"PODREGION KATOWICKI";"kwota świadczeń rodzinnych";"2009";95089;"tys. zł";"";
012414800000;"PODREGION KATOWICKI";"kwota świadczeń rodzinnych";"2010";103531;"tys. zł";"";
012414800000;"PODREGION KATOWICKI";"kwota świadczeń rodzinnych";"2011";102030;"tys. zł";"";
012414800000;"PODREGION KATOWICKI";"kwota świadczeń rodzinnych";"2012";101261;"tys. zł";"";
012414800000;"PODREGION KATOWICKI";"kwota świadczeń rodzinnych";"2013";102707;"tys. zł";"";
012414800000;"PODREGION KATOWICKI";"kwota świadczeń rodzinnych";"2014";100723;"tys. zł";"";
012414800000;"PODREGION KATOWICKI";"kwota świadczeń rodzinnych";"2015";111444;"tys. zł";"";
012414800000;"PODREGION KATOWICKI";"kwota świadczeń rodzinnych";"2016";142696;"tys. zł";"";
012414800000;"PODREGION KATOWICKI";"kwota świadczeń rodzinnych";"2017";153041;"tys. zł";"";
012414800000;"PODREGION KATOWICKI";"kwota świadczeń rodzinnych";"2018";159262;"tys. zł";"";
012414800000;"PODREGION KATOWICKI";"kwota świadczeń rodzinnych";"2019";166442;"tys. zł";"";
012414800000;"PODREGION KATOWICKI";"kwota świadczeń rodzinnych";"2020";170380;"tys. zł";"";
012414800000;"PODREGION KATOWICKI";"kwota świadczeń rodzinnych";"2021";175966;"tys. zł";"";
012414900000;"PODREGION RYBNICKI";"kwota świadczeń rodzinnych";"2008";78399;"tys. zł";"";
012414900000;"PODREGION RYBNICKI";"kwota świadczeń rodzinnych";"2009";75209;"tys. zł";"";
012414900000;"PODREGION RYBNICKI";"kwota świadczeń rodzinnych";"2010";82823;"tys. zł";"";
012414900000;"PODREGION RYBNICKI";"kwota świadczeń rodzinnych";"2011";82526;"tys. zł";"";
012414900000;"PODREGION RYBNICKI";"kwota świadczeń rodzinnych";"2012";80736;"tys. zł";"";
012414900000;"PODREGION RYBNICKI";"kwota świadczeń rodzinnych";"2013";79228;"tys. zł";"";
012414900000;"PODREGION RYBNICKI";"kwota świadczeń rodzinnych";"2014";76618;"tys. zł";"";
012414900000;"PODREGION RYBNICKI";"kwota świadczeń rodzinnych";"2015";85135;"tys. zł";"";
012414900000;"PODREGION RYBNICKI";"kwota świadczeń rodzinnych";"2016";119046;"tys. zł";"";
012414900000;"PODREGION RYBNICKI";"kwota świadczeń rodzinnych";"2017";129614;"tys. zł";"";
012414900000;"PODREGION RYBNICKI";"kwota świadczeń rodzinnych";"2018";132729;"tys. zł";"";
012414900000;"PODREGION RYBNICKI";"kwota świadczeń rodzinnych";"2019";138512;"tys. zł";"";
012414900000;"PODREGION RYBNICKI";"kwota świadczeń rodzinnych";"2020";144169;"tys. zł";"";
012414900000;"PODREGION RYBNICKI";"kwota świadczeń rodzinnych";"2021";150569;"tys. zł";"";
012415000000;"PODREGION SOSNOWIECKI";"kwota świadczeń rodzinnych";"2008";83775;"tys. zł";"";
012415000000;"PODREGION SOSNOWIECKI";"kwota świadczeń rodzinnych";"2009";79342;"tys. zł";"";
012415000000;"PODREGION SOSNOWIECKI";"kwota świadczeń rodzinnych";"2010";86209;"tys. zł";"";
012415000000;"PODREGION SOSNOWIECKI";"kwota świadczeń rodzinnych";"2011";85386;"tys. zł";"";
012415000000;"PODREGION SOSNOWIECKI";"kwota świadczeń rodzinnych";"2012";85180;"tys. zł";"";
012415000000;"PODREGION SOSNOWIECKI";"kwota świadczeń rodzinnych";"2013";84791;"tys. zł";"";
012415000000;"PODREGION SOSNOWIECKI";"kwota świadczeń rodzinnych";"2014";81392;"tys. zł";"";
012415000000;"PODREGION SOSNOWIECKI";"kwota świadczeń rodzinnych";"2015";89706;"tys. zł";"";
012415000000;"PODREGION SOSNOWIECKI";"kwota świadczeń rodzinnych";"2016";114420;"tys. zł";"";
012415000000;"PODREGION SOSNOWIECKI";"kwota świadczeń rodzinnych";"2017";123564;"tys. zł";"";
012415000000;"PODREGION SOSNOWIECKI";"kwota świadczeń rodzinnych";"2018";128947;"tys. zł";"";
012415000000;"PODREGION SOSNOWIECKI";"kwota świadczeń rodzinnych";"2019";134438;"tys. zł";"";
012415000000;"PODREGION SOSNOWIECKI";"kwota świadczeń rodzinnych";"2020";140792;"tys. zł";"";
012415000000;"PODREGION SOSNOWIECKI";"kwota świadczeń rodzinnych";"2021";144130;"tys. zł";"";
012415100000;"PODREGION TYSKI";"kwota świadczeń rodzinnych";"2008";46868;"tys. zł";"";
012415100000;"PODREGION TYSKI";"kwota świadczeń rodzinnych";"2009";43515;"tys. zł";"";
012415100000;"PODREGION TYSKI";"kwota świadczeń rodzinnych";"2010";46142;"tys. zł";"";
012415100000;"PODREGION TYSKI";"kwota świadczeń rodzinnych";"2011";45551;"tys. zł";"";
012415100000;"PODREGION TYSKI";"kwota świadczeń rodzinnych";"2012";44657;"tys. zł";"";
012415100000;"PODREGION TYSKI";"kwota świadczeń rodzinnych";"2013";43831;"tys. zł";"";
012415100000;"PODREGION TYSKI";"kwota świadczeń rodzinnych";"2014";42472;"tys. zł";"";
012415100000;"PODREGION TYSKI";"kwota świadczeń rodzinnych";"2015";47040;"tys. zł";"";
012415100000;"PODREGION TYSKI";"kwota świadczeń rodzinnych";"2016";63886;"tys. zł";"";
012415100000;"PODREGION TYSKI";"kwota świadczeń rodzinnych";"2017";69509;"tys. zł";"";
012415100000;"PODREGION TYSKI";"kwota świadczeń rodzinnych";"2018";72261;"tys. zł";"";
012415100000;"PODREGION TYSKI";"kwota świadczeń rodzinnych";"2019";75198;"tys. zł";"";
012415100000;"PODREGION TYSKI";"kwota świadczeń rodzinnych";"2020";76721;"tys. zł";"";
012415100000;"PODREGION TYSKI";"kwota świadczeń rodzinnych";"2021";79771;"tys. zł";"";
020811300000;"PODREGION GORZOWSKI";"kwota świadczeń rodzinnych";"2008";83245;"tys. zł";"";
020811300000;"PODREGION GORZOWSKI";"kwota świadczeń rodzinnych";"2009";81420;"tys. zł";"";
020811300000;"PODREGION GORZOWSKI";"kwota świadczeń rodzinnych";"2010";89971;"tys. zł";"";
020811300000;"PODREGION GORZOWSKI";"kwota świadczeń rodzinnych";"2011";90663;"tys. zł";"";
020811300000;"PODREGION GORZOWSKI";"kwota świadczeń rodzinnych";"2012";91267;"tys. zł";"";
020811300000;"PODREGION GORZOWSKI";"kwota świadczeń rodzinnych";"2013";87246;"tys. zł";"";
020811300000;"PODREGION GORZOWSKI";"kwota świadczeń rodzinnych";"2014";80307;"tys. zł";"";
020811300000;"PODREGION GORZOWSKI";"kwota świadczeń rodzinnych";"2015";86980;"tys. zł";"";
020811300000;"PODREGION GORZOWSKI";"kwota świadczeń rodzinnych";"2016";105290;"tys. zł";"";
020811300000;"PODREGION GORZOWSKI";"kwota świadczeń rodzinnych";"2017";111872;"tys. zł";"";
020811300000;"PODREGION GORZOWSKI";"kwota świadczeń rodzinnych";"2018";113718;"tys. zł";"";
020811300000;"PODREGION GORZOWSKI";"kwota świadczeń rodzinnych";"2019";118425;"tys. zł";"";
020811300000;"PODREGION GORZOWSKI";"kwota świadczeń rodzinnych";"2020";123685;"tys. zł";"";
020811300000;"PODREGION GORZOWSKI";"kwota świadczeń rodzinnych";"2021";126173;"tys. zł";"";
020811400000;"PODREGION ZIELONOGÓRSKI";"kwota świadczeń rodzinnych";"2008";146473;"tys. zł";"";
020811400000;"PODREGION ZIELONOGÓRSKI";"kwota świadczeń rodzinnych";"2009";144993;"tys. zł";"";
020811400000;"PODREGION ZIELONOGÓRSKI";"kwota świadczeń rodzinnych";"2010";158161;"tys. zł";"";
020811400000;"PODREGION ZIELONOGÓRSKI";"kwota świadczeń rodzinnych";"2011";158032;"tys. zł";"";
020811400000;"PODREGION ZIELONOGÓRSKI";"kwota świadczeń rodzinnych";"2012";157729;"tys. zł";"";
020811400000;"PODREGION ZIELONOGÓRSKI";"kwota świadczeń rodzinnych";"2013";150857;"tys. zł";"";
020811400000;"PODREGION ZIELONOGÓRSKI";"kwota świadczeń rodzinnych";"2014";137732;"tys. zł";"";
020811400000;"PODREGION ZIELONOGÓRSKI";"kwota świadczeń rodzinnych";"2015";148349;"tys. zł";"";
020811400000;"PODREGION ZIELONOGÓRSKI";"kwota świadczeń rodzinnych";"2016";181018;"tys. zł";"";
020811400000;"PODREGION ZIELONOGÓRSKI";"kwota świadczeń rodzinnych";"2017";188955;"tys. zł";"";
020811400000;"PODREGION ZIELONOGÓRSKI";"kwota świadczeń rodzinnych";"2018";190928;"tys. zł";"";
020811400000;"PODREGION ZIELONOGÓRSKI";"kwota świadczeń rodzinnych";"2019";197651;"tys. zł";"";
020811400000;"PODREGION ZIELONOGÓRSKI";"kwota świadczeń rodzinnych";"2020";211448;"tys. zł";"";
020811400000;"PODREGION ZIELONOGÓRSKI";"kwota świadczeń rodzinnych";"2021";223063;"tys. zł";"";
023015700000;"PODREGION KALISKI";"kwota świadczeń rodzinnych";"2008";157867;"tys. zł";"";
023015700000;"PODREGION KALISKI";"kwota świadczeń rodzinnych";"2009";153234;"tys. zł";"";
023015700000;"PODREGION KALISKI";"kwota świadczeń rodzinnych";"2010";168261;"tys. zł";"";
023015700000;"PODREGION KALISKI";"kwota świadczeń rodzinnych";"2011";163036;"tys. zł";"";
023015700000;"PODREGION KALISKI";"kwota świadczeń rodzinnych";"2012";159663;"tys. zł";"";
023015700000;"PODREGION KALISKI";"kwota świadczeń rodzinnych";"2013";157072;"tys. zł";"";
023015700000;"PODREGION KALISKI";"kwota świadczeń rodzinnych";"2014";147744;"tys. zł";"";
023015700000;"PODREGION KALISKI";"kwota świadczeń rodzinnych";"2015";159197;"tys. zł";"";
023015700000;"PODREGION KALISKI";"kwota świadczeń rodzinnych";"2016";195584;"tys. zł";"";
023015700000;"PODREGION KALISKI";"kwota świadczeń rodzinnych";"2017";205480;"tys. zł";"";
023015700000;"PODREGION KALISKI";"kwota świadczeń rodzinnych";"2018";206546;"tys. zł";"";
023015700000;"PODREGION KALISKI";"kwota świadczeń rodzinnych";"2019";212726;"tys. zł";"";
023015700000;"PODREGION KALISKI";"kwota świadczeń rodzinnych";"2020";224252;"tys. zł";"";
023015700000;"PODREGION KALISKI";"kwota świadczeń rodzinnych";"2021";232493;"tys. zł";"";
023015800000;"PODREGION KONIŃSKI";"kwota świadczeń rodzinnych";"2008";160400;"tys. zł";"";
023015800000;"PODREGION KONIŃSKI";"kwota świadczeń rodzinnych";"2009";154164;"tys. zł";"";
023015800000;"PODREGION KONIŃSKI";"kwota świadczeń rodzinnych";"2010";169167;"tys. zł";"";
023015800000;"PODREGION KONIŃSKI";"kwota świadczeń rodzinnych";"2011";169805;"tys. zł";"";
023015800000;"PODREGION KONIŃSKI";"kwota świadczeń rodzinnych";"2012";173764;"tys. zł";"";
023015800000;"PODREGION KONIŃSKI";"kwota świadczeń rodzinnych";"2013";164478;"tys. zł";"";
023015800000;"PODREGION KONIŃSKI";"kwota świadczeń rodzinnych";"2014";150531;"tys. zł";"";
023015800000;"PODREGION KONIŃSKI";"kwota świadczeń rodzinnych";"2015";166422;"tys. zł";"";
023015800000;"PODREGION KONIŃSKI";"kwota świadczeń rodzinnych";"2016";204447;"tys. zł";"";
023015800000;"PODREGION KONIŃSKI";"kwota świadczeń rodzinnych";"2017";214426;"tys. zł";"";
023015800000;"PODREGION KONIŃSKI";"kwota świadczeń rodzinnych";"2018";215362;"tys. zł";"";
023015800000;"PODREGION KONIŃSKI";"kwota świadczeń rodzinnych";"2019";226228;"tys. zł";"";
023015800000;"PODREGION KONIŃSKI";"kwota świadczeń rodzinnych";"2020";251451;"tys. zł";"";
023015800000;"PODREGION KONIŃSKI";"kwota świadczeń rodzinnych";"2021";267950;"tys. zł";"";
023015900000;"PODREGION LESZCZYŃSKI";"kwota świadczeń rodzinnych";"2008";136521;"tys. zł";"";
023015900000;"PODREGION LESZCZYŃSKI";"kwota świadczeń rodzinnych";"2009";131805;"tys. zł";"";
023015900000;"PODREGION LESZCZYŃSKI";"kwota świadczeń rodzinnych";"2010";144035;"tys. zł";"";
023015900000;"PODREGION LESZCZYŃSKI";"kwota świadczeń rodzinnych";"2011";141918;"tys. zł";"";
023015900000;"PODREGION LESZCZYŃSKI";"kwota świadczeń rodzinnych";"2012";140756;"tys. zł";"";
023015900000;"PODREGION LESZCZYŃSKI";"kwota świadczeń rodzinnych";"2013";136811;"tys. zł";"";
023015900000;"PODREGION LESZCZYŃSKI";"kwota świadczeń rodzinnych";"2014";127454;"tys. zł";"";
023015900000;"PODREGION LESZCZYŃSKI";"kwota świadczeń rodzinnych";"2015";138013;"tys. zł";"";
023015900000;"PODREGION LESZCZYŃSKI";"kwota świadczeń rodzinnych";"2016";170066;"tys. zł";"";
023015900000;"PODREGION LESZCZYŃSKI";"kwota świadczeń rodzinnych";"2017";180919;"tys. zł";"";
023015900000;"PODREGION LESZCZYŃSKI";"kwota świadczeń rodzinnych";"2018";183725;"tys. zł";"";
023015900000;"PODREGION LESZCZYŃSKI";"kwota świadczeń rodzinnych";"2019";186785;"tys. zł";"";
023015900000;"PODREGION LESZCZYŃSKI";"kwota świadczeń rodzinnych";"2020";193366;"tys. zł";"";
023015900000;"PODREGION LESZCZYŃSKI";"kwota świadczeń rodzinnych";"2021";193952;"tys. zł";"";
023016000000;"PODREGION PILSKI";"kwota świadczeń rodzinnych";"2008";99061;"tys. zł";"";
023016000000;"PODREGION PILSKI";"kwota świadczeń rodzinnych";"2009";96954;"tys. zł";"";
023016000000;"PODREGION PILSKI";"kwota świadczeń rodzinnych";"2010";105610;"tys. zł";"";
023016000000;"PODREGION PILSKI";"kwota świadczeń rodzinnych";"2011";104480;"tys. zł";"";
023016000000;"PODREGION PILSKI";"kwota świadczeń rodzinnych";"2012";104000;"tys. zł";"";
023016000000;"PODREGION PILSKI";"kwota świadczeń rodzinnych";"2013";100611;"tys. zł";"";
023016000000;"PODREGION PILSKI";"kwota świadczeń rodzinnych";"2014";92054;"tys. zł";"";
023016000000;"PODREGION PILSKI";"kwota świadczeń rodzinnych";"2015";98889;"tys. zł";"";
023016000000;"PODREGION PILSKI";"kwota świadczeń rodzinnych";"2016";121650;"tys. zł";"";
023016000000;"PODREGION PILSKI";"kwota świadczeń rodzinnych";"2017";129526;"tys. zł";"";
023016000000;"PODREGION PILSKI";"kwota świadczeń rodzinnych";"2018";129213;"tys. zł";"";
023016000000;"PODREGION PILSKI";"kwota świadczeń rodzinnych";"2019";131019;"tys. zł";"";
023016000000;"PODREGION PILSKI";"kwota świadczeń rodzinnych";"2020";137744;"tys. zł";"";
023016000000;"PODREGION PILSKI";"kwota świadczeń rodzinnych";"2021";141076;"tys. zł";"";
023016100000;"PODREGION POZNAŃSKI";"kwota świadczeń rodzinnych";"2008";104828;"tys. zł";"";
023016100000;"PODREGION POZNAŃSKI";"kwota świadczeń rodzinnych";"2009";99068;"tys. zł";"";
023016100000;"PODREGION POZNAŃSKI";"kwota świadczeń rodzinnych";"2010";107205;"tys. zł";"";
023016100000;"PODREGION POZNAŃSKI";"kwota świadczeń rodzinnych";"2011";104470;"tys. zł";"";
023016100000;"PODREGION POZNAŃSKI";"kwota świadczeń rodzinnych";"2012";102397;"tys. zł";"";
023016100000;"PODREGION POZNAŃSKI";"kwota świadczeń rodzinnych";"2013";101473;"tys. zł";"";
023016100000;"PODREGION POZNAŃSKI";"kwota świadczeń rodzinnych";"2014";97333;"tys. zł";"";
023016100000;"PODREGION POZNAŃSKI";"kwota świadczeń rodzinnych";"2015";108635;"tys. zł";"";
023016100000;"PODREGION POZNAŃSKI";"kwota świadczeń rodzinnych";"2016";139376;"tys. zł";"";
023016100000;"PODREGION POZNAŃSKI";"kwota świadczeń rodzinnych";"2017";148581;"tys. zł";"";
023016100000;"PODREGION POZNAŃSKI";"kwota świadczeń rodzinnych";"2018";151546;"tys. zł";"";
023016100000;"PODREGION POZNAŃSKI";"kwota świadczeń rodzinnych";"2019";156801;"tys. zł";"";
023016100000;"PODREGION POZNAŃSKI";"kwota świadczeń rodzinnych";"2020";161860;"tys. zł";"";
023016100000;"PODREGION POZNAŃSKI";"kwota świadczeń rodzinnych";"2021";165183;"tys. zł";"";
023016200000;"PODREGION MIASTO POZNAŃ";"kwota świadczeń rodzinnych";"2008";55237;"tys. zł";"";
023016200000;"PODREGION MIASTO POZNAŃ";"kwota świadczeń rodzinnych";"2009";51297;"tys. zł";"";
023016200000;"PODREGION MIASTO POZNAŃ";"kwota świadczeń rodzinnych";"2010";52962;"tys. zł";"";
023016200000;"PODREGION MIASTO POZNAŃ";"kwota świadczeń rodzinnych";"2011";52146;"tys. zł";"";
023016200000;"PODREGION MIASTO POZNAŃ";"kwota świadczeń rodzinnych";"2012";50609;"tys. zł";"";
023016200000;"PODREGION MIASTO POZNAŃ";"kwota świadczeń rodzinnych";"2013";49038;"tys. zł";"";
023016200000;"PODREGION MIASTO POZNAŃ";"kwota świadczeń rodzinnych";"2014";47800;"tys. zł";"";
023016200000;"PODREGION MIASTO POZNAŃ";"kwota świadczeń rodzinnych";"2015";54232;"tys. zł";"";
023016200000;"PODREGION MIASTO POZNAŃ";"kwota świadczeń rodzinnych";"2016";70027;"tys. zł";"";
023016200000;"PODREGION MIASTO POZNAŃ";"kwota świadczeń rodzinnych";"2017";76219;"tys. zł";"";
023016200000;"PODREGION MIASTO POZNAŃ";"kwota świadczeń rodzinnych";"2018";79733;"tys. zł";"";
023016200000;"PODREGION MIASTO POZNAŃ";"kwota świadczeń rodzinnych";"2019";82163;"tys. zł";"";
023016200000;"PODREGION MIASTO POZNAŃ";"kwota świadczeń rodzinnych";"2020";89610;"tys. zł";"";
023016200000;"PODREGION MIASTO POZNAŃ";"kwota świadczeń rodzinnych";"2021";83878;"tys. zł";"";
023216300000;"PODREGION KOSZALIŃSKI";"kwota świadczeń rodzinnych";"2008";70225;"tys. zł";"";
023216300000;"PODREGION KOSZALIŃSKI";"kwota świadczeń rodzinnych";"2009";66378;"tys. zł";"";
023216300000;"PODREGION KOSZALIŃSKI";"kwota świadczeń rodzinnych";"2010";72975;"tys. zł";"";
023216300000;"PODREGION KOSZALIŃSKI";"kwota świadczeń rodzinnych";"2011";72094;"tys. zł";"";
023216300000;"PODREGION KOSZALIŃSKI";"kwota świadczeń rodzinnych";"2012";69561;"tys. zł";"";
023216300000;"PODREGION KOSZALIŃSKI";"kwota świadczeń rodzinnych";"2013";65945;"tys. zł";"";
023216300000;"PODREGION KOSZALIŃSKI";"kwota świadczeń rodzinnych";"2014";60260;"tys. zł";"";
023216300000;"PODREGION KOSZALIŃSKI";"kwota świadczeń rodzinnych";"2015";64810;"tys. zł";"";
023216300000;"PODREGION KOSZALIŃSKI";"kwota świadczeń rodzinnych";"2016";80461;"tys. zł";"";
023216300000;"PODREGION KOSZALIŃSKI";"kwota świadczeń rodzinnych";"2017";85264;"tys. zł";"";
023216300000;"PODREGION KOSZALIŃSKI";"kwota świadczeń rodzinnych";"2018";88303;"tys. zł";"";
023216300000;"PODREGION KOSZALIŃSKI";"kwota świadczeń rodzinnych";"2019";91265;"tys. zł";"";
023216300000;"PODREGION KOSZALIŃSKI";"kwota świadczeń rodzinnych";"2020";96325;"tys. zł";"";
023216300000;"PODREGION KOSZALIŃSKI";"kwota świadczeń rodzinnych";"2021";96864;"tys. zł";"";
023216400000;"PODREGION SZCZECINECKO-PYRZYCKI";"kwota świadczeń rodzinnych";"2008";108829;"tys. zł";"";
023216400000;"PODREGION SZCZECINECKO-PYRZYCKI";"kwota świadczeń rodzinnych";"2009";106240;"tys. zł";"";
023216400000;"PODREGION SZCZECINECKO-PYRZYCKI";"kwota świadczeń rodzinnych";"2010";118205;"tys. zł";"";
023216400000;"PODREGION SZCZECINECKO-PYRZYCKI";"kwota świadczeń rodzinnych";"2011";117871;"tys. zł";"";
023216400000;"PODREGION SZCZECINECKO-PYRZYCKI";"kwota świadczeń rodzinnych";"2012";116124;"tys. zł";"";
023216400000;"PODREGION SZCZECINECKO-PYRZYCKI";"kwota świadczeń rodzinnych";"2013";109950;"tys. zł";"";
023216400000;"PODREGION SZCZECINECKO-PYRZYCKI";"kwota świadczeń rodzinnych";"2014";97789;"tys. zł";"";
023216400000;"PODREGION SZCZECINECKO-PYRZYCKI";"kwota świadczeń rodzinnych";"2015";102465;"tys. zł";"";
023216400000;"PODREGION SZCZECINECKO-PYRZYCKI";"kwota świadczeń rodzinnych";"2016";126531;"tys. zł";"";
023216400000;"PODREGION SZCZECINECKO-PYRZYCKI";"kwota świadczeń rodzinnych";"2017";129998;"tys. zł";"";
023216400000;"PODREGION SZCZECINECKO-PYRZYCKI";"kwota świadczeń rodzinnych";"2018";128548;"tys. zł";"";
023216400000;"PODREGION SZCZECINECKO-PYRZYCKI";"kwota świadczeń rodzinnych";"2019";133075;"tys. zł";"";
023216400000;"PODREGION SZCZECINECKO-PYRZYCKI";"kwota świadczeń rodzinnych";"2020";141157;"tys. zł";"";
023216400000;"PODREGION SZCZECINECKO-PYRZYCKI";"kwota świadczeń rodzinnych";"2021";145088;"tys. zł";"";
023216500000;"PODREGION MIASTO SZCZECIN";"kwota świadczeń rodzinnych";"2008";44058;"tys. zł";"";
023216500000;"PODREGION MIASTO SZCZECIN";"kwota świadczeń rodzinnych";"2009";43296;"tys. zł";"";
023216500000;"PODREGION MIASTO SZCZECIN";"kwota świadczeń rodzinnych";"2010";47743;"tys. zł";"";
023216500000;"PODREGION MIASTO SZCZECIN";"kwota świadczeń rodzinnych";"2011";47339;"tys. zł";"";
023216500000;"PODREGION MIASTO SZCZECIN";"kwota świadczeń rodzinnych";"2012";46875;"tys. zł";"";
023216500000;"PODREGION MIASTO SZCZECIN";"kwota świadczeń rodzinnych";"2013";44576;"tys. zł";"";
023216500000;"PODREGION MIASTO SZCZECIN";"kwota świadczeń rodzinnych";"2014";41696;"tys. zł";"";
023216500000;"PODREGION MIASTO SZCZECIN";"kwota świadczeń rodzinnych";"2015";45446;"tys. zł";"";
023216500000;"PODREGION MIASTO SZCZECIN";"kwota świadczeń rodzinnych";"2016";59908;"tys. zł";"";
023216500000;"PODREGION MIASTO SZCZECIN";"kwota świadczeń rodzinnych";"2017";65980;"tys. zł";"";
023216500000;"PODREGION MIASTO SZCZECIN";"kwota świadczeń rodzinnych";"2018";69212;"tys. zł";"";
023216500000;"PODREGION MIASTO SZCZECIN";"kwota świadczeń rodzinnych";"2019";73768;"tys. zł";"";
023216500000;"PODREGION MIASTO SZCZECIN";"kwota świadczeń rodzinnych";"2020";83877;"tys. zł";"";
023216500000;"PODREGION MIASTO SZCZECIN";"kwota świadczeń rodzinnych";"2021";75895;"tys. zł";"";
023216600000;"PODREGION SZCZECIŃSKI";"kwota świadczeń rodzinnych";"2008";107693;"tys. zł";"";
023216600000;"PODREGION SZCZECIŃSKI";"kwota świadczeń rodzinnych";"2009";105776;"tys. zł";"";
023216600000;"PODREGION SZCZECIŃSKI";"kwota świadczeń rodzinnych";"2010";119223;"tys. zł";"";
023216600000;"PODREGION SZCZECIŃSKI";"kwota świadczeń rodzinnych";"2011";120342;"tys. zł";"";
023216600000;"PODREGION SZCZECIŃSKI";"kwota świadczeń rodzinnych";"2012";117720;"tys. zł";"";
023216600000;"PODREGION SZCZECIŃSKI";"kwota świadczeń rodzinnych";"2013";110579;"tys. zł";"";
023216600000;"PODREGION SZCZECIŃSKI";"kwota świadczeń rodzinnych";"2014";99802;"tys. zł";"";
023216600000;"PODREGION SZCZECIŃSKI";"kwota świadczeń rodzinnych";"2015";105726;"tys. zł";"";
023216600000;"PODREGION SZCZECIŃSKI";"kwota świadczeń rodzinnych";"2016";130795;"tys. zł";"";
023216600000;"PODREGION SZCZECIŃSKI";"kwota świadczeń rodzinnych";"2017";134979;"tys. zł";"";
023216600000;"PODREGION SZCZECIŃSKI";"kwota świadczeń rodzinnych";"2018";133495;"tys. zł";"";
023216600000;"PODREGION SZCZECIŃSKI";"kwota świadczeń rodzinnych";"2019";137604;"tys. zł";"";
023216600000;"PODREGION SZCZECIŃSKI";"kwota świadczeń rodzinnych";"2020";142488;"tys. zł";"";
023216600000;"PODREGION SZCZECIŃSKI";"kwota świadczeń rodzinnych";"2021";141977;"tys. zł";"";
030210100000;"PODREGION JELENIOGÓRSKI";"kwota świadczeń rodzinnych";"2008";106723;"tys. zł";"";
030210100000;"PODREGION JELENIOGÓRSKI";"kwota świadczeń rodzinnych";"2009";103803;"tys. zł";"";
030210100000;"PODREGION JELENIOGÓRSKI";"kwota świadczeń rodzinnych";"2010";112631;"tys. zł";"";
030210100000;"PODREGION JELENIOGÓRSKI";"kwota świadczeń rodzinnych";"2011";110436;"tys. zł";"";
030210100000;"PODREGION JELENIOGÓRSKI";"kwota świadczeń rodzinnych";"2012";107638;"tys. zł";"";
030210100000;"PODREGION JELENIOGÓRSKI";"kwota świadczeń rodzinnych";"2013";102776;"tys. zł";"";
030210100000;"PODREGION JELENIOGÓRSKI";"kwota świadczeń rodzinnych";"2014";94948;"tys. zł";"";
030210100000;"PODREGION JELENIOGÓRSKI";"kwota świadczeń rodzinnych";"2015";103517;"tys. zł";"";
030210100000;"PODREGION JELENIOGÓRSKI";"kwota świadczeń rodzinnych";"2016";127903;"tys. zł";"";
030210100000;"PODREGION JELENIOGÓRSKI";"kwota świadczeń rodzinnych";"2017";135347;"tys. zł";"";
030210100000;"PODREGION JELENIOGÓRSKI";"kwota świadczeń rodzinnych";"2018";137170;"tys. zł";"";
030210100000;"PODREGION JELENIOGÓRSKI";"kwota świadczeń rodzinnych";"2019";143659;"tys. zł";"";
030210100000;"PODREGION JELENIOGÓRSKI";"kwota świadczeń rodzinnych";"2020";150536;"tys. zł";"";
030210100000;"PODREGION JELENIOGÓRSKI";"kwota świadczeń rodzinnych";"2021";154608;"tys. zł";"";
030210200000;"PODREGION LEGNICKO-GŁOGOWSKI";"kwota świadczeń rodzinnych";"2008";76605;"tys. zł";"";
030210200000;"PODREGION LEGNICKO-GŁOGOWSKI";"kwota świadczeń rodzinnych";"2009";73341;"tys. zł";"";
030210200000;"PODREGION LEGNICKO-GŁOGOWSKI";"kwota świadczeń rodzinnych";"2010";79817;"tys. zł";"";
030210200000;"PODREGION LEGNICKO-GŁOGOWSKI";"kwota świadczeń rodzinnych";"2011";78585;"tys. zł";"";
030210200000;"PODREGION LEGNICKO-GŁOGOWSKI";"kwota świadczeń rodzinnych";"2012";77176;"tys. zł";"";
030210200000;"PODREGION LEGNICKO-GŁOGOWSKI";"kwota świadczeń rodzinnych";"2013";74892;"tys. zł";"";
030210200000;"PODREGION LEGNICKO-GŁOGOWSKI";"kwota świadczeń rodzinnych";"2014";70713;"tys. zł";"";
030210200000;"PODREGION LEGNICKO-GŁOGOWSKI";"kwota świadczeń rodzinnych";"2015";77733;"tys. zł";"";
030210200000;"PODREGION LEGNICKO-GŁOGOWSKI";"kwota świadczeń rodzinnych";"2016";101389;"tys. zł";"";
030210200000;"PODREGION LEGNICKO-GŁOGOWSKI";"kwota świadczeń rodzinnych";"2017";107599;"tys. zł";"";
030210200000;"PODREGION LEGNICKO-GŁOGOWSKI";"kwota świadczeń rodzinnych";"2018";111297;"tys. zł";"";
030210200000;"PODREGION LEGNICKO-GŁOGOWSKI";"kwota świadczeń rodzinnych";"2019";115057;"tys. zł";"";
030210200000;"PODREGION LEGNICKO-GŁOGOWSKI";"kwota świadczeń rodzinnych";"2020";117006;"tys. zł";"";
030210200000;"PODREGION LEGNICKO-GŁOGOWSKI";"kwota świadczeń rodzinnych";"2021";118269;"tys. zł";"";
030210300000;"PODREGION WAŁBRZYSKI";"kwota świadczeń rodzinnych";"2008";118688;"tys. zł";"";
030210300000;"PODREGION WAŁBRZYSKI";"kwota świadczeń rodzinnych";"2009";113872;"tys. zł";"";
030210300000;"PODREGION WAŁBRZYSKI";"kwota świadczeń rodzinnych";"2010";123131;"tys. zł";"";
030210300000;"PODREGION WAŁBRZYSKI";"kwota świadczeń rodzinnych";"2011";120217;"tys. zł";"";
030210300000;"PODREGION WAŁBRZYSKI";"kwota świadczeń rodzinnych";"2012";119564;"tys. zł";"";
030210300000;"PODREGION WAŁBRZYSKI";"kwota świadczeń rodzinnych";"2013";115726;"tys. zł";"";
030210300000;"PODREGION WAŁBRZYSKI";"kwota świadczeń rodzinnych";"2014";106463;"tys. zł";"";
030210300000;"PODREGION WAŁBRZYSKI";"kwota świadczeń rodzinnych";"2015";115932;"tys. zł";"";
030210300000;"PODREGION WAŁBRZYSKI";"kwota świadczeń rodzinnych";"2016";147052;"tys. zł";"";
030210300000;"PODREGION WAŁBRZYSKI";"kwota świadczeń rodzinnych";"2017";156449;"tys. zł";"";
030210300000;"PODREGION WAŁBRZYSKI";"kwota świadczeń rodzinnych";"2018";161263;"tys. zł";"";
030210300000;"PODREGION WAŁBRZYSKI";"kwota świadczeń rodzinnych";"2019";167442;"tys. zł";"";
030210300000;"PODREGION WAŁBRZYSKI";"kwota świadczeń rodzinnych";"2020";173245;"tys. zł";"";
030210300000;"PODREGION WAŁBRZYSKI";"kwota świadczeń rodzinnych";"2021";174621;"tys. zł";"";
030210400000;"PODREGION WROCŁAWSKI";"kwota świadczeń rodzinnych";"2008";103393;"tys. zł";"";
030210400000;"PODREGION WROCŁAWSKI";"kwota świadczeń rodzinnych";"2009";98851;"tys. zł";"";
030210400000;"PODREGION WROCŁAWSKI";"kwota świadczeń rodzinnych";"2010";106405;"tys. zł";"";
030210400000;"PODREGION WROCŁAWSKI";"kwota świadczeń rodzinnych";"2011";103828;"tys. zł";"";
030210400000;"PODREGION WROCŁAWSKI";"kwota świadczeń rodzinnych";"2012";101047;"tys. zł";"";
030210400000;"PODREGION WROCŁAWSKI";"kwota świadczeń rodzinnych";"2013";97821;"tys. zł";"";
030210400000;"PODREGION WROCŁAWSKI";"kwota świadczeń rodzinnych";"2014";91311;"tys. zł";"";
030210400000;"PODREGION WROCŁAWSKI";"kwota świadczeń rodzinnych";"2015";99220;"tys. zł";"";
030210400000;"PODREGION WROCŁAWSKI";"kwota świadczeń rodzinnych";"2016";126411;"tys. zł";"";
030210400000;"PODREGION WROCŁAWSKI";"kwota świadczeń rodzinnych";"2017";134785;"tys. zł";"";
030210400000;"PODREGION WROCŁAWSKI";"kwota świadczeń rodzinnych";"2018";138416;"tys. zł";"";
030210400000;"PODREGION WROCŁAWSKI";"kwota świadczeń rodzinnych";"2019";142420;"tys. zł";"";
030210400000;"PODREGION WROCŁAWSKI";"kwota świadczeń rodzinnych";"2020";147678;"tys. zł";"";
030210400000;"PODREGION WROCŁAWSKI";"kwota świadczeń rodzinnych";"2021";150523;"tys. zł";"";
030210500000;"PODREGION MIASTO WROCŁAW";"kwota świadczeń rodzinnych";"2008";50095;"tys. zł";"";
030210500000;"PODREGION MIASTO WROCŁAW";"kwota świadczeń rodzinnych";"2009";46511;"tys. zł";"";
030210500000;"PODREGION MIASTO WROCŁAW";"kwota świadczeń rodzinnych";"2010";49361;"tys. zł";"";
030210500000;"PODREGION MIASTO WROCŁAW";"kwota świadczeń rodzinnych";"2011";48152;"tys. zł";"";
030210500000;"PODREGION MIASTO WROCŁAW";"kwota świadczeń rodzinnych";"2012";47608;"tys. zł";"";
030210500000;"PODREGION MIASTO WROCŁAW";"kwota świadczeń rodzinnych";"2013";45315;"tys. zł";"";
030210500000;"PODREGION MIASTO WROCŁAW";"kwota świadczeń rodzinnych";"2014";42439;"tys. zł";"";
030210500000;"PODREGION MIASTO WROCŁAW";"kwota świadczeń rodzinnych";"2015";48609;"tys. zł";"";
030210500000;"PODREGION MIASTO WROCŁAW";"kwota świadczeń rodzinnych";"2016";63496;"tys. zł";"";
030210500000;"PODREGION MIASTO WROCŁAW";"kwota świadczeń rodzinnych";"2017";69312;"tys. zł";"";
030210500000;"PODREGION MIASTO WROCŁAW";"kwota świadczeń rodzinnych";"2018";74795;"tys. zł";"";
030210500000;"PODREGION MIASTO WROCŁAW";"kwota świadczeń rodzinnych";"2019";77172;"tys. zł";"";
030210500000;"PODREGION MIASTO WROCŁAW";"kwota świadczeń rodzinnych";"2020";79886;"tys. zł";"";
030210500000;"PODREGION MIASTO WROCŁAW";"kwota świadczeń rodzinnych";"2021";78119;"tys. zł";"";
031613100000;"PODREGION NYSKI";"kwota świadczeń rodzinnych";"2008";72291;"tys. zł";"";
031613100000;"PODREGION NYSKI";"kwota świadczeń rodzinnych";"2009";69637;"tys. zł";"";
031613100000;"PODREGION NYSKI";"kwota świadczeń rodzinnych";"2010";75761;"tys. zł";"";
031613100000;"PODREGION NYSKI";"kwota świadczeń rodzinnych";"2011";74089;"tys. zł";"";
031613100000;"PODREGION NYSKI";"kwota świadczeń rodzinnych";"2012";71954;"tys. zł";"";
031613100000;"PODREGION NYSKI";"kwota świadczeń rodzinnych";"2013";68829;"tys. zł";"";
031613100000;"PODREGION NYSKI";"kwota świadczeń rodzinnych";"2014";63332;"tys. zł";"";
031613100000;"PODREGION NYSKI";"kwota świadczeń rodzinnych";"2015";67496;"tys. zł";"";
031613100000;"PODREGION NYSKI";"kwota świadczeń rodzinnych";"2016";84082;"tys. zł";"";
031613100000;"PODREGION NYSKI";"kwota świadczeń rodzinnych";"2017";88605;"tys. zł";"";
031613100000;"PODREGION NYSKI";"kwota świadczeń rodzinnych";"2018";91741;"tys. zł";"";
031613100000;"PODREGION NYSKI";"kwota świadczeń rodzinnych";"2019";93933;"tys. zł";"";
031613100000;"PODREGION NYSKI";"kwota świadczeń rodzinnych";"2020";97923;"tys. zł";"";
031613100000;"PODREGION NYSKI";"kwota świadczeń rodzinnych";"2021";96614;"tys. zł";"";
031613200000;"PODREGION OPOLSKI";"kwota świadczeń rodzinnych";"2008";80269;"tys. zł";"";
031613200000;"PODREGION OPOLSKI";"kwota świadczeń rodzinnych";"2009";76692;"tys. zł";"";
031613200000;"PODREGION OPOLSKI";"kwota świadczeń rodzinnych";"2010";83752;"tys. zł";"";
031613200000;"PODREGION OPOLSKI";"kwota świadczeń rodzinnych";"2011";80927;"tys. zł";"";
031613200000;"PODREGION OPOLSKI";"kwota świadczeń rodzinnych";"2012";79099;"tys. zł";"";
031613200000;"PODREGION OPOLSKI";"kwota świadczeń rodzinnych";"2013";77063;"tys. zł";"";
031613200000;"PODREGION OPOLSKI";"kwota świadczeń rodzinnych";"2014";72817;"tys. zł";"";
031613200000;"PODREGION OPOLSKI";"kwota świadczeń rodzinnych";"2015";79019;"tys. zł";"";
031613200000;"PODREGION OPOLSKI";"kwota świadczeń rodzinnych";"2016";102802;"tys. zł";"";
031613200000;"PODREGION OPOLSKI";"kwota świadczeń rodzinnych";"2017";109606;"tys. zł";"";
031613200000;"PODREGION OPOLSKI";"kwota świadczeń rodzinnych";"2018";112390;"tys. zł";"";
031613200000;"PODREGION OPOLSKI";"kwota świadczeń rodzinnych";"2019";115261;"tys. zł";"";
031613200000;"PODREGION OPOLSKI";"kwota świadczeń rodzinnych";"2020";118008;"tys. zł";"";
031613200000;"PODREGION OPOLSKI";"kwota świadczeń rodzinnych";"2021";120011;"tys. zł";"";
040410600000;"PODREGION BYDGOSKO-TORUŃSKI";"kwota świadczeń rodzinnych";"2008";128235;"tys. zł";"";
040410600000;"PODREGION BYDGOSKO-TORUŃSKI";"kwota świadczeń rodzinnych";"2009";122365;"tys. zł";"";
040410600000;"PODREGION BYDGOSKO-TORUŃSKI";"kwota świadczeń rodzinnych";"2010";130919;"tys. zł";"";
040410600000;"PODREGION BYDGOSKO-TORUŃSKI";"kwota świadczeń rodzinnych";"2011";125660;"tys. zł";"";
040410600000;"PODREGION BYDGOSKO-TORUŃSKI";"kwota świadczeń rodzinnych";"2012";120939;"tys. zł";"";
040410600000;"PODREGION BYDGOSKO-TORUŃSKI";"kwota świadczeń rodzinnych";"2013";116869;"tys. zł";"";
040410600000;"PODREGION BYDGOSKO-TORUŃSKI";"kwota świadczeń rodzinnych";"2014";110531;"tys. zł";"";
040410600000;"PODREGION BYDGOSKO-TORUŃSKI";"kwota świadczeń rodzinnych";"2015";121133;"tys. zł";"";
040410600000;"PODREGION BYDGOSKO-TORUŃSKI";"kwota świadczeń rodzinnych";"2016";154669;"tys. zł";"";
040410600000;"PODREGION BYDGOSKO-TORUŃSKI";"kwota świadczeń rodzinnych";"2017";165999;"tys. zł";"";
040410600000;"PODREGION BYDGOSKO-TORUŃSKI";"kwota świadczeń rodzinnych";"2018";172615;"tys. zł";"";
040410600000;"PODREGION BYDGOSKO-TORUŃSKI";"kwota świadczeń rodzinnych";"2019";182566;"tys. zł";"";
040410600000;"PODREGION BYDGOSKO-TORUŃSKI";"kwota świadczeń rodzinnych";"2020";191195;"tys. zł";"";
040410600000;"PODREGION BYDGOSKO-TORUŃSKI";"kwota świadczeń rodzinnych";"2021";199066;"tys. zł";"";
040410700000;"PODREGION GRUDZIĄDZKI";"kwota świadczeń rodzinnych";"2008";104505;"tys. zł";"";
040410700000;"PODREGION GRUDZIĄDZKI";"kwota świadczeń rodzinnych";"2009";101238;"tys. zł";"";
040410700000;"PODREGION GRUDZIĄDZKI";"kwota świadczeń rodzinnych";"2010";110957;"tys. zł";"";
040410700000;"PODREGION GRUDZIĄDZKI";"kwota świadczeń rodzinnych";"2011";111442;"tys. zł";"";
040410700000;"PODREGION GRUDZIĄDZKI";"kwota świadczeń rodzinnych";"2012";111166;"tys. zł";"";
040410700000;"PODREGION GRUDZIĄDZKI";"kwota świadczeń rodzinnych";"2013";105068;"tys. zł";"";
040410700000;"PODREGION GRUDZIĄDZKI";"kwota świadczeń rodzinnych";"2014";94134;"tys. zł";"";
040410700000;"PODREGION GRUDZIĄDZKI";"kwota świadczeń rodzinnych";"2015";100236;"tys. zł";"";
040410700000;"PODREGION GRUDZIĄDZKI";"kwota świadczeń rodzinnych";"2016";125488;"tys. zł";"";
040410700000;"PODREGION GRUDZIĄDZKI";"kwota świadczeń rodzinnych";"2017";130953;"tys. zł";"";
040410700000;"PODREGION GRUDZIĄDZKI";"kwota świadczeń rodzinnych";"2018";130944;"tys. zł";"";
040410700000;"PODREGION GRUDZIĄDZKI";"kwota świadczeń rodzinnych";"2019";132373;"tys. zł";"";
040410700000;"PODREGION GRUDZIĄDZKI";"kwota świadczeń rodzinnych";"2020";141671;"tys. zł";"";
040410700000;"PODREGION GRUDZIĄDZKI";"kwota świadczeń rodzinnych";"2021";144975;"tys. zł";"";
040410800000;"PODREGION WŁOCŁAWSKI";"kwota świadczeń rodzinnych";"2008";97271;"tys. zł";"";
040410800000;"PODREGION WŁOCŁAWSKI";"kwota świadczeń rodzinnych";"2009";94531;"tys. zł";"";
040410800000;"PODREGION WŁOCŁAWSKI";"kwota świadczeń rodzinnych";"2010";103952;"tys. zł";"";
040410800000;"PODREGION WŁOCŁAWSKI";"kwota świadczeń rodzinnych";"2011";103363;"tys. zł";"";
040410800000;"PODREGION WŁOCŁAWSKI";"kwota świadczeń rodzinnych";"2012";103195;"tys. zł";"";
040410800000;"PODREGION WŁOCŁAWSKI";"kwota świadczeń rodzinnych";"2013";97549;"tys. zł";"";
040410800000;"PODREGION WŁOCŁAWSKI";"kwota świadczeń rodzinnych";"2014";89034;"tys. zł";"";
040410800000;"PODREGION WŁOCŁAWSKI";"kwota świadczeń rodzinnych";"2015";96755;"tys. zł";"";
040410800000;"PODREGION WŁOCŁAWSKI";"kwota świadczeń rodzinnych";"2016";118754;"tys. zł";"";
040410800000;"PODREGION WŁOCŁAWSKI";"kwota świadczeń rodzinnych";"2017";124195;"tys. zł";"";
040410800000;"PODREGION WŁOCŁAWSKI";"kwota świadczeń rodzinnych";"2018";123136;"tys. zł";"";
040410800000;"PODREGION WŁOCŁAWSKI";"kwota świadczeń rodzinnych";"2019";125392;"tys. zł";"";
040410800000;"PODREGION WŁOCŁAWSKI";"kwota świadczeń rodzinnych";"2020";132011;"tys. zł";"";
040410800000;"PODREGION WŁOCŁAWSKI";"kwota świadczeń rodzinnych";"2021";134568;"tys. zł";"";
040416700000;"PODREGION INOWROCŁAWSKI";"kwota świadczeń rodzinnych";"2008";89869;"tys. zł";"";
040416700000;"PODREGION INOWROCŁAWSKI";"kwota świadczeń rodzinnych";"2009";87721;"tys. zł";"";
040416700000;"PODREGION INOWROCŁAWSKI";"kwota świadczeń rodzinnych";"2010";96716;"tys. zł";"";
040416700000;"PODREGION INOWROCŁAWSKI";"kwota świadczeń rodzinnych";"2011";95689;"tys. zł";"";
040416700000;"PODREGION INOWROCŁAWSKI";"kwota świadczeń rodzinnych";"2012";93417;"tys. zł";"";
040416700000;"PODREGION INOWROCŁAWSKI";"kwota świadczeń rodzinnych";"2013";88382;"tys. zł";"";
040416700000;"PODREGION INOWROCŁAWSKI";"kwota świadczeń rodzinnych";"2014";80827;"tys. zł";"";
040416700000;"PODREGION INOWROCŁAWSKI";"kwota świadczeń rodzinnych";"2015";87741;"tys. zł";"";
040416700000;"PODREGION INOWROCŁAWSKI";"kwota świadczeń rodzinnych";"2016";108751;"tys. zł";"";
040416700000;"PODREGION INOWROCŁAWSKI";"kwota świadczeń rodzinnych";"2017";113100;"tys. zł";"";
040416700000;"PODREGION INOWROCŁAWSKI";"kwota świadczeń rodzinnych";"2018";114594;"tys. zł";"";
040416700000;"PODREGION INOWROCŁAWSKI";"kwota świadczeń rodzinnych";"2019";120163;"tys. zł";"";
040416700000;"PODREGION INOWROCŁAWSKI";"kwota świadczeń rodzinnych";"2020";130528;"tys. zł";"";
040416700000;"PODREGION INOWROCŁAWSKI";"kwota świadczeń rodzinnych";"2021";136911;"tys. zł";"";
040416800000;"PODREGION ŚWIECKI";"kwota świadczeń rodzinnych";"2008";56198;"tys. zł";"";
040416800000;"PODREGION ŚWIECKI";"kwota świadczeń rodzinnych";"2009";55634;"tys. zł";"";
040416800000;"PODREGION ŚWIECKI";"kwota świadczeń rodzinnych";"2010";62189;"tys. zł";"";
040416800000;"PODREGION ŚWIECKI";"kwota świadczeń rodzinnych";"2011";62658;"tys. zł";"";
040416800000;"PODREGION ŚWIECKI";"kwota świadczeń rodzinnych";"2012";61424;"tys. zł";"";
040416800000;"PODREGION ŚWIECKI";"kwota świadczeń rodzinnych";"2013";57825;"tys. zł";"";
040416800000;"PODREGION ŚWIECKI";"kwota świadczeń rodzinnych";"2014";52806;"tys. zł";"";
040416800000;"PODREGION ŚWIECKI";"kwota świadczeń rodzinnych";"2015";56738;"tys. zł";"";
040416800000;"PODREGION ŚWIECKI";"kwota świadczeń rodzinnych";"2016";69613;"tys. zł";"";
040416800000;"PODREGION ŚWIECKI";"kwota świadczeń rodzinnych";"2017";73454;"tys. zł";"";
040416800000;"PODREGION ŚWIECKI";"kwota świadczeń rodzinnych";"2018";73744;"tys. zł";"";
040416800000;"PODREGION ŚWIECKI";"kwota świadczeń rodzinnych";"2019";77450;"tys. zł";"";
040416800000;"PODREGION ŚWIECKI";"kwota świadczeń rodzinnych";"2020";84044;"tys. zł";"";
040416800000;"PODREGION ŚWIECKI";"kwota świadczeń rodzinnych";"2021";88469;"tys. zł";"";
042214000000;"PODREGION GDAŃSKI";"kwota świadczeń rodzinnych";"2008";137325;"tys. zł";"";
042214000000;"PODREGION GDAŃSKI";"kwota świadczeń rodzinnych";"2009";134980;"tys. zł";"";
042214000000;"PODREGION GDAŃSKI";"kwota świadczeń rodzinnych";"2010";151687;"tys. zł";"";
042214000000;"PODREGION GDAŃSKI";"kwota świadczeń rodzinnych";"2011";153262;"tys. zł";"";
042214000000;"PODREGION GDAŃSKI";"kwota świadczeń rodzinnych";"2012";155537;"tys. zł";"";
042214000000;"PODREGION GDAŃSKI";"kwota świadczeń rodzinnych";"2013";156054;"tys. zł";"";
042214000000;"PODREGION GDAŃSKI";"kwota świadczeń rodzinnych";"2014";148888;"tys. zł";"";
042214000000;"PODREGION GDAŃSKI";"kwota świadczeń rodzinnych";"2015";165024;"tys. zł";"";
042214000000;"PODREGION GDAŃSKI";"kwota świadczeń rodzinnych";"2016";207133;"tys. zł";"";
042214000000;"PODREGION GDAŃSKI";"kwota świadczeń rodzinnych";"2017";223725;"tys. zł";"";
042214000000;"PODREGION GDAŃSKI";"kwota świadczeń rodzinnych";"2018";232641;"tys. zł";"";
042214000000;"PODREGION GDAŃSKI";"kwota świadczeń rodzinnych";"2019";242121;"tys. zł";"";
042214000000;"PODREGION GDAŃSKI";"kwota świadczeń rodzinnych";"2020";251976;"tys. zł";"";
042214000000;"PODREGION GDAŃSKI";"kwota świadczeń rodzinnych";"2021";255887;"tys. zł";"";
042214100000;"PODREGION SŁUPSKI";"kwota świadczeń rodzinnych";"2008";79140;"tys. zł";"";
042214100000;"PODREGION SŁUPSKI";"kwota świadczeń rodzinnych";"2009";77874;"tys. zł";"";
042214100000;"PODREGION SŁUPSKI";"kwota świadczeń rodzinnych";"2010";87020;"tys. zł";"";
042214100000;"PODREGION SŁUPSKI";"kwota świadczeń rodzinnych";"2011";89187;"tys. zł";"";
042214100000;"PODREGION SŁUPSKI";"kwota świadczeń rodzinnych";"2012";88738;"tys. zł";"";
042214100000;"PODREGION SŁUPSKI";"kwota świadczeń rodzinnych";"2013";85871;"tys. zł";"";
042214100000;"PODREGION SŁUPSKI";"kwota świadczeń rodzinnych";"2014";79606;"tys. zł";"";
042214100000;"PODREGION SŁUPSKI";"kwota świadczeń rodzinnych";"2015";86778;"tys. zł";"";
042214100000;"PODREGION SŁUPSKI";"kwota świadczeń rodzinnych";"2016";107905;"tys. zł";"";
042214100000;"PODREGION SŁUPSKI";"kwota świadczeń rodzinnych";"2017";114355;"tys. zł";"";
042214100000;"PODREGION SŁUPSKI";"kwota świadczeń rodzinnych";"2018";115967;"tys. zł";"";
042214100000;"PODREGION SŁUPSKI";"kwota świadczeń rodzinnych";"2019";123240;"tys. zł";"";
042214100000;"PODREGION SŁUPSKI";"kwota świadczeń rodzinnych";"2020";136935;"tys. zł";"";
042214100000;"PODREGION SŁUPSKI";"kwota świadczeń rodzinnych";"2021";143043;"tys. zł";"";
042214200000;"PODREGION STAROGARDZKI";"kwota świadczeń rodzinnych";"2008";106388;"tys. zł";"";
042214200000;"PODREGION STAROGARDZKI";"kwota świadczeń rodzinnych";"2009";103485;"tys. zł";"";
042214200000;"PODREGION STAROGARDZKI";"kwota świadczeń rodzinnych";"2010";118229;"tys. zł";"";
042214200000;"PODREGION STAROGARDZKI";"kwota świadczeń rodzinnych";"2011";122158;"tys. zł";"";
042214200000;"PODREGION STAROGARDZKI";"kwota świadczeń rodzinnych";"2012";123206;"tys. zł";"";
042214200000;"PODREGION STAROGARDZKI";"kwota świadczeń rodzinnych";"2013";118329;"tys. zł";"";
042214200000;"PODREGION STAROGARDZKI";"kwota świadczeń rodzinnych";"2014";108121;"tys. zł";"";
042214200000;"PODREGION STAROGARDZKI";"kwota świadczeń rodzinnych";"2015";118902;"tys. zł";"";
042214200000;"PODREGION STAROGARDZKI";"kwota świadczeń rodzinnych";"2016";146831;"tys. zł";"";
042214200000;"PODREGION STAROGARDZKI";"kwota świadczeń rodzinnych";"2017";154236;"tys. zł";"";
042214200000;"PODREGION STAROGARDZKI";"kwota świadczeń rodzinnych";"2018";156017;"tys. zł";"";
042214200000;"PODREGION STAROGARDZKI";"kwota świadczeń rodzinnych";"2019";164646;"tys. zł";"";
042214200000;"PODREGION STAROGARDZKI";"kwota świadczeń rodzinnych";"2020";172096;"tys. zł";"";
042214200000;"PODREGION STAROGARDZKI";"kwota świadczeń rodzinnych";"2021";174421;"tys. zł";"";
042214300000;"PODREGION TRÓJMIEJSKI";"kwota świadczeń rodzinnych";"2008";77123;"tys. zł";"";
042214300000;"PODREGION TRÓJMIEJSKI";"kwota świadczeń rodzinnych";"2009";74825;"tys. zł";"";
042214300000;"PODREGION TRÓJMIEJSKI";"kwota świadczeń rodzinnych";"2010";82001;"tys. zł";"";
042214300000;"PODREGION TRÓJMIEJSKI";"kwota świadczeń rodzinnych";"2011";82074;"tys. zł";"";
042214300000;"PODREGION TRÓJMIEJSKI";"kwota świadczeń rodzinnych";"2012";82742;"tys. zł";"";
042214300000;"PODREGION TRÓJMIEJSKI";"kwota świadczeń rodzinnych";"2013";82701;"tys. zł";"";
042214300000;"PODREGION TRÓJMIEJSKI";"kwota świadczeń rodzinnych";"2014";80756;"tys. zł";"";
042214300000;"PODREGION TRÓJMIEJSKI";"kwota świadczeń rodzinnych";"2015";90443;"tys. zł";"";
042214300000;"PODREGION TRÓJMIEJSKI";"kwota świadczeń rodzinnych";"2016";112803;"tys. zł";"";
042214300000;"PODREGION TRÓJMIEJSKI";"kwota świadczeń rodzinnych";"2017";124144;"tys. zł";"";
042214300000;"PODREGION TRÓJMIEJSKI";"kwota świadczeń rodzinnych";"2018";132501;"tys. zł";"";
042214300000;"PODREGION TRÓJMIEJSKI";"kwota świadczeń rodzinnych";"2019";144540;"tys. zł";"";
042214300000;"PODREGION TRÓJMIEJSKI";"kwota świadczeń rodzinnych";"2020";160820;"tys. zł";"";
042214300000;"PODREGION TRÓJMIEJSKI";"kwota świadczeń rodzinnych";"2021";161927;"tys. zł";"";
042217200000;"PODREGION CHOJNICKI";"kwota świadczeń rodzinnych";"2008";76197;"tys. zł";"";
042217200000;"PODREGION CHOJNICKI";"kwota świadczeń rodzinnych";"2009";73670;"tys. zł";"";
042217200000;"PODREGION CHOJNICKI";"kwota świadczeń rodzinnych";"2010";81159;"tys. zł";"";
042217200000;"PODREGION CHOJNICKI";"kwota świadczeń rodzinnych";"2011";82728;"tys. zł";"";
042217200000;"PODREGION CHOJNICKI";"kwota świadczeń rodzinnych";"2012";83634;"tys. zł";"";
042217200000;"PODREGION CHOJNICKI";"kwota świadczeń rodzinnych";"2013";80339;"tys. zł";"";
042217200000;"PODREGION CHOJNICKI";"kwota świadczeń rodzinnych";"2014";73176;"tys. zł";"";
042217200000;"PODREGION CHOJNICKI";"kwota świadczeń rodzinnych";"2015";79887;"tys. zł";"";
042217200000;"PODREGION CHOJNICKI";"kwota świadczeń rodzinnych";"2016";94367;"tys. zł";"";
042217200000;"PODREGION CHOJNICKI";"kwota świadczeń rodzinnych";"2017";99349;"tys. zł";"";
042217200000;"PODREGION CHOJNICKI";"kwota świadczeń rodzinnych";"2018";100356;"tys. zł";"";
042217200000;"PODREGION CHOJNICKI";"kwota świadczeń rodzinnych";"2019";105578;"tys. zł";"";
042217200000;"PODREGION CHOJNICKI";"kwota świadczeń rodzinnych";"2020";115355;"tys. zł";"";
042217200000;"PODREGION CHOJNICKI";"kwota świadczeń rodzinnych";"2021";120411;"tys. zł";"";
042815400000;"PODREGION ELBLĄSKI";"kwota świadczeń rodzinnych";"2008";150276;"tys. zł";"";
042815400000;"PODREGION ELBLĄSKI";"kwota świadczeń rodzinnych";"2009";148531;"tys. zł";"";
042815400000;"PODREGION ELBLĄSKI";"kwota świadczeń rodzinnych";"2010";172378;"tys. zł";"";
042815400000;"PODREGION ELBLĄSKI";"kwota świadczeń rodzinnych";"2011";182156;"tys. zł";"";
042815400000;"PODREGION ELBLĄSKI";"kwota świadczeń rodzinnych";"2012";181722;"tys. zł";"";
042815400000;"PODREGION ELBLĄSKI";"kwota świadczeń rodzinnych";"2013";167203;"tys. zł";"";
042815400000;"PODREGION ELBLĄSKI";"kwota świadczeń rodzinnych";"2014";148252;"tys. zł";"";
042815400000;"PODREGION ELBLĄSKI";"kwota świadczeń rodzinnych";"2015";158608;"tys. zł";"";
042815400000;"PODREGION ELBLĄSKI";"kwota świadczeń rodzinnych";"2016";189290;"tys. zł";"";
042815400000;"PODREGION ELBLĄSKI";"kwota świadczeń rodzinnych";"2017";192611;"tys. zł";"";
042815400000;"PODREGION ELBLĄSKI";"kwota świadczeń rodzinnych";"2018";188914;"tys. zł";"";
042815400000;"PODREGION ELBLĄSKI";"kwota świadczeń rodzinnych";"2019";195817;"tys. zł";"";
042815400000;"PODREGION ELBLĄSKI";"kwota świadczeń rodzinnych";"2020";206575;"tys. zł";"";
042815400000;"PODREGION ELBLĄSKI";"kwota świadczeń rodzinnych";"2021";211013;"tys. zł";"";
042815500000;"PODREGION EŁCKI";"kwota świadczeń rodzinnych";"2008";71405;"tys. zł";"";
042815500000;"PODREGION EŁCKI";"kwota świadczeń rodzinnych";"2009";69315;"tys. zł";"";
042815500000;"PODREGION EŁCKI";"kwota świadczeń rodzinnych";"2010";76524;"tys. zł";"";
042815500000;"PODREGION EŁCKI";"kwota świadczeń rodzinnych";"2011";74376;"tys. zł";"";
042815500000;"PODREGION EŁCKI";"kwota świadczeń rodzinnych";"2012";71866;"tys. zł";"";
042815500000;"PODREGION EŁCKI";"kwota świadczeń rodzinnych";"2013";69352;"tys. zł";"";
042815500000;"PODREGION EŁCKI";"kwota świadczeń rodzinnych";"2014";64761;"tys. zł";"";
042815500000;"PODREGION EŁCKI";"kwota świadczeń rodzinnych";"2015";70029;"tys. zł";"";
042815500000;"PODREGION EŁCKI";"kwota świadczeń rodzinnych";"2016";87299;"tys. zł";"";
042815500000;"PODREGION EŁCKI";"kwota świadczeń rodzinnych";"2017";90337;"tys. zł";"";
042815500000;"PODREGION EŁCKI";"kwota świadczeń rodzinnych";"2018";89023;"tys. zł";"";
042815500000;"PODREGION EŁCKI";"kwota świadczeń rodzinnych";"2019";89101;"tys. zł";"";
042815500000;"PODREGION EŁCKI";"kwota świadczeń rodzinnych";"2020";92389;"tys. zł";"";
042815500000;"PODREGION EŁCKI";"kwota świadczeń rodzinnych";"2021";92398;"tys. zł";"";
042815600000;"PODREGION OLSZTYŃSKI";"kwota świadczeń rodzinnych";"2008";137589;"tys. zł";"";
042815600000;"PODREGION OLSZTYŃSKI";"kwota świadczeń rodzinnych";"2009";135082;"tys. zł";"";
042815600000;"PODREGION OLSZTYŃSKI";"kwota świadczeń rodzinnych";"2010";152205;"tys. zł";"";
042815600000;"PODREGION OLSZTYŃSKI";"kwota świadczeń rodzinnych";"2011";155523;"tys. zł";"";
042815600000;"PODREGION OLSZTYŃSKI";"kwota świadczeń rodzinnych";"2012";154804;"tys. zł";"";
042815600000;"PODREGION OLSZTYŃSKI";"kwota świadczeń rodzinnych";"2013";145962;"tys. zł";"";
042815600000;"PODREGION OLSZTYŃSKI";"kwota świadczeń rodzinnych";"2014";132513;"tys. zł";"";
042815600000;"PODREGION OLSZTYŃSKI";"kwota świadczeń rodzinnych";"2015";142548;"tys. zł";"";
042815600000;"PODREGION OLSZTYŃSKI";"kwota świadczeń rodzinnych";"2016";175279;"tys. zł";"";
042815600000;"PODREGION OLSZTYŃSKI";"kwota świadczeń rodzinnych";"2017";182342;"tys. zł";"";
042815600000;"PODREGION OLSZTYŃSKI";"kwota świadczeń rodzinnych";"2018";183633;"tys. zł";"";
042815600000;"PODREGION OLSZTYŃSKI";"kwota świadczeń rodzinnych";"2019";188749;"tys. zł";"";
042815600000;"PODREGION OLSZTYŃSKI";"kwota świadczeń rodzinnych";"2020";195232;"tys. zł";"";
042815600000;"PODREGION OLSZTYŃSKI";"kwota świadczeń rodzinnych";"2021";202376;"tys. zł";"";
051011500000;"PODREGION ŁÓDZKI";"kwota świadczeń rodzinnych";"2008";64959;"tys. zł";"";
051011500000;"PODREGION ŁÓDZKI";"kwota świadczeń rodzinnych";"2009";62956;"tys. zł";"";
051011500000;"PODREGION ŁÓDZKI";"kwota świadczeń rodzinnych";"2010";68101;"tys. zł";"";
051011500000;"PODREGION ŁÓDZKI";"kwota świadczeń rodzinnych";"2011";65232;"tys. zł";"";
051011500000;"PODREGION ŁÓDZKI";"kwota świadczeń rodzinnych";"2012";62897;"tys. zł";"";
051011500000;"PODREGION ŁÓDZKI";"kwota świadczeń rodzinnych";"2013";62430;"tys. zł";"";
051011500000;"PODREGION ŁÓDZKI";"kwota świadczeń rodzinnych";"2014";59836;"tys. zł";"";
051011500000;"PODREGION ŁÓDZKI";"kwota świadczeń rodzinnych";"2015";64835;"tys. zł";"";
051011500000;"PODREGION ŁÓDZKI";"kwota świadczeń rodzinnych";"2016";81013;"tys. zł";"";
051011500000;"PODREGION ŁÓDZKI";"kwota świadczeń rodzinnych";"2017";85170;"tys. zł";"";
051011500000;"PODREGION ŁÓDZKI";"kwota świadczeń rodzinnych";"2018";85599;"tys. zł";"";
051011500000;"PODREGION ŁÓDZKI";"kwota świadczeń rodzinnych";"2019";87528;"tys. zł";"";
051011500000;"PODREGION ŁÓDZKI";"kwota świadczeń rodzinnych";"2020";90431;"tys. zł";"";
051011500000;"PODREGION ŁÓDZKI";"kwota świadczeń rodzinnych";"2021";90294;"tys. zł";"";
051011600000;"PODREGION MIASTO ŁÓDŹ";"kwota świadczeń rodzinnych";"2008";88352;"tys. zł";"";
051011600000;"PODREGION MIASTO ŁÓDŹ";"kwota świadczeń rodzinnych";"2009";84394;"tys. zł";"";
051011600000;"PODREGION MIASTO ŁÓDŹ";"kwota świadczeń rodzinnych";"2010";91353;"tys. zł";"";
051011600000;"PODREGION MIASTO ŁÓDŹ";"kwota świadczeń rodzinnych";"2011";88912;"tys. zł";"";
051011600000;"PODREGION MIASTO ŁÓDŹ";"kwota świadczeń rodzinnych";"2012";86403;"tys. zł";"";
051011600000;"PODREGION MIASTO ŁÓDŹ";"kwota świadczeń rodzinnych";"2013";84916;"tys. zł";"";
051011600000;"PODREGION MIASTO ŁÓDŹ";"kwota świadczeń rodzinnych";"2014";82531;"tys. zł";"";
051011600000;"PODREGION MIASTO ŁÓDŹ";"kwota świadczeń rodzinnych";"2015";88484;"tys. zł";"";
051011600000;"PODREGION MIASTO ŁÓDŹ";"kwota świadczeń rodzinnych";"2016";108536;"tys. zł";"";
051011600000;"PODREGION MIASTO ŁÓDŹ";"kwota świadczeń rodzinnych";"2017";117749;"tys. zł";"";
051011600000;"PODREGION MIASTO ŁÓDŹ";"kwota świadczeń rodzinnych";"2018";123491;"tys. zł";"";
051011600000;"PODREGION MIASTO ŁÓDŹ";"kwota świadczeń rodzinnych";"2019";127228;"tys. zł";"";
051011600000;"PODREGION MIASTO ŁÓDŹ";"kwota świadczeń rodzinnych";"2020";141058;"tys. zł";"";
051011600000;"PODREGION MIASTO ŁÓDŹ";"kwota świadczeń rodzinnych";"2021";132754;"tys. zł";"";
051011700000;"PODREGION PIOTRKOWSKI";"kwota świadczeń rodzinnych";"2008";137781;"tys. zł";"";
051011700000;"PODREGION PIOTRKOWSKI";"kwota świadczeń rodzinnych";"2009";133239;"tys. zł";"";
051011700000;"PODREGION PIOTRKOWSKI";"kwota świadczeń rodzinnych";"2010";144391;"tys. zł";"";
051011700000;"PODREGION PIOTRKOWSKI";"kwota świadczeń rodzinnych";"2011";140894;"tys. zł";"";
051011700000;"PODREGION PIOTRKOWSKI";"kwota świadczeń rodzinnych";"2012";140490;"tys. zł";"";
051011700000;"PODREGION PIOTRKOWSKI";"kwota świadczeń rodzinnych";"2013";138161;"tys. zł";"";
051011700000;"PODREGION PIOTRKOWSKI";"kwota świadczeń rodzinnych";"2014";128995;"tys. zł";"";
051011700000;"PODREGION PIOTRKOWSKI";"kwota świadczeń rodzinnych";"2015";138576;"tys. zł";"";
051011700000;"PODREGION PIOTRKOWSKI";"kwota świadczeń rodzinnych";"2016";166581;"tys. zł";"";
051011700000;"PODREGION PIOTRKOWSKI";"kwota świadczeń rodzinnych";"2017";173320;"tys. zł";"";
051011700000;"PODREGION PIOTRKOWSKI";"kwota świadczeń rodzinnych";"2018";173846;"tys. zł";"";
051011700000;"PODREGION PIOTRKOWSKI";"kwota świadczeń rodzinnych";"2019";176536;"tys. zł";"";
051011700000;"PODREGION PIOTRKOWSKI";"kwota świadczeń rodzinnych";"2020";181204;"tys. zł";"";
051011700000;"PODREGION PIOTRKOWSKI";"kwota świadczeń rodzinnych";"2021";180133;"tys. zł";"";
051011800000;"PODREGION SIERADZKI";"kwota świadczeń rodzinnych";"2008";104420;"tys. zł";"";
051011800000;"PODREGION SIERADZKI";"kwota świadczeń rodzinnych";"2009";101607;"tys. zł";"";
051011800000;"PODREGION SIERADZKI";"kwota świadczeń rodzinnych";"2010";111843;"tys. zł";"";
051011800000;"PODREGION SIERADZKI";"kwota świadczeń rodzinnych";"2011";110097;"tys. zł";"";
051011800000;"PODREGION SIERADZKI";"kwota świadczeń rodzinnych";"2012";107602;"tys. zł";"";
051011800000;"PODREGION SIERADZKI";"kwota świadczeń rodzinnych";"2013";102826;"tys. zł";"";
051011800000;"PODREGION SIERADZKI";"kwota świadczeń rodzinnych";"2014";93348;"tys. zł";"";
051011800000;"PODREGION SIERADZKI";"kwota świadczeń rodzinnych";"2015";100000;"tys. zł";"";
051011800000;"PODREGION SIERADZKI";"kwota świadczeń rodzinnych";"2016";121872;"tys. zł";"";
051011800000;"PODREGION SIERADZKI";"kwota świadczeń rodzinnych";"2017";131793;"tys. zł";"";
051011800000;"PODREGION SIERADZKI";"kwota świadczeń rodzinnych";"2018";125621;"tys. zł";"";
051011800000;"PODREGION SIERADZKI";"kwota świadczeń rodzinnych";"2019";123999;"tys. zł";"";
051011800000;"PODREGION SIERADZKI";"kwota świadczeń rodzinnych";"2020";126116;"tys. zł";"";
051011800000;"PODREGION SIERADZKI";"kwota świadczeń rodzinnych";"2021";127956;"tys. zł";"";
051011900000;"PODREGION SKIERNIEWICKI";"kwota świadczeń rodzinnych";"2008";73882;"tys. zł";"";
051011900000;"PODREGION SKIERNIEWICKI";"kwota świadczeń rodzinnych";"2009";70560;"tys. zł";"";
051011900000;"PODREGION SKIERNIEWICKI";"kwota świadczeń rodzinnych";"2010";75813;"tys. zł";"";
051011900000;"PODREGION SKIERNIEWICKI";"kwota świadczeń rodzinnych";"2011";73652;"tys. zł";"";
051011900000;"PODREGION SKIERNIEWICKI";"kwota świadczeń rodzinnych";"2012";72253;"tys. zł";"";
051011900000;"PODREGION SKIERNIEWICKI";"kwota świadczeń rodzinnych";"2013";70724;"tys. zł";"";
051011900000;"PODREGION SKIERNIEWICKI";"kwota świadczeń rodzinnych";"2014";66755;"tys. zł";"";
051011900000;"PODREGION SKIERNIEWICKI";"kwota świadczeń rodzinnych";"2015";71786;"tys. zł";"";
051011900000;"PODREGION SKIERNIEWICKI";"kwota świadczeń rodzinnych";"2016";90486;"tys. zł";"";
051011900000;"PODREGION SKIERNIEWICKI";"kwota świadczeń rodzinnych";"2017";95588;"tys. zł";"";
051011900000;"PODREGION SKIERNIEWICKI";"kwota świadczeń rodzinnych";"2018";93176;"tys. zł";"";
051011900000;"PODREGION SKIERNIEWICKI";"kwota świadczeń rodzinnych";"2019";92108;"tys. zł";"";
051011900000;"PODREGION SKIERNIEWICKI";"kwota świadczeń rodzinnych";"2020";96006;"tys. zł";"";
051011900000;"PODREGION SKIERNIEWICKI";"kwota świadczeń rodzinnych";"2021";97037;"tys. zł";"";
052615200000;"PODREGION KIELECKI";"kwota świadczeń rodzinnych";"2008";183606;"tys. zł";"";
052615200000;"PODREGION KIELECKI";"kwota świadczeń rodzinnych";"2009";178680;"tys. zł";"";
052615200000;"PODREGION KIELECKI";"kwota świadczeń rodzinnych";"2010";198579;"tys. zł";"";
052615200000;"PODREGION KIELECKI";"kwota świadczeń rodzinnych";"2011";199604;"tys. zł";"";
052615200000;"PODREGION KIELECKI";"kwota świadczeń rodzinnych";"2012";203785;"tys. zł";"";
052615200000;"PODREGION KIELECKI";"kwota świadczeń rodzinnych";"2013";193935;"tys. zł";"";
052615200000;"PODREGION KIELECKI";"kwota świadczeń rodzinnych";"2014";176464;"tys. zł";"";
052615200000;"PODREGION KIELECKI";"kwota świadczeń rodzinnych";"2015";191241;"tys. zł";"";
052615200000;"PODREGION KIELECKI";"kwota świadczeń rodzinnych";"2016";230240;"tys. zł";"";
052615200000;"PODREGION KIELECKI";"kwota świadczeń rodzinnych";"2017";240576;"tys. zł";"";
052615200000;"PODREGION KIELECKI";"kwota świadczeń rodzinnych";"2018";241775;"tys. zł";"";
052615200000;"PODREGION KIELECKI";"kwota świadczeń rodzinnych";"2019";251225;"tys. zł";"";
052615200000;"PODREGION KIELECKI";"kwota świadczeń rodzinnych";"2020";267200;"tys. zł";"";
052615200000;"PODREGION KIELECKI";"kwota świadczeń rodzinnych";"2021";285819;"tys. zł";"";
052615300000;"PODREGION SANDOMIERSKO-JĘDRZEJOWSKI";"kwota świadczeń rodzinnych";"2008";127419;"tys. zł";"";
052615300000;"PODREGION SANDOMIERSKO-JĘDRZEJOWSKI";"kwota świadczeń rodzinnych";"2009";124936;"tys. zł";"";
052615300000;"PODREGION SANDOMIERSKO-JĘDRZEJOWSKI";"kwota świadczeń rodzinnych";"2010";140015;"tys. zł";"";
052615300000;"PODREGION SANDOMIERSKO-JĘDRZEJOWSKI";"kwota świadczeń rodzinnych";"2011";144419;"tys. zł";"";
052615300000;"PODREGION SANDOMIERSKO-JĘDRZEJOWSKI";"kwota świadczeń rodzinnych";"2012";149490;"tys. zł";"";
052615300000;"PODREGION SANDOMIERSKO-JĘDRZEJOWSKI";"kwota świadczeń rodzinnych";"2013";138346;"tys. zł";"";
052615300000;"PODREGION SANDOMIERSKO-JĘDRZEJOWSKI";"kwota świadczeń rodzinnych";"2014";121326;"tys. zł";"";
052615300000;"PODREGION SANDOMIERSKO-JĘDRZEJOWSKI";"kwota świadczeń rodzinnych";"2015";130113;"tys. zł";"";
052615300000;"PODREGION SANDOMIERSKO-JĘDRZEJOWSKI";"kwota świadczeń rodzinnych";"2016";154642;"tys. zł";"";
052615300000;"PODREGION SANDOMIERSKO-JĘDRZEJOWSKI";"kwota świadczeń rodzinnych";"2017";159138;"tys. zł";"";
052615300000;"PODREGION SANDOMIERSKO-JĘDRZEJOWSKI";"kwota świadczeń rodzinnych";"2018";152659;"tys. zł";"";
052615300000;"PODREGION SANDOMIERSKO-JĘDRZEJOWSKI";"kwota świadczeń rodzinnych";"2019";155562;"tys. zł";"";
052615300000;"PODREGION SANDOMIERSKO-JĘDRZEJOWSKI";"kwota świadczeń rodzinnych";"2020";163560;"tys. zł";"";
052615300000;"PODREGION SANDOMIERSKO-JĘDRZEJOWSKI";"kwota świadczeń rodzinnych";"2021";171698;"tys. zł";"";
060610900000;"PODREGION BIALSKI";"kwota świadczeń rodzinnych";"2008";78558;"tys. zł";"";
060610900000;"PODREGION BIALSKI";"kwota świadczeń rodzinnych";"2009";75910;"tys. zł";"";
060610900000;"PODREGION BIALSKI";"kwota świadczeń rodzinnych";"2010";84662;"tys. zł";"";
060610900000;"PODREGION BIALSKI";"kwota świadczeń rodzinnych";"2011";84500;"tys. zł";"";
060610900000;"PODREGION BIALSKI";"kwota świadczeń rodzinnych";"2012";83489;"tys. zł";"";
060610900000;"PODREGION BIALSKI";"kwota świadczeń rodzinnych";"2013";79912;"tys. zł";"";
060610900000;"PODREGION BIALSKI";"kwota świadczeń rodzinnych";"2014";73164;"tys. zł";"";
060610900000;"PODREGION BIALSKI";"kwota świadczeń rodzinnych";"2015";77748;"tys. zł";"";
060610900000;"PODREGION BIALSKI";"kwota świadczeń rodzinnych";"2016";96280;"tys. zł";"";
060610900000;"PODREGION BIALSKI";"kwota świadczeń rodzinnych";"2017";101076;"tys. zł";"";
060610900000;"PODREGION BIALSKI";"kwota świadczeń rodzinnych";"2018";99250;"tys. zł";"";
060610900000;"PODREGION BIALSKI";"kwota świadczeń rodzinnych";"2019";96586;"tys. zł";"";
060610900000;"PODREGION BIALSKI";"kwota świadczeń rodzinnych";"2020";99426;"tys. zł";"";
060610900000;"PODREGION BIALSKI";"kwota świadczeń rodzinnych";"2021";98908;"tys. zł";"";
060611000000;"PODREGION CHEŁMSKO-ZAMOJSKI";"kwota świadczeń rodzinnych";"2008";146910;"tys. zł";"";
060611000000;"PODREGION CHEŁMSKO-ZAMOJSKI";"kwota świadczeń rodzinnych";"2009";141986;"tys. zł";"";
060611000000;"PODREGION CHEŁMSKO-ZAMOJSKI";"kwota świadczeń rodzinnych";"2010";161113;"tys. zł";"";
060611000000;"PODREGION CHEŁMSKO-ZAMOJSKI";"kwota świadczeń rodzinnych";"2011";167726;"tys. zł";"";
060611000000;"PODREGION CHEŁMSKO-ZAMOJSKI";"kwota świadczeń rodzinnych";"2012";168463;"tys. zł";"";
060611000000;"PODREGION CHEŁMSKO-ZAMOJSKI";"kwota świadczeń rodzinnych";"2013";155697;"tys. zł";"";
060611000000;"PODREGION CHEŁMSKO-ZAMOJSKI";"kwota świadczeń rodzinnych";"2014";138467;"tys. zł";"";
060611000000;"PODREGION CHEŁMSKO-ZAMOJSKI";"kwota świadczeń rodzinnych";"2015";148782;"tys. zł";"";
060611000000;"PODREGION CHEŁMSKO-ZAMOJSKI";"kwota świadczeń rodzinnych";"2016";184339;"tys. zł";"";
060611000000;"PODREGION CHEŁMSKO-ZAMOJSKI";"kwota świadczeń rodzinnych";"2017";191557;"tys. zł";"";
060611000000;"PODREGION CHEŁMSKO-ZAMOJSKI";"kwota świadczeń rodzinnych";"2018";188925;"tys. zł";"";
060611000000;"PODREGION CHEŁMSKO-ZAMOJSKI";"kwota świadczeń rodzinnych";"2019";190542;"tys. zł";"";
060611000000;"PODREGION CHEŁMSKO-ZAMOJSKI";"kwota świadczeń rodzinnych";"2020";198439;"tys. zł";"";
060611000000;"PODREGION CHEŁMSKO-ZAMOJSKI";"kwota świadczeń rodzinnych";"2021";206461;"tys. zł";"";
060611100000;"PODREGION LUBELSKI";"kwota świadczeń rodzinnych";"2008";122148;"tys. zł";"";
060611100000;"PODREGION LUBELSKI";"kwota świadczeń rodzinnych";"2009";118955;"tys. zł";"";
060611100000;"PODREGION LUBELSKI";"kwota świadczeń rodzinnych";"2010";131892;"tys. zł";"";
060611100000;"PODREGION LUBELSKI";"kwota świadczeń rodzinnych";"2011";132496;"tys. zł";"";
060611100000;"PODREGION LUBELSKI";"kwota świadczeń rodzinnych";"2012";134259;"tys. zł";"";
060611100000;"PODREGION LUBELSKI";"kwota świadczeń rodzinnych";"2013";129972;"tys. zł";"";
060611100000;"PODREGION LUBELSKI";"kwota świadczeń rodzinnych";"2014";120524;"tys. zł";"";
060611100000;"PODREGION LUBELSKI";"kwota świadczeń rodzinnych";"2015";130457;"tys. zł";"";
060611100000;"PODREGION LUBELSKI";"kwota świadczeń rodzinnych";"2016";164542;"tys. zł";"";
060611100000;"PODREGION LUBELSKI";"kwota świadczeń rodzinnych";"2017";174799;"tys. zł";"";
060611100000;"PODREGION LUBELSKI";"kwota świadczeń rodzinnych";"2018";176496;"tys. zł";"";
060611100000;"PODREGION LUBELSKI";"kwota świadczeń rodzinnych";"2019";179776;"tys. zł";"";
060611100000;"PODREGION LUBELSKI";"kwota świadczeń rodzinnych";"2020";186157;"tys. zł";"";
060611100000;"PODREGION LUBELSKI";"kwota świadczeń rodzinnych";"2021";190200;"tys. zł";"";
060611200000;"PODREGION PUŁAWSKI";"kwota świadczeń rodzinnych";"2008";121808;"tys. zł";"";
060611200000;"PODREGION PUŁAWSKI";"kwota świadczeń rodzinnych";"2009";118097;"tys. zł";"";
060611200000;"PODREGION PUŁAWSKI";"kwota świadczeń rodzinnych";"2010";130912;"tys. zł";"";
060611200000;"PODREGION PUŁAWSKI";"kwota świadczeń rodzinnych";"2011";132465;"tys. zł";"";
060611200000;"PODREGION PUŁAWSKI";"kwota świadczeń rodzinnych";"2012";135712;"tys. zł";"";
060611200000;"PODREGION PUŁAWSKI";"kwota świadczeń rodzinnych";"2013";128450;"tys. zł";"";
060611200000;"PODREGION PUŁAWSKI";"kwota świadczeń rodzinnych";"2014";116159;"tys. zł";"";
060611200000;"PODREGION PUŁAWSKI";"kwota świadczeń rodzinnych";"2015";124590;"tys. zł";"";
060611200000;"PODREGION PUŁAWSKI";"kwota świadczeń rodzinnych";"2016";151824;"tys. zł";"";
060611200000;"PODREGION PUŁAWSKI";"kwota świadczeń rodzinnych";"2017";158181;"tys. zł";"";
060611200000;"PODREGION PUŁAWSKI";"kwota świadczeń rodzinnych";"2018";155322;"tys. zł";"";
060611200000;"PODREGION PUŁAWSKI";"kwota świadczeń rodzinnych";"2019";155455;"tys. zł";"";
060611200000;"PODREGION PUŁAWSKI";"kwota świadczeń rodzinnych";"2020";162887;"tys. zł";"";
060611200000;"PODREGION PUŁAWSKI";"kwota świadczeń rodzinnych";"2021";165873;"tys. zł";"";
061813300000;"PODREGION KROŚNIEŃSKI";"kwota świadczeń rodzinnych";"2008";128099;"tys. zł";"";
061813300000;"PODREGION KROŚNIEŃSKI";"kwota świadczeń rodzinnych";"2009";123469;"tys. zł";"";
061813300000;"PODREGION KROŚNIEŃSKI";"kwota świadczeń rodzinnych";"2010";135160;"tys. zł";"";
061813300000;"PODREGION KROŚNIEŃSKI";"kwota świadczeń rodzinnych";"2011";131917;"tys. zł";"";
061813300000;"PODREGION KROŚNIEŃSKI";"kwota świadczeń rodzinnych";"2012";130184;"tys. zł";"";
061813300000;"PODREGION KROŚNIEŃSKI";"kwota świadczeń rodzinnych";"2013";125734;"tys. zł";"";
061813300000;"PODREGION KROŚNIEŃSKI";"kwota świadczeń rodzinnych";"2014";115344;"tys. zł";"";
061813300000;"PODREGION KROŚNIEŃSKI";"kwota świadczeń rodzinnych";"2015";122914;"tys. zł";"";
061813300000;"PODREGION KROŚNIEŃSKI";"kwota świadczeń rodzinnych";"2016";149889;"tys. zł";"";
061813300000;"PODREGION KROŚNIEŃSKI";"kwota świadczeń rodzinnych";"2017";157556;"tys. zł";"";
061813300000;"PODREGION KROŚNIEŃSKI";"kwota świadczeń rodzinnych";"2018";160616;"tys. zł";"";
061813300000;"PODREGION KROŚNIEŃSKI";"kwota świadczeń rodzinnych";"2019";171681;"tys. zł";"";
061813300000;"PODREGION KROŚNIEŃSKI";"kwota świadczeń rodzinnych";"2020";195897;"tys. zł";"";
061813300000;"PODREGION KROŚNIEŃSKI";"kwota świadczeń rodzinnych";"2021";208916;"tys. zł";"";
061813400000;"PODREGION PRZEMYSKI";"kwota świadczeń rodzinnych";"2008";112986;"tys. zł";"";
061813400000;"PODREGION PRZEMYSKI";"kwota świadczeń rodzinnych";"2009";107995;"tys. zł";"";
061813400000;"PODREGION PRZEMYSKI";"kwota świadczeń rodzinnych";"2010";118636;"tys. zł";"";
061813400000;"PODREGION PRZEMYSKI";"kwota świadczeń rodzinnych";"2011";119617;"tys. zł";"";
061813400000;"PODREGION PRZEMYSKI";"kwota świadczeń rodzinnych";"2012";119563;"tys. zł";"";
061813400000;"PODREGION PRZEMYSKI";"kwota świadczeń rodzinnych";"2013";112255;"tys. zł";"";
061813400000;"PODREGION PRZEMYSKI";"kwota świadczeń rodzinnych";"2014";101010;"tys. zł";"";
061813400000;"PODREGION PRZEMYSKI";"kwota świadczeń rodzinnych";"2015";112273;"tys. zł";"";
061813400000;"PODREGION PRZEMYSKI";"kwota świadczeń rodzinnych";"2016";138121;"tys. zł";"";
061813400000;"PODREGION PRZEMYSKI";"kwota świadczeń rodzinnych";"2017";146132;"tys. zł";"";
061813400000;"PODREGION PRZEMYSKI";"kwota świadczeń rodzinnych";"2018";146116;"tys. zł";"";
061813400000;"PODREGION PRZEMYSKI";"kwota świadczeń rodzinnych";"2019";151679;"tys. zł";"";
061813400000;"PODREGION PRZEMYSKI";"kwota świadczeń rodzinnych";"2020";157522;"tys. zł";"";
061813400000;"PODREGION PRZEMYSKI";"kwota świadczeń rodzinnych";"2021";167701;"tys. zł";"";
061813500000;"PODREGION RZESZOWSKI";"kwota świadczeń rodzinnych";"2008";146438;"tys. zł";"";
061813500000;"PODREGION RZESZOWSKI";"kwota świadczeń rodzinnych";"2009";140594;"tys. zł";"";
061813500000;"PODREGION RZESZOWSKI";"kwota świadczeń rodzinnych";"2010";154484;"tys. zł";"";
061813500000;"PODREGION RZESZOWSKI";"kwota świadczeń rodzinnych";"2011";150573;"tys. zł";"";
061813500000;"PODREGION RZESZOWSKI";"kwota świadczeń rodzinnych";"2012";148858;"tys. zł";"";
061813500000;"PODREGION RZESZOWSKI";"kwota świadczeń rodzinnych";"2013";143863;"tys. zł";"";
061813500000;"PODREGION RZESZOWSKI";"kwota świadczeń rodzinnych";"2014";132524;"tys. zł";"";
061813500000;"PODREGION RZESZOWSKI";"kwota świadczeń rodzinnych";"2015";143593;"tys. zł";"";
061813500000;"PODREGION RZESZOWSKI";"kwota świadczeń rodzinnych";"2016";177101;"tys. zł";"";
061813500000;"PODREGION RZESZOWSKI";"kwota świadczeń rodzinnych";"2017";189863;"tys. zł";"";
061813500000;"PODREGION RZESZOWSKI";"kwota świadczeń rodzinnych";"2018";193361;"tys. zł";"";
061813500000;"PODREGION RZESZOWSKI";"kwota świadczeń rodzinnych";"2019";199376;"tys. zł";"";
061813500000;"PODREGION RZESZOWSKI";"kwota świadczeń rodzinnych";"2020";207858;"tys. zł";"";
061813500000;"PODREGION RZESZOWSKI";"kwota świadczeń rodzinnych";"2021";213073;"tys. zł";"";
061813600000;"PODREGION TARNOBRZESKI";"kwota świadczeń rodzinnych";"2008";150825;"tys. zł";"";
061813600000;"PODREGION TARNOBRZESKI";"kwota świadczeń rodzinnych";"2009";144288;"tys. zł";"";
061813600000;"PODREGION TARNOBRZESKI";"kwota świadczeń rodzinnych";"2010";159149;"tys. zł";"";
061813600000;"PODREGION TARNOBRZESKI";"kwota świadczeń rodzinnych";"2011";160053;"tys. zł";"";
061813600000;"PODREGION TARNOBRZESKI";"kwota świadczeń rodzinnych";"2012";160375;"tys. zł";"";
061813600000;"PODREGION TARNOBRZESKI";"kwota świadczeń rodzinnych";"2013";153028;"tys. zł";"";
061813600000;"PODREGION TARNOBRZESKI";"kwota świadczeń rodzinnych";"2014";137887;"tys. zł";"";
061813600000;"PODREGION TARNOBRZESKI";"kwota świadczeń rodzinnych";"2015";151056;"tys. zł";"";
061813600000;"PODREGION TARNOBRZESKI";"kwota świadczeń rodzinnych";"2016";185207;"tys. zł";"";
061813600000;"PODREGION TARNOBRZESKI";"kwota świadczeń rodzinnych";"2017";196363;"tys. zł";"";
061813600000;"PODREGION TARNOBRZESKI";"kwota świadczeń rodzinnych";"2018";199195;"tys. zł";"";
061813600000;"PODREGION TARNOBRZESKI";"kwota świadczeń rodzinnych";"2019";209310;"tys. zł";"";
061813600000;"PODREGION TARNOBRZESKI";"kwota świadczeń rodzinnych";"2020";223484;"tys. zł";"";
061813600000;"PODREGION TARNOBRZESKI";"kwota świadczeń rodzinnych";"2021";232999;"tys. zł";"";
062013700000;"PODREGION BIAŁOSTOCKI";"kwota świadczeń rodzinnych";"2008";79299;"tys. zł";"";
062013700000;"PODREGION BIAŁOSTOCKI";"kwota świadczeń rodzinnych";"2009";76651;"tys. zł";"";
062013700000;"PODREGION BIAŁOSTOCKI";"kwota świadczeń rodzinnych";"2010";83319;"tys. zł";"";
062013700000;"PODREGION BIAŁOSTOCKI";"kwota świadczeń rodzinnych";"2011";81251;"tys. zł";"";
062013700000;"PODREGION BIAŁOSTOCKI";"kwota świadczeń rodzinnych";"2012";82328;"tys. zł";"";
062013700000;"PODREGION BIAŁOSTOCKI";"kwota świadczeń rodzinnych";"2013";80451;"tys. zł";"";
062013700000;"PODREGION BIAŁOSTOCKI";"kwota świadczeń rodzinnych";"2014";76490;"tys. zł";"";
062013700000;"PODREGION BIAŁOSTOCKI";"kwota świadczeń rodzinnych";"2015";83924;"tys. zł";"";
062013700000;"PODREGION BIAŁOSTOCKI";"kwota świadczeń rodzinnych";"2016";106676;"tys. zł";"";
062013700000;"PODREGION BIAŁOSTOCKI";"kwota świadczeń rodzinnych";"2017";114686;"tys. zł";"";
062013700000;"PODREGION BIAŁOSTOCKI";"kwota świadczeń rodzinnych";"2018";118156;"tys. zł";"";
062013700000;"PODREGION BIAŁOSTOCKI";"kwota świadczeń rodzinnych";"2019";121341;"tys. zł";"";
062013700000;"PODREGION BIAŁOSTOCKI";"kwota świadczeń rodzinnych";"2020";126231;"tys. zł";"";
062013700000;"PODREGION BIAŁOSTOCKI";"kwota świadczeń rodzinnych";"2021";129411;"tys. zł";"";
062013800000;"PODREGION ŁOMŻYŃSKI";"kwota świadczeń rodzinnych";"2008";89968;"tys. zł";"";
062013800000;"PODREGION ŁOMŻYŃSKI";"kwota świadczeń rodzinnych";"2009";87682;"tys. zł";"";
062013800000;"PODREGION ŁOMŻYŃSKI";"kwota świadczeń rodzinnych";"2010";97947;"tys. zł";"";
062013800000;"PODREGION ŁOMŻYŃSKI";"kwota świadczeń rodzinnych";"2011";98455;"tys. zł";"";
062013800000;"PODREGION ŁOMŻYŃSKI";"kwota świadczeń rodzinnych";"2012";98411;"tys. zł";"";
062013800000;"PODREGION ŁOMŻYŃSKI";"kwota świadczeń rodzinnych";"2013";94087;"tys. zł";"";
062013800000;"PODREGION ŁOMŻYŃSKI";"kwota świadczeń rodzinnych";"2014";85262;"tys. zł";"";
062013800000;"PODREGION ŁOMŻYŃSKI";"kwota świadczeń rodzinnych";"2015";90819;"tys. zł";"";
062013800000;"PODREGION ŁOMŻYŃSKI";"kwota świadczeń rodzinnych";"2016";111454;"tys. zł";"";
062013800000;"PODREGION ŁOMŻYŃSKI";"kwota świadczeń rodzinnych";"2017";116979;"tys. zł";"";
062013800000;"PODREGION ŁOMŻYŃSKI";"kwota świadczeń rodzinnych";"2018";116045;"tys. zł";"";
062013800000;"PODREGION ŁOMŻYŃSKI";"kwota świadczeń rodzinnych";"2019";116248;"tys. zł";"";
062013800000;"PODREGION ŁOMŻYŃSKI";"kwota świadczeń rodzinnych";"2020";120283;"tys. zł";"";
062013800000;"PODREGION ŁOMŻYŃSKI";"kwota świadczeń rodzinnych";"2021";120800;"tys. zł";"";
062013900000;"PODREGION SUWALSKI";"kwota świadczeń rodzinnych";"2008";69609;"tys. zł";"";
062013900000;"PODREGION SUWALSKI";"kwota świadczeń rodzinnych";"2009";67645;"tys. zł";"";
062013900000;"PODREGION SUWALSKI";"kwota świadczeń rodzinnych";"2010";75183;"tys. zł";"";
062013900000;"PODREGION SUWALSKI";"kwota świadczeń rodzinnych";"2011";74806;"tys. zł";"";
062013900000;"PODREGION SUWALSKI";"kwota świadczeń rodzinnych";"2012";74869;"tys. zł";"";
062013900000;"PODREGION SUWALSKI";"kwota świadczeń rodzinnych";"2013";70888;"tys. zł";"";
062013900000;"PODREGION SUWALSKI";"kwota świadczeń rodzinnych";"2014";63452;"tys. zł";"";
062013900000;"PODREGION SUWALSKI";"kwota świadczeń rodzinnych";"2015";67026;"tys. zł";"";
062013900000;"PODREGION SUWALSKI";"kwota świadczeń rodzinnych";"2016";81730;"tys. zł";"";
062013900000;"PODREGION SUWALSKI";"kwota świadczeń rodzinnych";"2017";85654;"tys. zł";"";
062013900000;"PODREGION SUWALSKI";"kwota świadczeń rodzinnych";"2018";83963;"tys. zł";"";
062013900000;"PODREGION SUWALSKI";"kwota świadczeń rodzinnych";"2019";83156;"tys. zł";"";
062013900000;"PODREGION SUWALSKI";"kwota świadczeń rodzinnych";"2020";86990;"tys. zł";"";
062013900000;"PODREGION SUWALSKI";"kwota świadczeń rodzinnych";"2021";92072;"tys. zł";"";
071412800000;"PODREGION MIASTO WARSZAWA";"kwota świadczeń rodzinnych";"2008";107875;"tys. zł";"";
071412800000;"PODREGION MIASTO WARSZAWA";"kwota świadczeń rodzinnych";"2009";107611;"tys. zł";"";
071412800000;"PODREGION MIASTO WARSZAWA";"kwota świadczeń rodzinnych";"2010";116602;"tys. zł";"";
071412800000;"PODREGION MIASTO WARSZAWA";"kwota świadczeń rodzinnych";"2011";118430;"tys. zł";"";
071412800000;"PODREGION MIASTO WARSZAWA";"kwota świadczeń rodzinnych";"2012";119410;"tys. zł";"";
071412800000;"PODREGION MIASTO WARSZAWA";"kwota świadczeń rodzinnych";"2013";114771;"tys. zł";"";
071412800000;"PODREGION MIASTO WARSZAWA";"kwota świadczeń rodzinnych";"2014";115159;"tys. zł";"";
071412800000;"PODREGION MIASTO WARSZAWA";"kwota świadczeń rodzinnych";"2015";134253;"tys. zł";"";
071412800000;"PODREGION MIASTO WARSZAWA";"kwota świadczeń rodzinnych";"2016";176018;"tys. zł";"";
071412800000;"PODREGION MIASTO WARSZAWA";"kwota świadczeń rodzinnych";"2017";192903;"tys. zł";"";
071412800000;"PODREGION MIASTO WARSZAWA";"kwota świadczeń rodzinnych";"2018";199403;"tys. zł";"";
071412800000;"PODREGION MIASTO WARSZAWA";"kwota świadczeń rodzinnych";"2019";204661;"tys. zł";"";
071412800000;"PODREGION MIASTO WARSZAWA";"kwota świadczeń rodzinnych";"2020";203377;"tys. zł";"";
071412800000;"PODREGION MIASTO WARSZAWA";"kwota świadczeń rodzinnych";"2021";206345;"tys. zł";"";
071412900000;"PODREGION WARSZAWSKI WSCHODNI";"kwota świadczeń rodzinnych";"2008";91499;"tys. zł";"";
071412900000;"PODREGION WARSZAWSKI WSCHODNI";"kwota świadczeń rodzinnych";"2009";88038;"tys. zł";"";
071412900000;"PODREGION WARSZAWSKI WSCHODNI";"kwota świadczeń rodzinnych";"2010";95097;"tys. zł";"";
071412900000;"PODREGION WARSZAWSKI WSCHODNI";"kwota świadczeń rodzinnych";"2011";92418;"tys. zł";"";
071412900000;"PODREGION WARSZAWSKI WSCHODNI";"kwota świadczeń rodzinnych";"2012";89841;"tys. zł";"";
071412900000;"PODREGION WARSZAWSKI WSCHODNI";"kwota świadczeń rodzinnych";"2013";90919;"tys. zł";"";
071412900000;"PODREGION WARSZAWSKI WSCHODNI";"kwota świadczeń rodzinnych";"2014";89052;"tys. zł";"";
071412900000;"PODREGION WARSZAWSKI WSCHODNI";"kwota świadczeń rodzinnych";"2015";99396;"tys. zł";"";
071412900000;"PODREGION WARSZAWSKI WSCHODNI";"kwota świadczeń rodzinnych";"2016";130071;"tys. zł";"";
071412900000;"PODREGION WARSZAWSKI WSCHODNI";"kwota świadczeń rodzinnych";"2017";143522;"tys. zł";"";
071412900000;"PODREGION WARSZAWSKI WSCHODNI";"kwota świadczeń rodzinnych";"2018";149144;"tys. zł";"";
071412900000;"PODREGION WARSZAWSKI WSCHODNI";"kwota świadczeń rodzinnych";"2019";152583;"tys. zł";"";
071412900000;"PODREGION WARSZAWSKI WSCHODNI";"kwota świadczeń rodzinnych";"2020";157717;"tys. zł";"";
071412900000;"PODREGION WARSZAWSKI WSCHODNI";"kwota świadczeń rodzinnych";"2021";156797;"tys. zł";"";
071413000000;"PODREGION WARSZAWSKI ZACHODNI";"kwota świadczeń rodzinnych";"2008";69435;"tys. zł";"";
071413000000;"PODREGION WARSZAWSKI ZACHODNI";"kwota świadczeń rodzinnych";"2009";67460;"tys. zł";"";
071413000000;"PODREGION WARSZAWSKI ZACHODNI";"kwota świadczeń rodzinnych";"2010";73395;"tys. zł";"";
071413000000;"PODREGION WARSZAWSKI ZACHODNI";"kwota świadczeń rodzinnych";"2011";71518;"tys. zł";"";
071413000000;"PODREGION WARSZAWSKI ZACHODNI";"kwota świadczeń rodzinnych";"2012";70548;"tys. zł";"";
071413000000;"PODREGION WARSZAWSKI ZACHODNI";"kwota świadczeń rodzinnych";"2013";70816;"tys. zł";"";
071413000000;"PODREGION WARSZAWSKI ZACHODNI";"kwota świadczeń rodzinnych";"2014";70732;"tys. zł";"";
071413000000;"PODREGION WARSZAWSKI ZACHODNI";"kwota świadczeń rodzinnych";"2015";82321;"tys. zł";"";
071413000000;"PODREGION WARSZAWSKI ZACHODNI";"kwota świadczeń rodzinnych";"2016";106010;"tys. zł";"";
071413000000;"PODREGION WARSZAWSKI ZACHODNI";"kwota świadczeń rodzinnych";"2017";115357;"tys. zł";"";
071413000000;"PODREGION WARSZAWSKI ZACHODNI";"kwota świadczeń rodzinnych";"2018";122749;"tys. zł";"";
071413000000;"PODREGION WARSZAWSKI ZACHODNI";"kwota świadczeń rodzinnych";"2019";129526;"tys. zł";"";
071413000000;"PODREGION WARSZAWSKI ZACHODNI";"kwota świadczeń rodzinnych";"2020";134193;"tys. zł";"";
071413000000;"PODREGION WARSZAWSKI ZACHODNI";"kwota świadczeń rodzinnych";"2021";136630;"tys. zł";"";
071422500000;"PODREGION CIECHANOWSKI";"kwota świadczeń rodzinnych";"2008";82778;"tys. zł";"";
071422500000;"PODREGION CIECHANOWSKI";"kwota świadczeń rodzinnych";"2009";79971;"tys. zł";"";
071422500000;"PODREGION CIECHANOWSKI";"kwota świadczeń rodzinnych";"2010";89883;"tys. zł";"";
071422500000;"PODREGION CIECHANOWSKI";"kwota świadczeń rodzinnych";"2011";91506;"tys. zł";"";
071422500000;"PODREGION CIECHANOWSKI";"kwota świadczeń rodzinnych";"2012";89741;"tys. zł";"";
071422500000;"PODREGION CIECHANOWSKI";"kwota świadczeń rodzinnych";"2013";85697;"tys. zł";"";
071422500000;"PODREGION CIECHANOWSKI";"kwota świadczeń rodzinnych";"2014";78494;"tys. zł";"";
071422500000;"PODREGION CIECHANOWSKI";"kwota świadczeń rodzinnych";"2015";84276;"tys. zł";"";
071422500000;"PODREGION CIECHANOWSKI";"kwota świadczeń rodzinnych";"2016";106468;"tys. zł";"";
071422500000;"PODREGION CIECHANOWSKI";"kwota świadczeń rodzinnych";"2017";110478;"tys. zł";"";
071422500000;"PODREGION CIECHANOWSKI";"kwota świadczeń rodzinnych";"2018";110034;"tys. zł";"";
071422500000;"PODREGION CIECHANOWSKI";"kwota świadczeń rodzinnych";"2019";111327;"tys. zł";"";
071422500000;"PODREGION CIECHANOWSKI";"kwota świadczeń rodzinnych";"2020";119223;"tys. zł";"";
071422500000;"PODREGION CIECHANOWSKI";"kwota świadczeń rodzinnych";"2021";122076;"tys. zł";"";
071422600000;"PODREGION OSTROŁĘCKI";"kwota świadczeń rodzinnych";"2008";101961;"tys. zł";"";
071422600000;"PODREGION OSTROŁĘCKI";"kwota świadczeń rodzinnych";"2009";99541;"tys. zł";"";
071422600000;"PODREGION OSTROŁĘCKI";"kwota świadczeń rodzinnych";"2010";111925;"tys. zł";"";
071422600000;"PODREGION OSTROŁĘCKI";"kwota świadczeń rodzinnych";"2011";113723;"tys. zł";"";
071422600000;"PODREGION OSTROŁĘCKI";"kwota świadczeń rodzinnych";"2012";115319;"tys. zł";"";
071422600000;"PODREGION OSTROŁĘCKI";"kwota świadczeń rodzinnych";"2013";111121;"tys. zł";"";
071422600000;"PODREGION OSTROŁĘCKI";"kwota świadczeń rodzinnych";"2014";101087;"tys. zł";"";
071422600000;"PODREGION OSTROŁĘCKI";"kwota świadczeń rodzinnych";"2015";108596;"tys. zł";"";
071422600000;"PODREGION OSTROŁĘCKI";"kwota świadczeń rodzinnych";"2016";132242;"tys. zł";"";
071422600000;"PODREGION OSTROŁĘCKI";"kwota świadczeń rodzinnych";"2017";137296;"tys. zł";"";
071422600000;"PODREGION OSTROŁĘCKI";"kwota świadczeń rodzinnych";"2018";136467;"tys. zł";"";
071422600000;"PODREGION OSTROŁĘCKI";"kwota świadczeń rodzinnych";"2019";136217;"tys. zł";"";
071422600000;"PODREGION OSTROŁĘCKI";"kwota świadczeń rodzinnych";"2020";141025;"tys. zł";"";
071422600000;"PODREGION OSTROŁĘCKI";"kwota świadczeń rodzinnych";"2021";142544;"tys. zł";"";
071422700000;"PODREGION RADOMSKI";"kwota świadczeń rodzinnych";"2008";150621;"tys. zł";"";
071422700000;"PODREGION RADOMSKI";"kwota świadczeń rodzinnych";"2009";143233;"tys. zł";"";
071422700000;"PODREGION RADOMSKI";"kwota świadczeń rodzinnych";"2010";162267;"tys. zł";"";
071422700000;"PODREGION RADOMSKI";"kwota świadczeń rodzinnych";"2011";161337;"tys. zł";"";
071422700000;"PODREGION RADOMSKI";"kwota świadczeń rodzinnych";"2012";163454;"tys. zł";"";
071422700000;"PODREGION RADOMSKI";"kwota świadczeń rodzinnych";"2013";157354;"tys. zł";"";
071422700000;"PODREGION RADOMSKI";"kwota świadczeń rodzinnych";"2014";143180;"tys. zł";"";
071422700000;"PODREGION RADOMSKI";"kwota świadczeń rodzinnych";"2015";154916;"tys. zł";"";
071422700000;"PODREGION RADOMSKI";"kwota świadczeń rodzinnych";"2016";190852;"tys. zł";"";
071422700000;"PODREGION RADOMSKI";"kwota świadczeń rodzinnych";"2017";202660;"tys. zł";"";
071422700000;"PODREGION RADOMSKI";"kwota świadczeń rodzinnych";"2018";204855;"tys. zł";"";
071422700000;"PODREGION RADOMSKI";"kwota świadczeń rodzinnych";"2019";210606;"tys. zł";"";
071422700000;"PODREGION RADOMSKI";"kwota świadczeń rodzinnych";"2020";217334;"tys. zł";"";
071422700000;"PODREGION RADOMSKI";"kwota świadczeń rodzinnych";"2021";219750;"tys. zł";"";
071427000000;"PODREGION PŁOCKI";"kwota świadczeń rodzinnych";"2008";69194;"tys. zł";"";
071427000000;"PODREGION PŁOCKI";"kwota świadczeń rodzinnych";"2009";66749;"tys. zł";"";
071427000000;"PODREGION PŁOCKI";"kwota świadczeń rodzinnych";"2010";72796;"tys. zł";"";
071427000000;"PODREGION PŁOCKI";"kwota świadczeń rodzinnych";"2011";72199;"tys. zł";"";
071427000000;"PODREGION PŁOCKI";"kwota świadczeń rodzinnych";"2012";71733;"tys. zł";"";
071427000000;"PODREGION PŁOCKI";"kwota świadczeń rodzinnych";"2013";69578;"tys. zł";"";
071427000000;"PODREGION PŁOCKI";"kwota świadczeń rodzinnych";"2014";65269;"tys. zł";"";
071427000000;"PODREGION PŁOCKI";"kwota świadczeń rodzinnych";"2015";70969;"tys. zł";"";
071427000000;"PODREGION PŁOCKI";"kwota świadczeń rodzinnych";"2016";89692;"tys. zł";"";
071427000000;"PODREGION PŁOCKI";"kwota świadczeń rodzinnych";"2017";94668;"tys. zł";"";
071427000000;"PODREGION PŁOCKI";"kwota świadczeń rodzinnych";"2018";96059;"tys. zł";"";
071427000000;"PODREGION PŁOCKI";"kwota świadczeń rodzinnych";"2019";97091;"tys. zł";"";
071427000000;"PODREGION PŁOCKI";"kwota świadczeń rodzinnych";"2020";100290;"tys. zł";"";
071427000000;"PODREGION PŁOCKI";"kwota świadczeń rodzinnych";"2021";99340;"tys. zł";"";
071427100000;"PODREGION SIEDLECKI";"kwota świadczeń rodzinnych";"2008";103369;"tys. zł";"";
071427100000;"PODREGION SIEDLECKI";"kwota świadczeń rodzinnych";"2009";98530;"tys. zł";"";
071427100000;"PODREGION SIEDLECKI";"kwota świadczeń rodzinnych";"2010";106707;"tys. zł";"";
071427100000;"PODREGION SIEDLECKI";"kwota świadczeń rodzinnych";"2011";104152;"tys. zł";"";
071427100000;"PODREGION SIEDLECKI";"kwota świadczeń rodzinnych";"2012";101753;"tys. zł";"";
071427100000;"PODREGION SIEDLECKI";"kwota świadczeń rodzinnych";"2013";99592;"tys. zł";"";
071427100000;"PODREGION SIEDLECKI";"kwota świadczeń rodzinnych";"2014";93334;"tys. zł";"";
071427100000;"PODREGION SIEDLECKI";"kwota świadczeń rodzinnych";"2015";100760;"tys. zł";"";
071427100000;"PODREGION SIEDLECKI";"kwota świadczeń rodzinnych";"2016";126194;"tys. zł";"";
071427100000;"PODREGION SIEDLECKI";"kwota świadczeń rodzinnych";"2017";132545;"tys. zł";"";
071427100000;"PODREGION SIEDLECKI";"kwota świadczeń rodzinnych";"2018";130134;"tys. zł";"";
071427100000;"PODREGION SIEDLECKI";"kwota świadczeń rodzinnych";"2019";129307;"tys. zł";"";
071427100000;"PODREGION SIEDLECKI";"kwota świadczeń rodzinnych";"2020";132004;"tys. zł";"";
071427100000;"PODREGION SIEDLECKI";"kwota świadczeń rodzinnych";"2021";130145;"tys. zł";"";
071427300000;"PODREGION ŻYRARDOWSKI";"kwota świadczeń rodzinnych";"2008";47616;"tys. zł";"";
071427300000;"PODREGION ŻYRARDOWSKI";"kwota świadczeń rodzinnych";"2009";45227;"tys. zł";"";
071427300000;"PODREGION ŻYRARDOWSKI";"kwota świadczeń rodzinnych";"2010";49975;"tys. zł";"";
071427300000;"PODREGION ŻYRARDOWSKI";"kwota świadczeń rodzinnych";"2011";48921;"tys. zł";"";
071427300000;"PODREGION ŻYRARDOWSKI";"kwota świadczeń rodzinnych";"2012";46947;"tys. zł";"";
071427300000;"PODREGION ŻYRARDOWSKI";"kwota świadczeń rodzinnych";"2013";46561;"tys. zł";"";
071427300000;"PODREGION ŻYRARDOWSKI";"kwota świadczeń rodzinnych";"2014";44692;"tys. zł";"";
071427300000;"PODREGION ŻYRARDOWSKI";"kwota świadczeń rodzinnych";"2015";48999;"tys. zł";"";
071427300000;"PODREGION ŻYRARDOWSKI";"kwota świadczeń rodzinnych";"2016";62688;"tys. zł";"";
071427300000;"PODREGION ŻYRARDOWSKI";"kwota świadczeń rodzinnych";"2017";67016;"tys. zł";"";
071427300000;"PODREGION ŻYRARDOWSKI";"kwota świadczeń rodzinnych";"2018";68320;"tys. zł";"";
071427300000;"PODREGION ŻYRARDOWSKI";"kwota świadczeń rodzinnych";"2019";68601;"tys. zł";"";
071427300000;"PODREGION ŻYRARDOWSKI";"kwota świadczeń rodzinnych";"2020";70363;"tys. zł";"";
071427300000;"PODREGION ŻYRARDOWSKI";"kwota świadczeń rodzinnych";"2021";71332;"tys. zł";"";
