"Kod";"Nazwa";"Transakcje rynkowe";"Powierzchnia użytkowa lokali mieszkalnych";"Rok";"Wartosc";"Jednostka miary";"Atrybut";
011212000000;"PODREGION KRAKOWSKI";"ogółem";"ogółem";"2010";4476;"zł";"";
011212000000;"PODREGION KRAKOWSKI";"ogółem";"ogółem";"2011";4605;"zł";"";
011212000000;"PODREGION KRAKOWSKI";"ogółem";"ogółem";"2012";4147;"zł";"";
011212000000;"PODREGION KRAKOWSKI";"ogółem";"ogółem";"2013";4076;"zł";"";
011212000000;"PODREGION KRAKOWSKI";"ogółem";"ogółem";"2014";4290;"zł";"";
011212000000;"PODREGION KRAKOWSKI";"ogółem";"ogółem";"2015";4303;"zł";"";
011212000000;"PODREGION KRAKOWSKI";"ogółem";"ogółem";"2016";4294;"zł";"";
011212000000;"PODREGION KRAKOWSKI";"ogółem";"ogółem";"2017";4509;"zł";"";
011212000000;"PODREGION KRAKOWSKI";"ogółem";"ogółem";"2018";4572;"zł";"";
011212000000;"PODREGION KRAKOWSKI";"ogółem";"ogółem";"2019";4894;"zł";"";
011212000000;"PODREGION KRAKOWSKI";"ogółem";"ogółem";"2020";5367;"zł";"";
011212000000;"PODREGION KRAKOWSKI";"ogółem";"ogółem";"2021";5834;"zł";"";
011212100000;"PODREGION MIASTO KRAKÓW";"ogółem";"ogółem";"2010";6282;"zł";"";
011212100000;"PODREGION MIASTO KRAKÓW";"ogółem";"ogółem";"2011";6405;"zł";"";
011212100000;"PODREGION MIASTO KRAKÓW";"ogółem";"ogółem";"2012";6254;"zł";"";
011212100000;"PODREGION MIASTO KRAKÓW";"ogółem";"ogółem";"2013";5959;"zł";"";
011212100000;"PODREGION MIASTO KRAKÓW";"ogółem";"ogółem";"2014";6184;"zł";"";
011212100000;"PODREGION MIASTO KRAKÓW";"ogółem";"ogółem";"2015";6102;"zł";"";
011212100000;"PODREGION MIASTO KRAKÓW";"ogółem";"ogółem";"2016";6180;"zł";"";
011212100000;"PODREGION MIASTO KRAKÓW";"ogółem";"ogółem";"2017";6246;"zł";"";
011212100000;"PODREGION MIASTO KRAKÓW";"ogółem";"ogółem";"2018";6511;"zł";"";
011212100000;"PODREGION MIASTO KRAKÓW";"ogółem";"ogółem";"2019";7002;"zł";"";
011212100000;"PODREGION MIASTO KRAKÓW";"ogółem";"ogółem";"2020";8094;"zł";"";
011212100000;"PODREGION MIASTO KRAKÓW";"ogółem";"ogółem";"2021";8869;"zł";"";
011212200000;"PODREGION NOWOSĄDECKI";"ogółem";"ogółem";"2010";2908;"zł";"";
011212200000;"PODREGION NOWOSĄDECKI";"ogółem";"ogółem";"2011";3037;"zł";"";
011212200000;"PODREGION NOWOSĄDECKI";"ogółem";"ogółem";"2012";3064;"zł";"";
011212200000;"PODREGION NOWOSĄDECKI";"ogółem";"ogółem";"2013";3099;"zł";"";
011212200000;"PODREGION NOWOSĄDECKI";"ogółem";"ogółem";"2014";2907;"zł";"";
011212200000;"PODREGION NOWOSĄDECKI";"ogółem";"ogółem";"2015";2835;"zł";"";
011212200000;"PODREGION NOWOSĄDECKI";"ogółem";"ogółem";"2016";3183;"zł";"";
011212200000;"PODREGION NOWOSĄDECKI";"ogółem";"ogółem";"2017";3259;"zł";"";
011212200000;"PODREGION NOWOSĄDECKI";"ogółem";"ogółem";"2018";3716;"zł";"";
011212200000;"PODREGION NOWOSĄDECKI";"ogółem";"ogółem";"2019";3854;"zł";"";
011212200000;"PODREGION NOWOSĄDECKI";"ogółem";"ogółem";"2020";4286;"zł";"";
011212200000;"PODREGION NOWOSĄDECKI";"ogółem";"ogółem";"2021";4949;"zł";"";
011212300000;"PODREGION OŚWIĘCIMSKI";"ogółem";"ogółem";"2010";2857;"zł";"";
011212300000;"PODREGION OŚWIĘCIMSKI";"ogółem";"ogółem";"2011";2846;"zł";"";
011212300000;"PODREGION OŚWIĘCIMSKI";"ogółem";"ogółem";"2012";2718;"zł";"";
011212300000;"PODREGION OŚWIĘCIMSKI";"ogółem";"ogółem";"2013";2673;"zł";"";
011212300000;"PODREGION OŚWIĘCIMSKI";"ogółem";"ogółem";"2014";2711;"zł";"";
011212300000;"PODREGION OŚWIĘCIMSKI";"ogółem";"ogółem";"2015";2695;"zł";"";
011212300000;"PODREGION OŚWIĘCIMSKI";"ogółem";"ogółem";"2016";2712;"zł";"";
011212300000;"PODREGION OŚWIĘCIMSKI";"ogółem";"ogółem";"2017";2772;"zł";"";
011212300000;"PODREGION OŚWIĘCIMSKI";"ogółem";"ogółem";"2018";3103;"zł";"";
011212300000;"PODREGION OŚWIĘCIMSKI";"ogółem";"ogółem";"2019";3612;"zł";"";
011212300000;"PODREGION OŚWIĘCIMSKI";"ogółem";"ogółem";"2020";4249;"zł";"";
011212300000;"PODREGION OŚWIĘCIMSKI";"ogółem";"ogółem";"2021";4698;"zł";"";
011212400000;"PODREGION TARNOWSKI";"ogółem";"ogółem";"2010";2988;"zł";"";
011212400000;"PODREGION TARNOWSKI";"ogółem";"ogółem";"2011";3103;"zł";"";
011212400000;"PODREGION TARNOWSKI";"ogółem";"ogółem";"2012";3049;"zł";"";
011212400000;"PODREGION TARNOWSKI";"ogółem";"ogółem";"2013";3250;"zł";"";
011212400000;"PODREGION TARNOWSKI";"ogółem";"ogółem";"2014";3000;"zł";"";
011212400000;"PODREGION TARNOWSKI";"ogółem";"ogółem";"2015";2916;"zł";"";
011212400000;"PODREGION TARNOWSKI";"ogółem";"ogółem";"2016";3027;"zł";"";
011212400000;"PODREGION TARNOWSKI";"ogółem";"ogółem";"2017";3104;"zł";"";
011212400000;"PODREGION TARNOWSKI";"ogółem";"ogółem";"2018";3424;"zł";"";
011212400000;"PODREGION TARNOWSKI";"ogółem";"ogółem";"2019";3777;"zł";"";
011212400000;"PODREGION TARNOWSKI";"ogółem";"ogółem";"2020";4188;"zł";"";
011212400000;"PODREGION TARNOWSKI";"ogółem";"ogółem";"2021";4624;"zł";"";
011216900000;"PODREGION NOWOTARSKI";"ogółem";"ogółem";"2010";7821;"zł";"";
011216900000;"PODREGION NOWOTARSKI";"ogółem";"ogółem";"2011";5587;"zł";"";
011216900000;"PODREGION NOWOTARSKI";"ogółem";"ogółem";"2012";4844;"zł";"";
011216900000;"PODREGION NOWOTARSKI";"ogółem";"ogółem";"2013";3932;"zł";"";
011216900000;"PODREGION NOWOTARSKI";"ogółem";"ogółem";"2014";4039;"zł";"";
011216900000;"PODREGION NOWOTARSKI";"ogółem";"ogółem";"2015";5243;"zł";"";
011216900000;"PODREGION NOWOTARSKI";"ogółem";"ogółem";"2016";5445;"zł";"";
011216900000;"PODREGION NOWOTARSKI";"ogółem";"ogółem";"2017";5075;"zł";"";
011216900000;"PODREGION NOWOTARSKI";"ogółem";"ogółem";"2018";5442;"zł";"";
011216900000;"PODREGION NOWOTARSKI";"ogółem";"ogółem";"2019";6017;"zł";"";
011216900000;"PODREGION NOWOTARSKI";"ogółem";"ogółem";"2020";7380;"zł";"";
011216900000;"PODREGION NOWOTARSKI";"ogółem";"ogółem";"2021";8479;"zł";"";
012414400000;"PODREGION BIELSKI";"ogółem";"ogółem";"2010";3220;"zł";"";
012414400000;"PODREGION BIELSKI";"ogółem";"ogółem";"2011";3308;"zł";"";
012414400000;"PODREGION BIELSKI";"ogółem";"ogółem";"2012";3147;"zł";"";
012414400000;"PODREGION BIELSKI";"ogółem";"ogółem";"2013";3004;"zł";"";
012414400000;"PODREGION BIELSKI";"ogółem";"ogółem";"2014";3121;"zł";"";
012414400000;"PODREGION BIELSKI";"ogółem";"ogółem";"2015";3002;"zł";"";
012414400000;"PODREGION BIELSKI";"ogółem";"ogółem";"2016";3194;"zł";"";
012414400000;"PODREGION BIELSKI";"ogółem";"ogółem";"2017";3480;"zł";"";
012414400000;"PODREGION BIELSKI";"ogółem";"ogółem";"2018";3736;"zł";"";
012414400000;"PODREGION BIELSKI";"ogółem";"ogółem";"2019";4194;"zł";"";
012414400000;"PODREGION BIELSKI";"ogółem";"ogółem";"2020";4798;"zł";"";
012414400000;"PODREGION BIELSKI";"ogółem";"ogółem";"2021";5303;"zł";"";
012414500000;"PODREGION BYTOMSKI";"ogółem";"ogółem";"2010";2130;"zł";"";
012414500000;"PODREGION BYTOMSKI";"ogółem";"ogółem";"2011";2155;"zł";"";
012414500000;"PODREGION BYTOMSKI";"ogółem";"ogółem";"2012";2112;"zł";"";
012414500000;"PODREGION BYTOMSKI";"ogółem";"ogółem";"2013";2036;"zł";"";
012414500000;"PODREGION BYTOMSKI";"ogółem";"ogółem";"2014";1982;"zł";"";
012414500000;"PODREGION BYTOMSKI";"ogółem";"ogółem";"2015";1984;"zł";"";
012414500000;"PODREGION BYTOMSKI";"ogółem";"ogółem";"2016";1948;"zł";"";
012414500000;"PODREGION BYTOMSKI";"ogółem";"ogółem";"2017";2025;"zł";"";
012414500000;"PODREGION BYTOMSKI";"ogółem";"ogółem";"2018";2197;"zł";"";
012414500000;"PODREGION BYTOMSKI";"ogółem";"ogółem";"2019";2444;"zł";"";
012414500000;"PODREGION BYTOMSKI";"ogółem";"ogółem";"2020";2839;"zł";"";
012414500000;"PODREGION BYTOMSKI";"ogółem";"ogółem";"2021";3432;"zł";"";
012414600000;"PODREGION CZĘSTOCHOWSKI";"ogółem";"ogółem";"2010";2879;"zł";"";
012414600000;"PODREGION CZĘSTOCHOWSKI";"ogółem";"ogółem";"2011";2764;"zł";"";
012414600000;"PODREGION CZĘSTOCHOWSKI";"ogółem";"ogółem";"2012";2712;"zł";"";
012414600000;"PODREGION CZĘSTOCHOWSKI";"ogółem";"ogółem";"2013";2635;"zł";"";
012414600000;"PODREGION CZĘSTOCHOWSKI";"ogółem";"ogółem";"2014";2592;"zł";"";
012414600000;"PODREGION CZĘSTOCHOWSKI";"ogółem";"ogółem";"2015";2534;"zł";"";
012414600000;"PODREGION CZĘSTOCHOWSKI";"ogółem";"ogółem";"2016";2539;"zł";"";
012414600000;"PODREGION CZĘSTOCHOWSKI";"ogółem";"ogółem";"2017";2911;"zł";"";
012414600000;"PODREGION CZĘSTOCHOWSKI";"ogółem";"ogółem";"2018";3359;"zł";"";
012414600000;"PODREGION CZĘSTOCHOWSKI";"ogółem";"ogółem";"2019";3912;"zł";"";
012414600000;"PODREGION CZĘSTOCHOWSKI";"ogółem";"ogółem";"2020";4459;"zł";"";
012414600000;"PODREGION CZĘSTOCHOWSKI";"ogółem";"ogółem";"2021";4667;"zł";"";
012414700000;"PODREGION GLIWICKI";"ogółem";"ogółem";"2010";2998;"zł";"";
012414700000;"PODREGION GLIWICKI";"ogółem";"ogółem";"2011";2955;"zł";"";
012414700000;"PODREGION GLIWICKI";"ogółem";"ogółem";"2012";2746;"zł";"";
012414700000;"PODREGION GLIWICKI";"ogółem";"ogółem";"2013";2772;"zł";"";
012414700000;"PODREGION GLIWICKI";"ogółem";"ogółem";"2014";2571;"zł";"";
012414700000;"PODREGION GLIWICKI";"ogółem";"ogółem";"2015";2667;"zł";"";
012414700000;"PODREGION GLIWICKI";"ogółem";"ogółem";"2016";2742;"zł";"";
012414700000;"PODREGION GLIWICKI";"ogółem";"ogółem";"2017";2786;"zł";"";
012414700000;"PODREGION GLIWICKI";"ogółem";"ogółem";"2018";2954;"zł";"";
012414700000;"PODREGION GLIWICKI";"ogółem";"ogółem";"2019";3398;"zł";"";
012414700000;"PODREGION GLIWICKI";"ogółem";"ogółem";"2020";3966;"zł";"";
012414700000;"PODREGION GLIWICKI";"ogółem";"ogółem";"2021";4570;"zł";"";
012414800000;"PODREGION KATOWICKI";"ogółem";"ogółem";"2010";2790;"zł";"";
012414800000;"PODREGION KATOWICKI";"ogółem";"ogółem";"2011";2920;"zł";"";
012414800000;"PODREGION KATOWICKI";"ogółem";"ogółem";"2012";2710;"zł";"";
012414800000;"PODREGION KATOWICKI";"ogółem";"ogółem";"2013";2624;"zł";"";
012414800000;"PODREGION KATOWICKI";"ogółem";"ogółem";"2014";2614;"zł";"";
012414800000;"PODREGION KATOWICKI";"ogółem";"ogółem";"2015";2763;"zł";"";
012414800000;"PODREGION KATOWICKI";"ogółem";"ogółem";"2016";2713;"zł";"";
012414800000;"PODREGION KATOWICKI";"ogółem";"ogółem";"2017";2947;"zł";"";
012414800000;"PODREGION KATOWICKI";"ogółem";"ogółem";"2018";3137;"zł";"";
012414800000;"PODREGION KATOWICKI";"ogółem";"ogółem";"2019";3699;"zł";"";
012414800000;"PODREGION KATOWICKI";"ogółem";"ogółem";"2020";4213;"zł";"";
012414800000;"PODREGION KATOWICKI";"ogółem";"ogółem";"2021";4530;"zł";"";
012414900000;"PODREGION RYBNICKI";"ogółem";"ogółem";"2010";2261;"zł";"";
012414900000;"PODREGION RYBNICKI";"ogółem";"ogółem";"2011";2242;"zł";"";
012414900000;"PODREGION RYBNICKI";"ogółem";"ogółem";"2012";2183;"zł";"";
012414900000;"PODREGION RYBNICKI";"ogółem";"ogółem";"2013";2142;"zł";"";
012414900000;"PODREGION RYBNICKI";"ogółem";"ogółem";"2014";2127;"zł";"";
012414900000;"PODREGION RYBNICKI";"ogółem";"ogółem";"2015";2049;"zł";"";
012414900000;"PODREGION RYBNICKI";"ogółem";"ogółem";"2016";2100;"zł";"";
012414900000;"PODREGION RYBNICKI";"ogółem";"ogółem";"2017";2170;"zł";"";
012414900000;"PODREGION RYBNICKI";"ogółem";"ogółem";"2018";2354;"zł";"";
012414900000;"PODREGION RYBNICKI";"ogółem";"ogółem";"2019";2718;"zł";"";
012414900000;"PODREGION RYBNICKI";"ogółem";"ogółem";"2020";3201;"zł";"";
012414900000;"PODREGION RYBNICKI";"ogółem";"ogółem";"2021";3704;"zł";"";
012415000000;"PODREGION SOSNOWIECKI";"ogółem";"ogółem";"2010";2703;"zł";"";
012415000000;"PODREGION SOSNOWIECKI";"ogółem";"ogółem";"2011";2764;"zł";"";
012415000000;"PODREGION SOSNOWIECKI";"ogółem";"ogółem";"2012";2627;"zł";"";
012415000000;"PODREGION SOSNOWIECKI";"ogółem";"ogółem";"2013";2521;"zł";"";
012415000000;"PODREGION SOSNOWIECKI";"ogółem";"ogółem";"2014";2489;"zł";"";
012415000000;"PODREGION SOSNOWIECKI";"ogółem";"ogółem";"2015";2534;"zł";"";
012415000000;"PODREGION SOSNOWIECKI";"ogółem";"ogółem";"2016";2573;"zł";"";
012415000000;"PODREGION SOSNOWIECKI";"ogółem";"ogółem";"2017";2582;"zł";"";
012415000000;"PODREGION SOSNOWIECKI";"ogółem";"ogółem";"2018";2725;"zł";"";
012415000000;"PODREGION SOSNOWIECKI";"ogółem";"ogółem";"2019";3289;"zł";"";
012415000000;"PODREGION SOSNOWIECKI";"ogółem";"ogółem";"2020";3790;"zł";"";
012415000000;"PODREGION SOSNOWIECKI";"ogółem";"ogółem";"2021";4434;"zł";"";
012415100000;"PODREGION TYSKI";"ogółem";"ogółem";"2010";3370;"zł";"";
012415100000;"PODREGION TYSKI";"ogółem";"ogółem";"2011";3293;"zł";"";
012415100000;"PODREGION TYSKI";"ogółem";"ogółem";"2012";2978;"zł";"";
012415100000;"PODREGION TYSKI";"ogółem";"ogółem";"2013";3024;"zł";"";
012415100000;"PODREGION TYSKI";"ogółem";"ogółem";"2014";3004;"zł";"";
012415100000;"PODREGION TYSKI";"ogółem";"ogółem";"2015";3163;"zł";"";
012415100000;"PODREGION TYSKI";"ogółem";"ogółem";"2016";3090;"zł";"";
012415100000;"PODREGION TYSKI";"ogółem";"ogółem";"2017";3379;"zł";"";
012415100000;"PODREGION TYSKI";"ogółem";"ogółem";"2018";3682;"zł";"";
012415100000;"PODREGION TYSKI";"ogółem";"ogółem";"2019";4047;"zł";"";
012415100000;"PODREGION TYSKI";"ogółem";"ogółem";"2020";4805;"zł";"";
012415100000;"PODREGION TYSKI";"ogółem";"ogółem";"2021";5279;"zł";"";
020811300000;"PODREGION GORZOWSKI";"ogółem";"ogółem";"2010";2743;"zł";"";
020811300000;"PODREGION GORZOWSKI";"ogółem";"ogółem";"2011";2766;"zł";"";
020811300000;"PODREGION GORZOWSKI";"ogółem";"ogółem";"2012";2798;"zł";"";
020811300000;"PODREGION GORZOWSKI";"ogółem";"ogółem";"2013";2648;"zł";"";
020811300000;"PODREGION GORZOWSKI";"ogółem";"ogółem";"2014";2734;"zł";"";
020811300000;"PODREGION GORZOWSKI";"ogółem";"ogółem";"2015";2790;"zł";"";
020811300000;"PODREGION GORZOWSKI";"ogółem";"ogółem";"2016";2985;"zł";"";
020811300000;"PODREGION GORZOWSKI";"ogółem";"ogółem";"2017";3076;"zł";"";
020811300000;"PODREGION GORZOWSKI";"ogółem";"ogółem";"2018";3383;"zł";"";
020811300000;"PODREGION GORZOWSKI";"ogółem";"ogółem";"2019";3508;"zł";"";
020811300000;"PODREGION GORZOWSKI";"ogółem";"ogółem";"2020";4020;"zł";"";
020811300000;"PODREGION GORZOWSKI";"ogółem";"ogółem";"2021";4469;"zł";"";
020811400000;"PODREGION ZIELONOGÓRSKI";"ogółem";"ogółem";"2010";2472;"zł";"";
020811400000;"PODREGION ZIELONOGÓRSKI";"ogółem";"ogółem";"2011";2615;"zł";"";
020811400000;"PODREGION ZIELONOGÓRSKI";"ogółem";"ogółem";"2012";2522;"zł";"";
020811400000;"PODREGION ZIELONOGÓRSKI";"ogółem";"ogółem";"2013";2383;"zł";"";
020811400000;"PODREGION ZIELONOGÓRSKI";"ogółem";"ogółem";"2014";2337;"zł";"";
020811400000;"PODREGION ZIELONOGÓRSKI";"ogółem";"ogółem";"2015";2568;"zł";"";
020811400000;"PODREGION ZIELONOGÓRSKI";"ogółem";"ogółem";"2016";2729;"zł";"";
020811400000;"PODREGION ZIELONOGÓRSKI";"ogółem";"ogółem";"2017";2782;"zł";"";
020811400000;"PODREGION ZIELONOGÓRSKI";"ogółem";"ogółem";"2018";3171;"zł";"";
020811400000;"PODREGION ZIELONOGÓRSKI";"ogółem";"ogółem";"2019";3369;"zł";"";
020811400000;"PODREGION ZIELONOGÓRSKI";"ogółem";"ogółem";"2020";3861;"zł";"";
020811400000;"PODREGION ZIELONOGÓRSKI";"ogółem";"ogółem";"2021";4124;"zł";"";
023015700000;"PODREGION KALISKI";"ogółem";"ogółem";"2010";2558;"zł";"";
023015700000;"PODREGION KALISKI";"ogółem";"ogółem";"2011";2643;"zł";"";
023015700000;"PODREGION KALISKI";"ogółem";"ogółem";"2012";2677;"zł";"";
023015700000;"PODREGION KALISKI";"ogółem";"ogółem";"2013";2731;"zł";"";
023015700000;"PODREGION KALISKI";"ogółem";"ogółem";"2014";2677;"zł";"";
023015700000;"PODREGION KALISKI";"ogółem";"ogółem";"2015";2692;"zł";"";
023015700000;"PODREGION KALISKI";"ogółem";"ogółem";"2016";2833;"zł";"";
023015700000;"PODREGION KALISKI";"ogółem";"ogółem";"2017";2826;"zł";"";
023015700000;"PODREGION KALISKI";"ogółem";"ogółem";"2018";3283;"zł";"";
023015700000;"PODREGION KALISKI";"ogółem";"ogółem";"2019";3640;"zł";"";
023015700000;"PODREGION KALISKI";"ogółem";"ogółem";"2020";3895;"zł";"";
023015700000;"PODREGION KALISKI";"ogółem";"ogółem";"2021";4277;"zł";"";
023015800000;"PODREGION KONIŃSKI";"ogółem";"ogółem";"2010";2905;"zł";"";
023015800000;"PODREGION KONIŃSKI";"ogółem";"ogółem";"2011";2716;"zł";"";
023015800000;"PODREGION KONIŃSKI";"ogółem";"ogółem";"2012";2857;"zł";"";
023015800000;"PODREGION KONIŃSKI";"ogółem";"ogółem";"2013";2990;"zł";"";
023015800000;"PODREGION KONIŃSKI";"ogółem";"ogółem";"2014";2938;"zł";"";
023015800000;"PODREGION KONIŃSKI";"ogółem";"ogółem";"2015";3036;"zł";"";
023015800000;"PODREGION KONIŃSKI";"ogółem";"ogółem";"2016";3309;"zł";"";
023015800000;"PODREGION KONIŃSKI";"ogółem";"ogółem";"2017";3401;"zł";"";
023015800000;"PODREGION KONIŃSKI";"ogółem";"ogółem";"2018";3296;"zł";"";
023015800000;"PODREGION KONIŃSKI";"ogółem";"ogółem";"2019";3667;"zł";"";
023015800000;"PODREGION KONIŃSKI";"ogółem";"ogółem";"2020";3939;"zł";"";
023015800000;"PODREGION KONIŃSKI";"ogółem";"ogółem";"2021";4285;"zł";"";
023015900000;"PODREGION LESZCZYŃSKI";"ogółem";"ogółem";"2010";2466;"zł";"";
023015900000;"PODREGION LESZCZYŃSKI";"ogółem";"ogółem";"2011";2582;"zł";"";
023015900000;"PODREGION LESZCZYŃSKI";"ogółem";"ogółem";"2012";2726;"zł";"";
023015900000;"PODREGION LESZCZYŃSKI";"ogółem";"ogółem";"2013";2727;"zł";"";
023015900000;"PODREGION LESZCZYŃSKI";"ogółem";"ogółem";"2014";2869;"zł";"";
023015900000;"PODREGION LESZCZYŃSKI";"ogółem";"ogółem";"2015";2893;"zł";"";
023015900000;"PODREGION LESZCZYŃSKI";"ogółem";"ogółem";"2016";2998;"zł";"";
023015900000;"PODREGION LESZCZYŃSKI";"ogółem";"ogółem";"2017";3145;"zł";"";
023015900000;"PODREGION LESZCZYŃSKI";"ogółem";"ogółem";"2018";3292;"zł";"";
023015900000;"PODREGION LESZCZYŃSKI";"ogółem";"ogółem";"2019";3582;"zł";"";
023015900000;"PODREGION LESZCZYŃSKI";"ogółem";"ogółem";"2020";3790;"zł";"";
023015900000;"PODREGION LESZCZYŃSKI";"ogółem";"ogółem";"2021";4058;"zł";"";
023016000000;"PODREGION PILSKI";"ogółem";"ogółem";"2010";2736;"zł";"";
023016000000;"PODREGION PILSKI";"ogółem";"ogółem";"2011";2581;"zł";"";
023016000000;"PODREGION PILSKI";"ogółem";"ogółem";"2012";2553;"zł";"";
023016000000;"PODREGION PILSKI";"ogółem";"ogółem";"2013";2597;"zł";"";
023016000000;"PODREGION PILSKI";"ogółem";"ogółem";"2014";2554;"zł";"";
023016000000;"PODREGION PILSKI";"ogółem";"ogółem";"2015";2791;"zł";"";
023016000000;"PODREGION PILSKI";"ogółem";"ogółem";"2016";2889;"zł";"";
023016000000;"PODREGION PILSKI";"ogółem";"ogółem";"2017";3038;"zł";"";
023016000000;"PODREGION PILSKI";"ogółem";"ogółem";"2018";3301;"zł";"";
023016000000;"PODREGION PILSKI";"ogółem";"ogółem";"2019";3599;"zł";"";
023016000000;"PODREGION PILSKI";"ogółem";"ogółem";"2020";4225;"zł";"";
023016000000;"PODREGION PILSKI";"ogółem";"ogółem";"2021";4398;"zł";"";
023016100000;"PODREGION POZNAŃSKI";"ogółem";"ogółem";"2010";3813;"zł";"";
023016100000;"PODREGION POZNAŃSKI";"ogółem";"ogółem";"2011";3803;"zł";"";
023016100000;"PODREGION POZNAŃSKI";"ogółem";"ogółem";"2012";3917;"zł";"";
023016100000;"PODREGION POZNAŃSKI";"ogółem";"ogółem";"2013";3706;"zł";"";
023016100000;"PODREGION POZNAŃSKI";"ogółem";"ogółem";"2014";3748;"zł";"";
023016100000;"PODREGION POZNAŃSKI";"ogółem";"ogółem";"2015";3927;"zł";"";
023016100000;"PODREGION POZNAŃSKI";"ogółem";"ogółem";"2016";3863;"zł";"";
023016100000;"PODREGION POZNAŃSKI";"ogółem";"ogółem";"2017";3834;"zł";"";
023016100000;"PODREGION POZNAŃSKI";"ogółem";"ogółem";"2018";4102;"zł";"";
023016100000;"PODREGION POZNAŃSKI";"ogółem";"ogółem";"2019";4321;"zł";"";
023016100000;"PODREGION POZNAŃSKI";"ogółem";"ogółem";"2020";4557;"zł";"";
023016100000;"PODREGION POZNAŃSKI";"ogółem";"ogółem";"2021";4870;"zł";"";
023016200000;"PODREGION MIASTO POZNAŃ";"ogółem";"ogółem";"2010";5735;"zł";"";
023016200000;"PODREGION MIASTO POZNAŃ";"ogółem";"ogółem";"2011";5859;"zł";"";
023016200000;"PODREGION MIASTO POZNAŃ";"ogółem";"ogółem";"2012";5497;"zł";"";
023016200000;"PODREGION MIASTO POZNAŃ";"ogółem";"ogółem";"2013";5451;"zł";"";
023016200000;"PODREGION MIASTO POZNAŃ";"ogółem";"ogółem";"2014";5581;"zł";"";
023016200000;"PODREGION MIASTO POZNAŃ";"ogółem";"ogółem";"2015";5650;"zł";"";
023016200000;"PODREGION MIASTO POZNAŃ";"ogółem";"ogółem";"2016";5722;"zł";"";
023016200000;"PODREGION MIASTO POZNAŃ";"ogółem";"ogółem";"2017";5897;"zł";"";
023016200000;"PODREGION MIASTO POZNAŃ";"ogółem";"ogółem";"2018";6191;"zł";"";
023016200000;"PODREGION MIASTO POZNAŃ";"ogółem";"ogółem";"2019";6500;"zł";"";
023016200000;"PODREGION MIASTO POZNAŃ";"ogółem";"ogółem";"2020";6895;"zł";"";
023016200000;"PODREGION MIASTO POZNAŃ";"ogółem";"ogółem";"2021";7630;"zł";"";
023216300000;"PODREGION KOSZALIŃSKI";"ogółem";"ogółem";"2010";4034;"zł";"";
023216300000;"PODREGION KOSZALIŃSKI";"ogółem";"ogółem";"2011";3865;"zł";"";
023216300000;"PODREGION KOSZALIŃSKI";"ogółem";"ogółem";"2012";3823;"zł";"";
023216300000;"PODREGION KOSZALIŃSKI";"ogółem";"ogółem";"2013";3605;"zł";"";
023216300000;"PODREGION KOSZALIŃSKI";"ogółem";"ogółem";"2014";3651;"zł";"";
023216300000;"PODREGION KOSZALIŃSKI";"ogółem";"ogółem";"2015";3333;"zł";"";
023216300000;"PODREGION KOSZALIŃSKI";"ogółem";"ogółem";"2016";3546;"zł";"";
023216300000;"PODREGION KOSZALIŃSKI";"ogółem";"ogółem";"2017";3488;"zł";"";
023216300000;"PODREGION KOSZALIŃSKI";"ogółem";"ogółem";"2018";4611;"zł";"";
023216300000;"PODREGION KOSZALIŃSKI";"ogółem";"ogółem";"2019";4536;"zł";"";
023216300000;"PODREGION KOSZALIŃSKI";"ogółem";"ogółem";"2020";5276;"zł";"";
023216300000;"PODREGION KOSZALIŃSKI";"ogółem";"ogółem";"2021";6727;"zł";"";
023216400000;"PODREGION SZCZECINECKO-PYRZYCKI";"ogółem";"ogółem";"2010";2228;"zł";"";
023216400000;"PODREGION SZCZECINECKO-PYRZYCKI";"ogółem";"ogółem";"2011";2323;"zł";"";
023216400000;"PODREGION SZCZECINECKO-PYRZYCKI";"ogółem";"ogółem";"2012";2380;"zł";"";
023216400000;"PODREGION SZCZECINECKO-PYRZYCKI";"ogółem";"ogółem";"2013";2089;"zł";"";
023216400000;"PODREGION SZCZECINECKO-PYRZYCKI";"ogółem";"ogółem";"2014";2136;"zł";"";
023216400000;"PODREGION SZCZECINECKO-PYRZYCKI";"ogółem";"ogółem";"2015";2157;"zł";"";
023216400000;"PODREGION SZCZECINECKO-PYRZYCKI";"ogółem";"ogółem";"2016";2150;"zł";"";
023216400000;"PODREGION SZCZECINECKO-PYRZYCKI";"ogółem";"ogółem";"2017";2253;"zł";"";
023216400000;"PODREGION SZCZECINECKO-PYRZYCKI";"ogółem";"ogółem";"2018";2357;"zł";"";
023216400000;"PODREGION SZCZECINECKO-PYRZYCKI";"ogółem";"ogółem";"2019";2595;"zł";"";
023216400000;"PODREGION SZCZECINECKO-PYRZYCKI";"ogółem";"ogółem";"2020";3136;"zł";"";
023216400000;"PODREGION SZCZECINECKO-PYRZYCKI";"ogółem";"ogółem";"2021";3267;"zł";"";
023216500000;"PODREGION MIASTO SZCZECIN";"ogółem";"ogółem";"2010";4620;"zł";"";
023216500000;"PODREGION MIASTO SZCZECIN";"ogółem";"ogółem";"2011";4538;"zł";"";
023216500000;"PODREGION MIASTO SZCZECIN";"ogółem";"ogółem";"2012";4391;"zł";"";
023216500000;"PODREGION MIASTO SZCZECIN";"ogółem";"ogółem";"2013";4301;"zł";"";
023216500000;"PODREGION MIASTO SZCZECIN";"ogółem";"ogółem";"2014";4201;"zł";"";
023216500000;"PODREGION MIASTO SZCZECIN";"ogółem";"ogółem";"2015";4375;"zł";"";
023216500000;"PODREGION MIASTO SZCZECIN";"ogółem";"ogółem";"2016";4452;"zł";"";
023216500000;"PODREGION MIASTO SZCZECIN";"ogółem";"ogółem";"2017";4575;"zł";"";
023216500000;"PODREGION MIASTO SZCZECIN";"ogółem";"ogółem";"2018";4893;"zł";"";
023216500000;"PODREGION MIASTO SZCZECIN";"ogółem";"ogółem";"2019";5366;"zł";"";
023216500000;"PODREGION MIASTO SZCZECIN";"ogółem";"ogółem";"2020";5573;"zł";"";
023216500000;"PODREGION MIASTO SZCZECIN";"ogółem";"ogółem";"2021";6566;"zł";"";
023216600000;"PODREGION SZCZECIŃSKI";"ogółem";"ogółem";"2010";3600;"zł";"";
023216600000;"PODREGION SZCZECIŃSKI";"ogółem";"ogółem";"2011";3421;"zł";"";
023216600000;"PODREGION SZCZECIŃSKI";"ogółem";"ogółem";"2012";3237;"zł";"";
023216600000;"PODREGION SZCZECIŃSKI";"ogółem";"ogółem";"2013";3275;"zł";"";
023216600000;"PODREGION SZCZECIŃSKI";"ogółem";"ogółem";"2014";3384;"zł";"";
023216600000;"PODREGION SZCZECIŃSKI";"ogółem";"ogółem";"2015";3215;"zł";"";
023216600000;"PODREGION SZCZECIŃSKI";"ogółem";"ogółem";"2016";3454;"zł";"";
023216600000;"PODREGION SZCZECIŃSKI";"ogółem";"ogółem";"2017";3684;"zł";"";
023216600000;"PODREGION SZCZECIŃSKI";"ogółem";"ogółem";"2018";3860;"zł";"";
023216600000;"PODREGION SZCZECIŃSKI";"ogółem";"ogółem";"2019";4310;"zł";"";
023216600000;"PODREGION SZCZECIŃSKI";"ogółem";"ogółem";"2020";4726;"zł";"";
023216600000;"PODREGION SZCZECIŃSKI";"ogółem";"ogółem";"2021";5142;"zł";"";
030210100000;"PODREGION JELENIOGÓRSKI";"ogółem";"ogółem";"2010";2605;"zł";"";
030210100000;"PODREGION JELENIOGÓRSKI";"ogółem";"ogółem";"2011";2508;"zł";"";
030210100000;"PODREGION JELENIOGÓRSKI";"ogółem";"ogółem";"2012";2419;"zł";"";
030210100000;"PODREGION JELENIOGÓRSKI";"ogółem";"ogółem";"2013";2392;"zł";"";
030210100000;"PODREGION JELENIOGÓRSKI";"ogółem";"ogółem";"2014";2381;"zł";"";
030210100000;"PODREGION JELENIOGÓRSKI";"ogółem";"ogółem";"2015";2375;"zł";"";
030210100000;"PODREGION JELENIOGÓRSKI";"ogółem";"ogółem";"2016";2374;"zł";"";
030210100000;"PODREGION JELENIOGÓRSKI";"ogółem";"ogółem";"2017";2477;"zł";"";
030210100000;"PODREGION JELENIOGÓRSKI";"ogółem";"ogółem";"2018";2540;"zł";"";
030210100000;"PODREGION JELENIOGÓRSKI";"ogółem";"ogółem";"2019";3026;"zł";"";
030210100000;"PODREGION JELENIOGÓRSKI";"ogółem";"ogółem";"2020";3499;"zł";"";
030210100000;"PODREGION JELENIOGÓRSKI";"ogółem";"ogółem";"2021";4058;"zł";"";
030210200000;"PODREGION LEGNICKO-GŁOGOWSKI";"ogółem";"ogółem";"2010";3070;"zł";"";
030210200000;"PODREGION LEGNICKO-GŁOGOWSKI";"ogółem";"ogółem";"2011";2972;"zł";"";
030210200000;"PODREGION LEGNICKO-GŁOGOWSKI";"ogółem";"ogółem";"2012";2797;"zł";"";
030210200000;"PODREGION LEGNICKO-GŁOGOWSKI";"ogółem";"ogółem";"2013";2797;"zł";"";
030210200000;"PODREGION LEGNICKO-GŁOGOWSKI";"ogółem";"ogółem";"2014";2818;"zł";"";
030210200000;"PODREGION LEGNICKO-GŁOGOWSKI";"ogółem";"ogółem";"2015";2807;"zł";"";
030210200000;"PODREGION LEGNICKO-GŁOGOWSKI";"ogółem";"ogółem";"2016";2941;"zł";"";
030210200000;"PODREGION LEGNICKO-GŁOGOWSKI";"ogółem";"ogółem";"2017";3020;"zł";"";
030210200000;"PODREGION LEGNICKO-GŁOGOWSKI";"ogółem";"ogółem";"2018";3291;"zł";"";
030210200000;"PODREGION LEGNICKO-GŁOGOWSKI";"ogółem";"ogółem";"2019";3511;"zł";"";
030210200000;"PODREGION LEGNICKO-GŁOGOWSKI";"ogółem";"ogółem";"2020";3991;"zł";"";
030210200000;"PODREGION LEGNICKO-GŁOGOWSKI";"ogółem";"ogółem";"2021";4393;"zł";"";
030210300000;"PODREGION WAŁBRZYSKI";"ogółem";"ogółem";"2010";2155;"zł";"";
030210300000;"PODREGION WAŁBRZYSKI";"ogółem";"ogółem";"2011";2118;"zł";"";
030210300000;"PODREGION WAŁBRZYSKI";"ogółem";"ogółem";"2012";1999;"zł";"";
030210300000;"PODREGION WAŁBRZYSKI";"ogółem";"ogółem";"2013";2119;"zł";"";
030210300000;"PODREGION WAŁBRZYSKI";"ogółem";"ogółem";"2014";2077;"zł";"";
030210300000;"PODREGION WAŁBRZYSKI";"ogółem";"ogółem";"2015";2004;"zł";"";
030210300000;"PODREGION WAŁBRZYSKI";"ogółem";"ogółem";"2016";2038;"zł";"";
030210300000;"PODREGION WAŁBRZYSKI";"ogółem";"ogółem";"2017";2121;"zł";"";
030210300000;"PODREGION WAŁBRZYSKI";"ogółem";"ogółem";"2018";2301;"zł";"";
030210300000;"PODREGION WAŁBRZYSKI";"ogółem";"ogółem";"2019";2381;"zł";"";
030210300000;"PODREGION WAŁBRZYSKI";"ogółem";"ogółem";"2020";2675;"zł";"";
030210300000;"PODREGION WAŁBRZYSKI";"ogółem";"ogółem";"2021";3173;"zł";"";
030210400000;"PODREGION WROCŁAWSKI";"ogółem";"ogółem";"2010";3242;"zł";"";
030210400000;"PODREGION WROCŁAWSKI";"ogółem";"ogółem";"2011";3587;"zł";"";
030210400000;"PODREGION WROCŁAWSKI";"ogółem";"ogółem";"2012";3537;"zł";"";
030210400000;"PODREGION WROCŁAWSKI";"ogółem";"ogółem";"2013";3377;"zł";"";
030210400000;"PODREGION WROCŁAWSKI";"ogółem";"ogółem";"2014";3651;"zł";"";
030210400000;"PODREGION WROCŁAWSKI";"ogółem";"ogółem";"2015";3620;"zł";"";
030210400000;"PODREGION WROCŁAWSKI";"ogółem";"ogółem";"2016";3688;"zł";"";
030210400000;"PODREGION WROCŁAWSKI";"ogółem";"ogółem";"2017";3852;"zł";"";
030210400000;"PODREGION WROCŁAWSKI";"ogółem";"ogółem";"2018";4004;"zł";"";
030210400000;"PODREGION WROCŁAWSKI";"ogółem";"ogółem";"2019";4371;"zł";"";
030210400000;"PODREGION WROCŁAWSKI";"ogółem";"ogółem";"2020";4688;"zł";"";
030210400000;"PODREGION WROCŁAWSKI";"ogółem";"ogółem";"2021";5172;"zł";"";
030210500000;"PODREGION MIASTO WROCŁAW";"ogółem";"ogółem";"2010";5617;"zł";"";
030210500000;"PODREGION MIASTO WROCŁAW";"ogółem";"ogółem";"2011";5758;"zł";"";
030210500000;"PODREGION MIASTO WROCŁAW";"ogółem";"ogółem";"2012";5381;"zł";"";
030210500000;"PODREGION MIASTO WROCŁAW";"ogółem";"ogółem";"2013";5183;"zł";"";
030210500000;"PODREGION MIASTO WROCŁAW";"ogółem";"ogółem";"2014";5206;"zł";"";
030210500000;"PODREGION MIASTO WROCŁAW";"ogółem";"ogółem";"2015";5244;"zł";"";
030210500000;"PODREGION MIASTO WROCŁAW";"ogółem";"ogółem";"2016";5409;"zł";"";
030210500000;"PODREGION MIASTO WROCŁAW";"ogółem";"ogółem";"2017";5674;"zł";"";
030210500000;"PODREGION MIASTO WROCŁAW";"ogółem";"ogółem";"2018";5906;"zł";"";
030210500000;"PODREGION MIASTO WROCŁAW";"ogółem";"ogółem";"2019";6279;"zł";"";
030210500000;"PODREGION MIASTO WROCŁAW";"ogółem";"ogółem";"2020";7055;"zł";"";
030210500000;"PODREGION MIASTO WROCŁAW";"ogółem";"ogółem";"2021";8019;"zł";"";
031613100000;"PODREGION NYSKI";"ogółem";"ogółem";"2010";2410;"zł";"";
031613100000;"PODREGION NYSKI";"ogółem";"ogółem";"2011";2526;"zł";"";
031613100000;"PODREGION NYSKI";"ogółem";"ogółem";"2012";2352;"zł";"";
031613100000;"PODREGION NYSKI";"ogółem";"ogółem";"2013";2103;"zł";"";
031613100000;"PODREGION NYSKI";"ogółem";"ogółem";"2014";2199;"zł";"";
031613100000;"PODREGION NYSKI";"ogółem";"ogółem";"2015";2205;"zł";"";
031613100000;"PODREGION NYSKI";"ogółem";"ogółem";"2016";2212;"zł";"";
031613100000;"PODREGION NYSKI";"ogółem";"ogółem";"2017";2252;"zł";"";
031613100000;"PODREGION NYSKI";"ogółem";"ogółem";"2018";2401;"zł";"";
031613100000;"PODREGION NYSKI";"ogółem";"ogółem";"2019";2409;"zł";"";
031613100000;"PODREGION NYSKI";"ogółem";"ogółem";"2020";2948;"zł";"";
031613100000;"PODREGION NYSKI";"ogółem";"ogółem";"2021";3264;"zł";"";
031613200000;"PODREGION OPOLSKI";"ogółem";"ogółem";"2010";3367;"zł";"";
031613200000;"PODREGION OPOLSKI";"ogółem";"ogółem";"2011";3233;"zł";"";
031613200000;"PODREGION OPOLSKI";"ogółem";"ogółem";"2012";2975;"zł";"";
031613200000;"PODREGION OPOLSKI";"ogółem";"ogółem";"2013";3017;"zł";"";
031613200000;"PODREGION OPOLSKI";"ogółem";"ogółem";"2014";3235;"zł";"";
031613200000;"PODREGION OPOLSKI";"ogółem";"ogółem";"2015";3100;"zł";"";
031613200000;"PODREGION OPOLSKI";"ogółem";"ogółem";"2016";3101;"zł";"";
031613200000;"PODREGION OPOLSKI";"ogółem";"ogółem";"2017";3226;"zł";"";
031613200000;"PODREGION OPOLSKI";"ogółem";"ogółem";"2018";3826;"zł";"";
031613200000;"PODREGION OPOLSKI";"ogółem";"ogółem";"2019";4199;"zł";"";
031613200000;"PODREGION OPOLSKI";"ogółem";"ogółem";"2020";4864;"zł";"";
031613200000;"PODREGION OPOLSKI";"ogółem";"ogółem";"2021";4733;"zł";"";
040410600000;"PODREGION BYDGOSKO-TORUŃSKI";"ogółem";"ogółem";"2010";3791;"zł";"";
040410600000;"PODREGION BYDGOSKO-TORUŃSKI";"ogółem";"ogółem";"2011";3985;"zł";"";
040410600000;"PODREGION BYDGOSKO-TORUŃSKI";"ogółem";"ogółem";"2012";3857;"zł";"";
040410600000;"PODREGION BYDGOSKO-TORUŃSKI";"ogółem";"ogółem";"2013";3800;"zł";"";
040410600000;"PODREGION BYDGOSKO-TORUŃSKI";"ogółem";"ogółem";"2014";3769;"zł";"";
040410600000;"PODREGION BYDGOSKO-TORUŃSKI";"ogółem";"ogółem";"2015";3800;"zł";"";
040410600000;"PODREGION BYDGOSKO-TORUŃSKI";"ogółem";"ogółem";"2016";3943;"zł";"";
040410600000;"PODREGION BYDGOSKO-TORUŃSKI";"ogółem";"ogółem";"2017";4257;"zł";"";
040410600000;"PODREGION BYDGOSKO-TORUŃSKI";"ogółem";"ogółem";"2018";4598;"zł";"";
040410600000;"PODREGION BYDGOSKO-TORUŃSKI";"ogółem";"ogółem";"2019";5012;"zł";"";
040410600000;"PODREGION BYDGOSKO-TORUŃSKI";"ogółem";"ogółem";"2020";5714;"zł";"";
040410600000;"PODREGION BYDGOSKO-TORUŃSKI";"ogółem";"ogółem";"2021";6109;"zł";"";
040410700000;"PODREGION GRUDZIĄDZKI";"ogółem";"ogółem";"2010";2511;"zł";"";
040410700000;"PODREGION GRUDZIĄDZKI";"ogółem";"ogółem";"2011";2468;"zł";"";
040410700000;"PODREGION GRUDZIĄDZKI";"ogółem";"ogółem";"2012";2366;"zł";"";
040410700000;"PODREGION GRUDZIĄDZKI";"ogółem";"ogółem";"2013";2483;"zł";"";
040410700000;"PODREGION GRUDZIĄDZKI";"ogółem";"ogółem";"2014";2457;"zł";"";
040410700000;"PODREGION GRUDZIĄDZKI";"ogółem";"ogółem";"2015";2500;"zł";"";
040410700000;"PODREGION GRUDZIĄDZKI";"ogółem";"ogółem";"2016";2481;"zł";"";
040410700000;"PODREGION GRUDZIĄDZKI";"ogółem";"ogółem";"2017";2815;"zł";"";
040410700000;"PODREGION GRUDZIĄDZKI";"ogółem";"ogółem";"2018";3113;"zł";"";
040410700000;"PODREGION GRUDZIĄDZKI";"ogółem";"ogółem";"2019";3310;"zł";"";
040410700000;"PODREGION GRUDZIĄDZKI";"ogółem";"ogółem";"2020";3564;"zł";"";
040410700000;"PODREGION GRUDZIĄDZKI";"ogółem";"ogółem";"2021";3820;"zł";"";
040410800000;"PODREGION WŁOCŁAWSKI";"ogółem";"ogółem";"2010";2379;"zł";"";
040410800000;"PODREGION WŁOCŁAWSKI";"ogółem";"ogółem";"2011";2553;"zł";"";
040410800000;"PODREGION WŁOCŁAWSKI";"ogółem";"ogółem";"2012";2506;"zł";"";
040410800000;"PODREGION WŁOCŁAWSKI";"ogółem";"ogółem";"2013";2469;"zł";"";
040410800000;"PODREGION WŁOCŁAWSKI";"ogółem";"ogółem";"2014";2422;"zł";"";
040410800000;"PODREGION WŁOCŁAWSKI";"ogółem";"ogółem";"2015";2500;"zł";"";
040410800000;"PODREGION WŁOCŁAWSKI";"ogółem";"ogółem";"2016";2541;"zł";"";
040410800000;"PODREGION WŁOCŁAWSKI";"ogółem";"ogółem";"2017";2639;"zł";"";
040410800000;"PODREGION WŁOCŁAWSKI";"ogółem";"ogółem";"2018";2774;"zł";"";
040410800000;"PODREGION WŁOCŁAWSKI";"ogółem";"ogółem";"2019";3141;"zł";"";
040410800000;"PODREGION WŁOCŁAWSKI";"ogółem";"ogółem";"2020";3594;"zł";"";
040410800000;"PODREGION WŁOCŁAWSKI";"ogółem";"ogółem";"2021";4419;"zł";"";
040416700000;"PODREGION INOWROCŁAWSKI";"ogółem";"ogółem";"2010";2697;"zł";"";
040416700000;"PODREGION INOWROCŁAWSKI";"ogółem";"ogółem";"2011";2832;"zł";"";
040416700000;"PODREGION INOWROCŁAWSKI";"ogółem";"ogółem";"2012";2813;"zł";"";
040416700000;"PODREGION INOWROCŁAWSKI";"ogółem";"ogółem";"2013";2654;"zł";"";
040416700000;"PODREGION INOWROCŁAWSKI";"ogółem";"ogółem";"2014";2764;"zł";"";
040416700000;"PODREGION INOWROCŁAWSKI";"ogółem";"ogółem";"2015";2714;"zł";"";
040416700000;"PODREGION INOWROCŁAWSKI";"ogółem";"ogółem";"2016";2661;"zł";"";
040416700000;"PODREGION INOWROCŁAWSKI";"ogółem";"ogółem";"2017";2956;"zł";"";
040416700000;"PODREGION INOWROCŁAWSKI";"ogółem";"ogółem";"2018";3109;"zł";"";
040416700000;"PODREGION INOWROCŁAWSKI";"ogółem";"ogółem";"2019";3380;"zł";"";
040416700000;"PODREGION INOWROCŁAWSKI";"ogółem";"ogółem";"2020";3807;"zł";"";
040416700000;"PODREGION INOWROCŁAWSKI";"ogółem";"ogółem";"2021";4245;"zł";"";
040416800000;"PODREGION ŚWIECKI";"ogółem";"ogółem";"2010";2131;"zł";"";
040416800000;"PODREGION ŚWIECKI";"ogółem";"ogółem";"2011";2116;"zł";"";
040416800000;"PODREGION ŚWIECKI";"ogółem";"ogółem";"2012";2411;"zł";"";
040416800000;"PODREGION ŚWIECKI";"ogółem";"ogółem";"2013";2331;"zł";"";
040416800000;"PODREGION ŚWIECKI";"ogółem";"ogółem";"2014";1996;"zł";"";
040416800000;"PODREGION ŚWIECKI";"ogółem";"ogółem";"2015";2434;"zł";"";
040416800000;"PODREGION ŚWIECKI";"ogółem";"ogółem";"2016";2446;"zł";"";
040416800000;"PODREGION ŚWIECKI";"ogółem";"ogółem";"2017";2647;"zł";"";
040416800000;"PODREGION ŚWIECKI";"ogółem";"ogółem";"2018";2632;"zł";"";
040416800000;"PODREGION ŚWIECKI";"ogółem";"ogółem";"2019";2860;"zł";"";
040416800000;"PODREGION ŚWIECKI";"ogółem";"ogółem";"2020";3538;"zł";"";
040416800000;"PODREGION ŚWIECKI";"ogółem";"ogółem";"2021";3701;"zł";"";
042214000000;"PODREGION GDAŃSKI";"ogółem";"ogółem";"2010";4453;"zł";"";
042214000000;"PODREGION GDAŃSKI";"ogółem";"ogółem";"2011";4353;"zł";"";
042214000000;"PODREGION GDAŃSKI";"ogółem";"ogółem";"2012";4180;"zł";"";
042214000000;"PODREGION GDAŃSKI";"ogółem";"ogółem";"2013";4046;"zł";"";
042214000000;"PODREGION GDAŃSKI";"ogółem";"ogółem";"2014";4070;"zł";"";
042214000000;"PODREGION GDAŃSKI";"ogółem";"ogółem";"2015";4111;"zł";"";
042214000000;"PODREGION GDAŃSKI";"ogółem";"ogółem";"2016";4169;"zł";"";
042214000000;"PODREGION GDAŃSKI";"ogółem";"ogółem";"2017";4327;"zł";"";
042214000000;"PODREGION GDAŃSKI";"ogółem";"ogółem";"2018";4635;"zł";"";
042214000000;"PODREGION GDAŃSKI";"ogółem";"ogółem";"2019";4842;"zł";"";
042214000000;"PODREGION GDAŃSKI";"ogółem";"ogółem";"2020";5417;"zł";"";
042214000000;"PODREGION GDAŃSKI";"ogółem";"ogółem";"2021";5893;"zł";"";
042214100000;"PODREGION SŁUPSKI";"ogółem";"ogółem";"2010";3301;"zł";"";
042214100000;"PODREGION SŁUPSKI";"ogółem";"ogółem";"2011";3212;"zł";"";
042214100000;"PODREGION SŁUPSKI";"ogółem";"ogółem";"2012";2885;"zł";"";
042214100000;"PODREGION SŁUPSKI";"ogółem";"ogółem";"2013";3073;"zł";"";
042214100000;"PODREGION SŁUPSKI";"ogółem";"ogółem";"2014";3068;"zł";"";
042214100000;"PODREGION SŁUPSKI";"ogółem";"ogółem";"2015";3002;"zł";"";
042214100000;"PODREGION SŁUPSKI";"ogółem";"ogółem";"2016";3061;"zł";"";
042214100000;"PODREGION SŁUPSKI";"ogółem";"ogółem";"2017";3095;"zł";"";
042214100000;"PODREGION SŁUPSKI";"ogółem";"ogółem";"2018";3323;"zł";"";
042214100000;"PODREGION SŁUPSKI";"ogółem";"ogółem";"2019";3573;"zł";"";
042214100000;"PODREGION SŁUPSKI";"ogółem";"ogółem";"2020";4091;"zł";"";
042214100000;"PODREGION SŁUPSKI";"ogółem";"ogółem";"2021";4378;"zł";"";
042214200000;"PODREGION STAROGARDZKI";"ogółem";"ogółem";"2010";3286;"zł";"";
042214200000;"PODREGION STAROGARDZKI";"ogółem";"ogółem";"2011";3144;"zł";"";
042214200000;"PODREGION STAROGARDZKI";"ogółem";"ogółem";"2012";3135;"zł";"";
042214200000;"PODREGION STAROGARDZKI";"ogółem";"ogółem";"2013";2912;"zł";"";
042214200000;"PODREGION STAROGARDZKI";"ogółem";"ogółem";"2014";3041;"zł";"";
042214200000;"PODREGION STAROGARDZKI";"ogółem";"ogółem";"2015";2970;"zł";"";
042214200000;"PODREGION STAROGARDZKI";"ogółem";"ogółem";"2016";3045;"zł";"";
042214200000;"PODREGION STAROGARDZKI";"ogółem";"ogółem";"2017";3127;"zł";"";
042214200000;"PODREGION STAROGARDZKI";"ogółem";"ogółem";"2018";3598;"zł";"";
042214200000;"PODREGION STAROGARDZKI";"ogółem";"ogółem";"2019";3889;"zł";"";
042214200000;"PODREGION STAROGARDZKI";"ogółem";"ogółem";"2020";4345;"zł";"";
042214200000;"PODREGION STAROGARDZKI";"ogółem";"ogółem";"2021";4745;"zł";"";
042214300000;"PODREGION TRÓJMIEJSKI";"ogółem";"ogółem";"2010";5597;"zł";"";
042214300000;"PODREGION TRÓJMIEJSKI";"ogółem";"ogółem";"2011";5534;"zł";"";
042214300000;"PODREGION TRÓJMIEJSKI";"ogółem";"ogółem";"2012";5476;"zł";"";
042214300000;"PODREGION TRÓJMIEJSKI";"ogółem";"ogółem";"2013";5170;"zł";"";
042214300000;"PODREGION TRÓJMIEJSKI";"ogółem";"ogółem";"2014";5217;"zł";"";
042214300000;"PODREGION TRÓJMIEJSKI";"ogółem";"ogółem";"2015";5329;"zł";"";
042214300000;"PODREGION TRÓJMIEJSKI";"ogółem";"ogółem";"2016";5527;"zł";"";
042214300000;"PODREGION TRÓJMIEJSKI";"ogółem";"ogółem";"2017";6033;"zł";"";
042214300000;"PODREGION TRÓJMIEJSKI";"ogółem";"ogółem";"2018";6692;"zł";"";
042214300000;"PODREGION TRÓJMIEJSKI";"ogółem";"ogółem";"2019";7185;"zł";"";
042214300000;"PODREGION TRÓJMIEJSKI";"ogółem";"ogółem";"2020";7950;"zł";"";
042214300000;"PODREGION TRÓJMIEJSKI";"ogółem";"ogółem";"2021";8774;"zł";"";
042217200000;"PODREGION CHOJNICKI";"ogółem";"ogółem";"2010";2421;"zł";"";
042217200000;"PODREGION CHOJNICKI";"ogółem";"ogółem";"2011";2446;"zł";"";
042217200000;"PODREGION CHOJNICKI";"ogółem";"ogółem";"2012";2523;"zł";"";
042217200000;"PODREGION CHOJNICKI";"ogółem";"ogółem";"2013";2708;"zł";"";
042217200000;"PODREGION CHOJNICKI";"ogółem";"ogółem";"2014";2695;"zł";"";
042217200000;"PODREGION CHOJNICKI";"ogółem";"ogółem";"2015";2699;"zł";"";
042217200000;"PODREGION CHOJNICKI";"ogółem";"ogółem";"2016";2872;"zł";"";
042217200000;"PODREGION CHOJNICKI";"ogółem";"ogółem";"2017";3064;"zł";"";
042217200000;"PODREGION CHOJNICKI";"ogółem";"ogółem";"2018";3321;"zł";"";
042217200000;"PODREGION CHOJNICKI";"ogółem";"ogółem";"2019";3476;"zł";"";
042217200000;"PODREGION CHOJNICKI";"ogółem";"ogółem";"2020";3984;"zł";"";
042217200000;"PODREGION CHOJNICKI";"ogółem";"ogółem";"2021";4233;"zł";"";
042815400000;"PODREGION ELBLĄSKI";"ogółem";"ogółem";"2010";3068;"zł";"";
042815400000;"PODREGION ELBLĄSKI";"ogółem";"ogółem";"2011";2989;"zł";"";
042815400000;"PODREGION ELBLĄSKI";"ogółem";"ogółem";"2012";2893;"zł";"";
042815400000;"PODREGION ELBLĄSKI";"ogółem";"ogółem";"2013";2900;"zł";"";
042815400000;"PODREGION ELBLĄSKI";"ogółem";"ogółem";"2014";2973;"zł";"";
042815400000;"PODREGION ELBLĄSKI";"ogółem";"ogółem";"2015";2857;"zł";"";
042815400000;"PODREGION ELBLĄSKI";"ogółem";"ogółem";"2016";2930;"zł";"";
042815400000;"PODREGION ELBLĄSKI";"ogółem";"ogółem";"2017";3113;"zł";"";
042815400000;"PODREGION ELBLĄSKI";"ogółem";"ogółem";"2018";3390;"zł";"";
042815400000;"PODREGION ELBLĄSKI";"ogółem";"ogółem";"2019";3407;"zł";"";
042815400000;"PODREGION ELBLĄSKI";"ogółem";"ogółem";"2020";4089;"zł";"";
042815400000;"PODREGION ELBLĄSKI";"ogółem";"ogółem";"2021";4481;"zł";"";
042815500000;"PODREGION EŁCKI";"ogółem";"ogółem";"2010";2915;"zł";"";
042815500000;"PODREGION EŁCKI";"ogółem";"ogółem";"2011";2690;"zł";"";
042815500000;"PODREGION EŁCKI";"ogółem";"ogółem";"2012";2794;"zł";"";
042815500000;"PODREGION EŁCKI";"ogółem";"ogółem";"2013";2720;"zł";"";
042815500000;"PODREGION EŁCKI";"ogółem";"ogółem";"2014";2800;"zł";"";
042815500000;"PODREGION EŁCKI";"ogółem";"ogółem";"2015";2733;"zł";"";
042815500000;"PODREGION EŁCKI";"ogółem";"ogółem";"2016";2645;"zł";"";
042815500000;"PODREGION EŁCKI";"ogółem";"ogółem";"2017";2839;"zł";"";
042815500000;"PODREGION EŁCKI";"ogółem";"ogółem";"2018";2949;"zł";"";
042815500000;"PODREGION EŁCKI";"ogółem";"ogółem";"2019";3328;"zł";"";
042815500000;"PODREGION EŁCKI";"ogółem";"ogółem";"2020";4026;"zł";"";
042815500000;"PODREGION EŁCKI";"ogółem";"ogółem";"2021";4351;"zł";"";
042815600000;"PODREGION OLSZTYŃSKI";"ogółem";"ogółem";"2010";4037;"zł";"";
042815600000;"PODREGION OLSZTYŃSKI";"ogółem";"ogółem";"2011";4194;"zł";"";
042815600000;"PODREGION OLSZTYŃSKI";"ogółem";"ogółem";"2012";4040;"zł";"";
042815600000;"PODREGION OLSZTYŃSKI";"ogółem";"ogółem";"2013";3814;"zł";"";
042815600000;"PODREGION OLSZTYŃSKI";"ogółem";"ogółem";"2014";3938;"zł";"";
042815600000;"PODREGION OLSZTYŃSKI";"ogółem";"ogółem";"2015";3821;"zł";"";
042815600000;"PODREGION OLSZTYŃSKI";"ogółem";"ogółem";"2016";3635;"zł";"";
042815600000;"PODREGION OLSZTYŃSKI";"ogółem";"ogółem";"2017";3893;"zł";"";
042815600000;"PODREGION OLSZTYŃSKI";"ogółem";"ogółem";"2018";3891;"zł";"";
042815600000;"PODREGION OLSZTYŃSKI";"ogółem";"ogółem";"2019";4399;"zł";"";
042815600000;"PODREGION OLSZTYŃSKI";"ogółem";"ogółem";"2020";5060;"zł";"";
042815600000;"PODREGION OLSZTYŃSKI";"ogółem";"ogółem";"2021";5565;"zł";"";
051011500000;"PODREGION ŁÓDZKI";"ogółem";"ogółem";"2010";3000;"zł";"";
051011500000;"PODREGION ŁÓDZKI";"ogółem";"ogółem";"2011";2934;"zł";"";
051011500000;"PODREGION ŁÓDZKI";"ogółem";"ogółem";"2012";2725;"zł";"";
051011500000;"PODREGION ŁÓDZKI";"ogółem";"ogółem";"2013";2925;"zł";"";
051011500000;"PODREGION ŁÓDZKI";"ogółem";"ogółem";"2014";2718;"zł";"";
051011500000;"PODREGION ŁÓDZKI";"ogółem";"ogółem";"2015";2732;"zł";"";
051011500000;"PODREGION ŁÓDZKI";"ogółem";"ogółem";"2016";2703;"zł";"";
051011500000;"PODREGION ŁÓDZKI";"ogółem";"ogółem";"2017";2777;"zł";"";
051011500000;"PODREGION ŁÓDZKI";"ogółem";"ogółem";"2018";3071;"zł";"";
051011500000;"PODREGION ŁÓDZKI";"ogółem";"ogółem";"2019";3561;"zł";"";
051011500000;"PODREGION ŁÓDZKI";"ogółem";"ogółem";"2020";4303;"zł";"";
051011500000;"PODREGION ŁÓDZKI";"ogółem";"ogółem";"2021";4706;"zł";"";
051011600000;"PODREGION MIASTO ŁÓDŹ";"ogółem";"ogółem";"2010";4009;"zł";"";
051011600000;"PODREGION MIASTO ŁÓDŹ";"ogółem";"ogółem";"2011";3821;"zł";"";
051011600000;"PODREGION MIASTO ŁÓDŹ";"ogółem";"ogółem";"2012";3715;"zł";"";
051011600000;"PODREGION MIASTO ŁÓDŹ";"ogółem";"ogółem";"2013";3743;"zł";"";
051011600000;"PODREGION MIASTO ŁÓDŹ";"ogółem";"ogółem";"2014";3581;"zł";"";
051011600000;"PODREGION MIASTO ŁÓDŹ";"ogółem";"ogółem";"2015";3534;"zł";"";
051011600000;"PODREGION MIASTO ŁÓDŹ";"ogółem";"ogółem";"2016";3576;"zł";"";
051011600000;"PODREGION MIASTO ŁÓDŹ";"ogółem";"ogółem";"2017";4056;"zł";"";
051011600000;"PODREGION MIASTO ŁÓDŹ";"ogółem";"ogółem";"2018";4434;"zł";"";
051011600000;"PODREGION MIASTO ŁÓDŹ";"ogółem";"ogółem";"2019";4991;"zł";"";
051011600000;"PODREGION MIASTO ŁÓDŹ";"ogółem";"ogółem";"2020";5541;"zł";"";
051011600000;"PODREGION MIASTO ŁÓDŹ";"ogółem";"ogółem";"2021";6145;"zł";"";
051011700000;"PODREGION PIOTRKOWSKI";"ogółem";"ogółem";"2010";2832;"zł";"";
051011700000;"PODREGION PIOTRKOWSKI";"ogółem";"ogółem";"2011";2874;"zł";"";
051011700000;"PODREGION PIOTRKOWSKI";"ogółem";"ogółem";"2012";2789;"zł";"";
051011700000;"PODREGION PIOTRKOWSKI";"ogółem";"ogółem";"2013";2544;"zł";"";
051011700000;"PODREGION PIOTRKOWSKI";"ogółem";"ogółem";"2014";2588;"zł";"";
051011700000;"PODREGION PIOTRKOWSKI";"ogółem";"ogółem";"2015";2573;"zł";"";
051011700000;"PODREGION PIOTRKOWSKI";"ogółem";"ogółem";"2016";2588;"zł";"";
051011700000;"PODREGION PIOTRKOWSKI";"ogółem";"ogółem";"2017";2691;"zł";"";
051011700000;"PODREGION PIOTRKOWSKI";"ogółem";"ogółem";"2018";2879;"zł";"";
051011700000;"PODREGION PIOTRKOWSKI";"ogółem";"ogółem";"2019";3462;"zł";"";
051011700000;"PODREGION PIOTRKOWSKI";"ogółem";"ogółem";"2020";3902;"zł";"";
051011700000;"PODREGION PIOTRKOWSKI";"ogółem";"ogółem";"2021";4433;"zł";"";
051011800000;"PODREGION SIERADZKI";"ogółem";"ogółem";"2010";2371;"zł";"";
051011800000;"PODREGION SIERADZKI";"ogółem";"ogółem";"2011";2504;"zł";"";
051011800000;"PODREGION SIERADZKI";"ogółem";"ogółem";"2012";2470;"zł";"";
051011800000;"PODREGION SIERADZKI";"ogółem";"ogółem";"2013";2458;"zł";"";
051011800000;"PODREGION SIERADZKI";"ogółem";"ogółem";"2014";2426;"zł";"";
051011800000;"PODREGION SIERADZKI";"ogółem";"ogółem";"2015";2522;"zł";"";
051011800000;"PODREGION SIERADZKI";"ogółem";"ogółem";"2016";2507;"zł";"";
051011800000;"PODREGION SIERADZKI";"ogółem";"ogółem";"2017";2706;"zł";"";
051011800000;"PODREGION SIERADZKI";"ogółem";"ogółem";"2018";2949;"zł";"";
051011800000;"PODREGION SIERADZKI";"ogółem";"ogółem";"2019";3387;"zł";"";
051011800000;"PODREGION SIERADZKI";"ogółem";"ogółem";"2020";3779;"zł";"";
051011800000;"PODREGION SIERADZKI";"ogółem";"ogółem";"2021";4442;"zł";"";
051011900000;"PODREGION SKIERNIEWICKI";"ogółem";"ogółem";"2010";3034;"zł";"";
051011900000;"PODREGION SKIERNIEWICKI";"ogółem";"ogółem";"2011";3319;"zł";"";
051011900000;"PODREGION SKIERNIEWICKI";"ogółem";"ogółem";"2012";3298;"zł";"";
051011900000;"PODREGION SKIERNIEWICKI";"ogółem";"ogółem";"2013";3181;"zł";"";
051011900000;"PODREGION SKIERNIEWICKI";"ogółem";"ogółem";"2014";3104;"zł";"";
051011900000;"PODREGION SKIERNIEWICKI";"ogółem";"ogółem";"2015";3106;"zł";"";
051011900000;"PODREGION SKIERNIEWICKI";"ogółem";"ogółem";"2016";3226;"zł";"";
051011900000;"PODREGION SKIERNIEWICKI";"ogółem";"ogółem";"2017";3233;"zł";"";
051011900000;"PODREGION SKIERNIEWICKI";"ogółem";"ogółem";"2018";3711;"zł";"";
051011900000;"PODREGION SKIERNIEWICKI";"ogółem";"ogółem";"2019";4121;"zł";"";
051011900000;"PODREGION SKIERNIEWICKI";"ogółem";"ogółem";"2020";4473;"zł";"";
051011900000;"PODREGION SKIERNIEWICKI";"ogółem";"ogółem";"2021";5098;"zł";"";
052615200000;"PODREGION KIELECKI";"ogółem";"ogółem";"2010";2902;"zł";"";
052615200000;"PODREGION KIELECKI";"ogółem";"ogółem";"2011";2913;"zł";"";
052615200000;"PODREGION KIELECKI";"ogółem";"ogółem";"2012";3744;"zł";"";
052615200000;"PODREGION KIELECKI";"ogółem";"ogółem";"2013";3958;"zł";"";
052615200000;"PODREGION KIELECKI";"ogółem";"ogółem";"2014";3730;"zł";"";
052615200000;"PODREGION KIELECKI";"ogółem";"ogółem";"2015";3875;"zł";"";
052615200000;"PODREGION KIELECKI";"ogółem";"ogółem";"2016";3523;"zł";"";
052615200000;"PODREGION KIELECKI";"ogółem";"ogółem";"2017";3555;"zł";"";
052615200000;"PODREGION KIELECKI";"ogółem";"ogółem";"2018";3947;"zł";"";
052615200000;"PODREGION KIELECKI";"ogółem";"ogółem";"2019";4364;"zł";"";
052615200000;"PODREGION KIELECKI";"ogółem";"ogółem";"2020";5024;"zł";"";
052615200000;"PODREGION KIELECKI";"ogółem";"ogółem";"2021";5450;"zł";"";
052615300000;"PODREGION SANDOMIERSKO-JĘDRZEJOWSKI";"ogółem";"ogółem";"2010";2465;"zł";"";
052615300000;"PODREGION SANDOMIERSKO-JĘDRZEJOWSKI";"ogółem";"ogółem";"2011";2710;"zł";"";
052615300000;"PODREGION SANDOMIERSKO-JĘDRZEJOWSKI";"ogółem";"ogółem";"2012";2523;"zł";"";
052615300000;"PODREGION SANDOMIERSKO-JĘDRZEJOWSKI";"ogółem";"ogółem";"2013";2418;"zł";"";
052615300000;"PODREGION SANDOMIERSKO-JĘDRZEJOWSKI";"ogółem";"ogółem";"2014";2418;"zł";"";
052615300000;"PODREGION SANDOMIERSKO-JĘDRZEJOWSKI";"ogółem";"ogółem";"2015";2455;"zł";"";
052615300000;"PODREGION SANDOMIERSKO-JĘDRZEJOWSKI";"ogółem";"ogółem";"2016";2512;"zł";"";
052615300000;"PODREGION SANDOMIERSKO-JĘDRZEJOWSKI";"ogółem";"ogółem";"2017";2488;"zł";"";
052615300000;"PODREGION SANDOMIERSKO-JĘDRZEJOWSKI";"ogółem";"ogółem";"2018";2686;"zł";"";
052615300000;"PODREGION SANDOMIERSKO-JĘDRZEJOWSKI";"ogółem";"ogółem";"2019";2796;"zł";"";
052615300000;"PODREGION SANDOMIERSKO-JĘDRZEJOWSKI";"ogółem";"ogółem";"2020";3225;"zł";"";
052615300000;"PODREGION SANDOMIERSKO-JĘDRZEJOWSKI";"ogółem";"ogółem";"2021";3956;"zł";"";
060610900000;"PODREGION BIALSKI";"ogółem";"ogółem";"2010";2740;"zł";"";
060610900000;"PODREGION BIALSKI";"ogółem";"ogółem";"2011";2743;"zł";"";
060610900000;"PODREGION BIALSKI";"ogółem";"ogółem";"2012";2617;"zł";"";
060610900000;"PODREGION BIALSKI";"ogółem";"ogółem";"2013";2552;"zł";"";
060610900000;"PODREGION BIALSKI";"ogółem";"ogółem";"2014";2795;"zł";"";
060610900000;"PODREGION BIALSKI";"ogółem";"ogółem";"2015";2730;"zł";"";
060610900000;"PODREGION BIALSKI";"ogółem";"ogółem";"2016";2842;"zł";"";
060610900000;"PODREGION BIALSKI";"ogółem";"ogółem";"2017";2861;"zł";"";
060610900000;"PODREGION BIALSKI";"ogółem";"ogółem";"2018";2941;"zł";"";
060610900000;"PODREGION BIALSKI";"ogółem";"ogółem";"2019";3076;"zł";"";
060610900000;"PODREGION BIALSKI";"ogółem";"ogółem";"2020";3423;"zł";"";
060610900000;"PODREGION BIALSKI";"ogółem";"ogółem";"2021";3947;"zł";"";
060611000000;"PODREGION CHEŁMSKO-ZAMOJSKI";"ogółem";"ogółem";"2010";2935;"zł";"";
060611000000;"PODREGION CHEŁMSKO-ZAMOJSKI";"ogółem";"ogółem";"2011";2980;"zł";"";
060611000000;"PODREGION CHEŁMSKO-ZAMOJSKI";"ogółem";"ogółem";"2012";2825;"zł";"";
060611000000;"PODREGION CHEŁMSKO-ZAMOJSKI";"ogółem";"ogółem";"2013";2743;"zł";"";
060611000000;"PODREGION CHEŁMSKO-ZAMOJSKI";"ogółem";"ogółem";"2014";2773;"zł";"";
060611000000;"PODREGION CHEŁMSKO-ZAMOJSKI";"ogółem";"ogółem";"2015";2750;"zł";"";
060611000000;"PODREGION CHEŁMSKO-ZAMOJSKI";"ogółem";"ogółem";"2016";2693;"zł";"";
060611000000;"PODREGION CHEŁMSKO-ZAMOJSKI";"ogółem";"ogółem";"2017";2856;"zł";"";
060611000000;"PODREGION CHEŁMSKO-ZAMOJSKI";"ogółem";"ogółem";"2018";3040;"zł";"";
060611000000;"PODREGION CHEŁMSKO-ZAMOJSKI";"ogółem";"ogółem";"2019";3462;"zł";"";
060611000000;"PODREGION CHEŁMSKO-ZAMOJSKI";"ogółem";"ogółem";"2020";3929;"zł";"";
060611000000;"PODREGION CHEŁMSKO-ZAMOJSKI";"ogółem";"ogółem";"2021";4529;"zł";"";
060611100000;"PODREGION LUBELSKI";"ogółem";"ogółem";"2010";4487;"zł";"";
060611100000;"PODREGION LUBELSKI";"ogółem";"ogółem";"2011";4632;"zł";"";
060611100000;"PODREGION LUBELSKI";"ogółem";"ogółem";"2012";4605;"zł";"";
060611100000;"PODREGION LUBELSKI";"ogółem";"ogółem";"2013";4451;"zł";"";
060611100000;"PODREGION LUBELSKI";"ogółem";"ogółem";"2014";4470;"zł";"";
060611100000;"PODREGION LUBELSKI";"ogółem";"ogółem";"2015";4660;"zł";"";
060611100000;"PODREGION LUBELSKI";"ogółem";"ogółem";"2016";4892;"zł";"";
060611100000;"PODREGION LUBELSKI";"ogółem";"ogółem";"2017";4979;"zł";"";
060611100000;"PODREGION LUBELSKI";"ogółem";"ogółem";"2018";5114;"zł";"";
060611100000;"PODREGION LUBELSKI";"ogółem";"ogółem";"2019";5462;"zł";"";
060611100000;"PODREGION LUBELSKI";"ogółem";"ogółem";"2020";6124;"zł";"";
060611100000;"PODREGION LUBELSKI";"ogółem";"ogółem";"2021";6590;"zł";"";
060611200000;"PODREGION PUŁAWSKI";"ogółem";"ogółem";"2010";3017;"zł";"";
060611200000;"PODREGION PUŁAWSKI";"ogółem";"ogółem";"2011";2901;"zł";"";
060611200000;"PODREGION PUŁAWSKI";"ogółem";"ogółem";"2012";3160;"zł";"";
060611200000;"PODREGION PUŁAWSKI";"ogółem";"ogółem";"2013";3064;"zł";"";
060611200000;"PODREGION PUŁAWSKI";"ogółem";"ogółem";"2014";3023;"zł";"";
060611200000;"PODREGION PUŁAWSKI";"ogółem";"ogółem";"2015";3147;"zł";"";
060611200000;"PODREGION PUŁAWSKI";"ogółem";"ogółem";"2016";3097;"zł";"";
060611200000;"PODREGION PUŁAWSKI";"ogółem";"ogółem";"2017";3241;"zł";"";
060611200000;"PODREGION PUŁAWSKI";"ogółem";"ogółem";"2018";3201;"zł";"";
060611200000;"PODREGION PUŁAWSKI";"ogółem";"ogółem";"2019";3805;"zł";"";
060611200000;"PODREGION PUŁAWSKI";"ogółem";"ogółem";"2020";4258;"zł";"";
060611200000;"PODREGION PUŁAWSKI";"ogółem";"ogółem";"2021";4682;"zł";"";
061813300000;"PODREGION KROŚNIEŃSKI";"ogółem";"ogółem";"2010";2573;"zł";"";
061813300000;"PODREGION KROŚNIEŃSKI";"ogółem";"ogółem";"2011";2692;"zł";"";
061813300000;"PODREGION KROŚNIEŃSKI";"ogółem";"ogółem";"2012";2632;"zł";"";
061813300000;"PODREGION KROŚNIEŃSKI";"ogółem";"ogółem";"2013";2647;"zł";"";
061813300000;"PODREGION KROŚNIEŃSKI";"ogółem";"ogółem";"2014";2490;"zł";"";
061813300000;"PODREGION KROŚNIEŃSKI";"ogółem";"ogółem";"2015";2568;"zł";"";
061813300000;"PODREGION KROŚNIEŃSKI";"ogółem";"ogółem";"2016";2416;"zł";"";
061813300000;"PODREGION KROŚNIEŃSKI";"ogółem";"ogółem";"2017";2601;"zł";"";
061813300000;"PODREGION KROŚNIEŃSKI";"ogółem";"ogółem";"2018";2665;"zł";"";
061813300000;"PODREGION KROŚNIEŃSKI";"ogółem";"ogółem";"2019";3265;"zł";"";
061813300000;"PODREGION KROŚNIEŃSKI";"ogółem";"ogółem";"2020";3483;"zł";"";
061813300000;"PODREGION KROŚNIEŃSKI";"ogółem";"ogółem";"2021";4082;"zł";"";
061813400000;"PODREGION PRZEMYSKI";"ogółem";"ogółem";"2010";2803;"zł";"";
061813400000;"PODREGION PRZEMYSKI";"ogółem";"ogółem";"2011";2826;"zł";"";
061813400000;"PODREGION PRZEMYSKI";"ogółem";"ogółem";"2012";2907;"zł";"";
061813400000;"PODREGION PRZEMYSKI";"ogółem";"ogółem";"2013";2853;"zł";"";
061813400000;"PODREGION PRZEMYSKI";"ogółem";"ogółem";"2014";2795;"zł";"";
061813400000;"PODREGION PRZEMYSKI";"ogółem";"ogółem";"2015";2711;"zł";"";
061813400000;"PODREGION PRZEMYSKI";"ogółem";"ogółem";"2016";2756;"zł";"";
061813400000;"PODREGION PRZEMYSKI";"ogółem";"ogółem";"2017";2923;"zł";"";
061813400000;"PODREGION PRZEMYSKI";"ogółem";"ogółem";"2018";2902;"zł";"";
061813400000;"PODREGION PRZEMYSKI";"ogółem";"ogółem";"2019";3167;"zł";"";
061813400000;"PODREGION PRZEMYSKI";"ogółem";"ogółem";"2020";3590;"zł";"";
061813400000;"PODREGION PRZEMYSKI";"ogółem";"ogółem";"2021";3906;"zł";"";
061813500000;"PODREGION RZESZOWSKI";"ogółem";"ogółem";"2010";3879;"zł";"";
061813500000;"PODREGION RZESZOWSKI";"ogółem";"ogółem";"2011";4027;"zł";"";
061813500000;"PODREGION RZESZOWSKI";"ogółem";"ogółem";"2012";4148;"zł";"";
061813500000;"PODREGION RZESZOWSKI";"ogółem";"ogółem";"2013";4039;"zł";"";
061813500000;"PODREGION RZESZOWSKI";"ogółem";"ogółem";"2014";4310;"zł";"";
061813500000;"PODREGION RZESZOWSKI";"ogółem";"ogółem";"2015";4494;"zł";"";
061813500000;"PODREGION RZESZOWSKI";"ogółem";"ogółem";"2016";4290;"zł";"";
061813500000;"PODREGION RZESZOWSKI";"ogółem";"ogółem";"2017";4471;"zł";"";
061813500000;"PODREGION RZESZOWSKI";"ogółem";"ogółem";"2018";4595;"zł";"";
061813500000;"PODREGION RZESZOWSKI";"ogółem";"ogółem";"2019";5073;"zł";"";
061813500000;"PODREGION RZESZOWSKI";"ogółem";"ogółem";"2020";5586;"zł";"";
061813500000;"PODREGION RZESZOWSKI";"ogółem";"ogółem";"2021";6251;"zł";"";
061813600000;"PODREGION TARNOBRZESKI";"ogółem";"ogółem";"2010";2672;"zł";"";
061813600000;"PODREGION TARNOBRZESKI";"ogółem";"ogółem";"2011";2669;"zł";"";
061813600000;"PODREGION TARNOBRZESKI";"ogółem";"ogółem";"2012";2656;"zł";"";
061813600000;"PODREGION TARNOBRZESKI";"ogółem";"ogółem";"2013";2620;"zł";"";
061813600000;"PODREGION TARNOBRZESKI";"ogółem";"ogółem";"2014";2594;"zł";"";
061813600000;"PODREGION TARNOBRZESKI";"ogółem";"ogółem";"2015";2639;"zł";"";
061813600000;"PODREGION TARNOBRZESKI";"ogółem";"ogółem";"2016";2698;"zł";"";
061813600000;"PODREGION TARNOBRZESKI";"ogółem";"ogółem";"2017";2873;"zł";"";
061813600000;"PODREGION TARNOBRZESKI";"ogółem";"ogółem";"2018";3142;"zł";"";
061813600000;"PODREGION TARNOBRZESKI";"ogółem";"ogółem";"2019";3457;"zł";"";
061813600000;"PODREGION TARNOBRZESKI";"ogółem";"ogółem";"2020";4010;"zł";"";
061813600000;"PODREGION TARNOBRZESKI";"ogółem";"ogółem";"2021";4566;"zł";"";
062013700000;"PODREGION BIAŁOSTOCKI";"ogółem";"ogółem";"2010";4260;"zł";"";
062013700000;"PODREGION BIAŁOSTOCKI";"ogółem";"ogółem";"2011";4364;"zł";"";
062013700000;"PODREGION BIAŁOSTOCKI";"ogółem";"ogółem";"2012";4427;"zł";"";
062013700000;"PODREGION BIAŁOSTOCKI";"ogółem";"ogółem";"2013";4300;"zł";"";
062013700000;"PODREGION BIAŁOSTOCKI";"ogółem";"ogółem";"2014";4275;"zł";"";
062013700000;"PODREGION BIAŁOSTOCKI";"ogółem";"ogółem";"2015";4364;"zł";"";
062013700000;"PODREGION BIAŁOSTOCKI";"ogółem";"ogółem";"2016";4357;"zł";"";
062013700000;"PODREGION BIAŁOSTOCKI";"ogółem";"ogółem";"2017";4521;"zł";"";
062013700000;"PODREGION BIAŁOSTOCKI";"ogółem";"ogółem";"2018";4665;"zł";"";
062013700000;"PODREGION BIAŁOSTOCKI";"ogółem";"ogółem";"2019";5073;"zł";"";
062013700000;"PODREGION BIAŁOSTOCKI";"ogółem";"ogółem";"2020";5657;"zł";"";
062013700000;"PODREGION BIAŁOSTOCKI";"ogółem";"ogółem";"2021";6067;"zł";"";
062013800000;"PODREGION ŁOMŻYŃSKI";"ogółem";"ogółem";"2010";3225;"zł";"";
062013800000;"PODREGION ŁOMŻYŃSKI";"ogółem";"ogółem";"2011";3263;"zł";"";
062013800000;"PODREGION ŁOMŻYŃSKI";"ogółem";"ogółem";"2012";3353;"zł";"";
062013800000;"PODREGION ŁOMŻYŃSKI";"ogółem";"ogółem";"2013";3161;"zł";"";
062013800000;"PODREGION ŁOMŻYŃSKI";"ogółem";"ogółem";"2014";3340;"zł";"";
062013800000;"PODREGION ŁOMŻYŃSKI";"ogółem";"ogółem";"2015";2978;"zł";"";
062013800000;"PODREGION ŁOMŻYŃSKI";"ogółem";"ogółem";"2016";3380;"zł";"";
062013800000;"PODREGION ŁOMŻYŃSKI";"ogółem";"ogółem";"2017";3170;"zł";"";
062013800000;"PODREGION ŁOMŻYŃSKI";"ogółem";"ogółem";"2018";3617;"zł";"";
062013800000;"PODREGION ŁOMŻYŃSKI";"ogółem";"ogółem";"2019";3640;"zł";"";
062013800000;"PODREGION ŁOMŻYŃSKI";"ogółem";"ogółem";"2020";4108;"zł";"";
062013800000;"PODREGION ŁOMŻYŃSKI";"ogółem";"ogółem";"2021";4679;"zł";"";
062013900000;"PODREGION SUWALSKI";"ogółem";"ogółem";"2010";2894;"zł";"";
062013900000;"PODREGION SUWALSKI";"ogółem";"ogółem";"2011";3039;"zł";"";
062013900000;"PODREGION SUWALSKI";"ogółem";"ogółem";"2012";2688;"zł";"";
062013900000;"PODREGION SUWALSKI";"ogółem";"ogółem";"2013";3078;"zł";"";
062013900000;"PODREGION SUWALSKI";"ogółem";"ogółem";"2014";2981;"zł";"";
062013900000;"PODREGION SUWALSKI";"ogółem";"ogółem";"2015";3063;"zł";"";
062013900000;"PODREGION SUWALSKI";"ogółem";"ogółem";"2016";3001;"zł";"";
062013900000;"PODREGION SUWALSKI";"ogółem";"ogółem";"2017";3503;"zł";"";
062013900000;"PODREGION SUWALSKI";"ogółem";"ogółem";"2018";3598;"zł";"";
062013900000;"PODREGION SUWALSKI";"ogółem";"ogółem";"2019";3977;"zł";"";
062013900000;"PODREGION SUWALSKI";"ogółem";"ogółem";"2020";4255;"zł";"";
062013900000;"PODREGION SUWALSKI";"ogółem";"ogółem";"2021";4916;"zł";"";
071412800000;"PODREGION MIASTO WARSZAWA";"ogółem";"ogółem";"2010";7794;"zł";"";
071412800000;"PODREGION MIASTO WARSZAWA";"ogółem";"ogółem";"2011";7723;"zł";"";
071412800000;"PODREGION MIASTO WARSZAWA";"ogółem";"ogółem";"2012";7363;"zł";"";
071412800000;"PODREGION MIASTO WARSZAWA";"ogółem";"ogółem";"2013";6927;"zł";"";
071412800000;"PODREGION MIASTO WARSZAWA";"ogółem";"ogółem";"2014";7105;"zł";"";
071412800000;"PODREGION MIASTO WARSZAWA";"ogółem";"ogółem";"2015";7257;"zł";"";
071412800000;"PODREGION MIASTO WARSZAWA";"ogółem";"ogółem";"2016";7346;"zł";"";
071412800000;"PODREGION MIASTO WARSZAWA";"ogółem";"ogółem";"2017";7754;"zł";"";
071412800000;"PODREGION MIASTO WARSZAWA";"ogółem";"ogółem";"2018";8144;"zł";"";
071412800000;"PODREGION MIASTO WARSZAWA";"ogółem";"ogółem";"2019";8723;"zł";"";
071412800000;"PODREGION MIASTO WARSZAWA";"ogółem";"ogółem";"2020";9327;"zł";"";
071412800000;"PODREGION MIASTO WARSZAWA";"ogółem";"ogółem";"2021";10495;"zł";"";
071412900000;"PODREGION WARSZAWSKI WSCHODNI";"ogółem";"ogółem";"2010";4674;"zł";"";
071412900000;"PODREGION WARSZAWSKI WSCHODNI";"ogółem";"ogółem";"2011";4846;"zł";"";
071412900000;"PODREGION WARSZAWSKI WSCHODNI";"ogółem";"ogółem";"2012";4607;"zł";"";
071412900000;"PODREGION WARSZAWSKI WSCHODNI";"ogółem";"ogółem";"2013";4348;"zł";"";
071412900000;"PODREGION WARSZAWSKI WSCHODNI";"ogółem";"ogółem";"2014";4251;"zł";"";
071412900000;"PODREGION WARSZAWSKI WSCHODNI";"ogółem";"ogółem";"2015";4267;"zł";"";
071412900000;"PODREGION WARSZAWSKI WSCHODNI";"ogółem";"ogółem";"2016";4356;"zł";"";
071412900000;"PODREGION WARSZAWSKI WSCHODNI";"ogółem";"ogółem";"2017";4568;"zł";"";
071412900000;"PODREGION WARSZAWSKI WSCHODNI";"ogółem";"ogółem";"2018";4796;"zł";"";
071412900000;"PODREGION WARSZAWSKI WSCHODNI";"ogółem";"ogółem";"2019";5067;"zł";"";
071412900000;"PODREGION WARSZAWSKI WSCHODNI";"ogółem";"ogółem";"2020";5464;"zł";"";
071412900000;"PODREGION WARSZAWSKI WSCHODNI";"ogółem";"ogółem";"2021";6102;"zł";"";
071413000000;"PODREGION WARSZAWSKI ZACHODNI";"ogółem";"ogółem";"2010";4574;"zł";"";
071413000000;"PODREGION WARSZAWSKI ZACHODNI";"ogółem";"ogółem";"2011";5049;"zł";"";
071413000000;"PODREGION WARSZAWSKI ZACHODNI";"ogółem";"ogółem";"2012";5053;"zł";"";
071413000000;"PODREGION WARSZAWSKI ZACHODNI";"ogółem";"ogółem";"2013";5002;"zł";"";
071413000000;"PODREGION WARSZAWSKI ZACHODNI";"ogółem";"ogółem";"2014";4902;"zł";"";
071413000000;"PODREGION WARSZAWSKI ZACHODNI";"ogółem";"ogółem";"2015";4636;"zł";"";
071413000000;"PODREGION WARSZAWSKI ZACHODNI";"ogółem";"ogółem";"2016";4787;"zł";"";
071413000000;"PODREGION WARSZAWSKI ZACHODNI";"ogółem";"ogółem";"2017";5136;"zł";"";
071413000000;"PODREGION WARSZAWSKI ZACHODNI";"ogółem";"ogółem";"2018";5175;"zł";"";
071413000000;"PODREGION WARSZAWSKI ZACHODNI";"ogółem";"ogółem";"2019";5198;"zł";"";
071413000000;"PODREGION WARSZAWSKI ZACHODNI";"ogółem";"ogółem";"2020";5593;"zł";"";
071413000000;"PODREGION WARSZAWSKI ZACHODNI";"ogółem";"ogółem";"2021";6189;"zł";"";
071422500000;"PODREGION CIECHANOWSKI";"ogółem";"ogółem";"2010";2971;"zł";"";
071422500000;"PODREGION CIECHANOWSKI";"ogółem";"ogółem";"2011";3008;"zł";"";
071422500000;"PODREGION CIECHANOWSKI";"ogółem";"ogółem";"2012";2964;"zł";"";
071422500000;"PODREGION CIECHANOWSKI";"ogółem";"ogółem";"2013";3051;"zł";"";
071422500000;"PODREGION CIECHANOWSKI";"ogółem";"ogółem";"2014";2983;"zł";"";
071422500000;"PODREGION CIECHANOWSKI";"ogółem";"ogółem";"2015";2993;"zł";"";
071422500000;"PODREGION CIECHANOWSKI";"ogółem";"ogółem";"2016";3096;"zł";"";
071422500000;"PODREGION CIECHANOWSKI";"ogółem";"ogółem";"2017";3042;"zł";"";
071422500000;"PODREGION CIECHANOWSKI";"ogółem";"ogółem";"2018";3019;"zł";"";
071422500000;"PODREGION CIECHANOWSKI";"ogółem";"ogółem";"2019";3397;"zł";"";
071422500000;"PODREGION CIECHANOWSKI";"ogółem";"ogółem";"2020";3767;"zł";"";
071422500000;"PODREGION CIECHANOWSKI";"ogółem";"ogółem";"2021";3996;"zł";"";
071422600000;"PODREGION OSTROŁĘCKI";"ogółem";"ogółem";"2010";2948;"zł";"";
071422600000;"PODREGION OSTROŁĘCKI";"ogółem";"ogółem";"2011";3108;"zł";"";
071422600000;"PODREGION OSTROŁĘCKI";"ogółem";"ogółem";"2012";2782;"zł";"";
071422600000;"PODREGION OSTROŁĘCKI";"ogółem";"ogółem";"2013";3572;"zł";"";
071422600000;"PODREGION OSTROŁĘCKI";"ogółem";"ogółem";"2014";3058;"zł";"";
071422600000;"PODREGION OSTROŁĘCKI";"ogółem";"ogółem";"2015";3132;"zł";"";
071422600000;"PODREGION OSTROŁĘCKI";"ogółem";"ogółem";"2016";3580;"zł";"";
071422600000;"PODREGION OSTROŁĘCKI";"ogółem";"ogółem";"2017";3501;"zł";"";
071422600000;"PODREGION OSTROŁĘCKI";"ogółem";"ogółem";"2018";3117;"zł";"";
071422600000;"PODREGION OSTROŁĘCKI";"ogółem";"ogółem";"2019";3585;"zł";"";
071422600000;"PODREGION OSTROŁĘCKI";"ogółem";"ogółem";"2020";3922;"zł";"";
071422600000;"PODREGION OSTROŁĘCKI";"ogółem";"ogółem";"2021";4138;"zł";"";
071422700000;"PODREGION RADOMSKI";"ogółem";"ogółem";"2010";2771;"zł";"";
071422700000;"PODREGION RADOMSKI";"ogółem";"ogółem";"2011";2924;"zł";"";
071422700000;"PODREGION RADOMSKI";"ogółem";"ogółem";"2012";2965;"zł";"";
071422700000;"PODREGION RADOMSKI";"ogółem";"ogółem";"2013";2859;"zł";"";
071422700000;"PODREGION RADOMSKI";"ogółem";"ogółem";"2014";2949;"zł";"";
071422700000;"PODREGION RADOMSKI";"ogółem";"ogółem";"2015";2841;"zł";"";
071422700000;"PODREGION RADOMSKI";"ogółem";"ogółem";"2016";2755;"zł";"";
071422700000;"PODREGION RADOMSKI";"ogółem";"ogółem";"2017";3002;"zł";"";
071422700000;"PODREGION RADOMSKI";"ogółem";"ogółem";"2018";3233;"zł";"";
071422700000;"PODREGION RADOMSKI";"ogółem";"ogółem";"2019";3731;"zł";"";
071422700000;"PODREGION RADOMSKI";"ogółem";"ogółem";"2020";4188;"zł";"";
071422700000;"PODREGION RADOMSKI";"ogółem";"ogółem";"2021";4788;"zł";"";
071427000000;"PODREGION PŁOCKI";"ogółem";"ogółem";"2010";3344;"zł";"";
071427000000;"PODREGION PŁOCKI";"ogółem";"ogółem";"2011";3729;"zł";"";
071427000000;"PODREGION PŁOCKI";"ogółem";"ogółem";"2012";3881;"zł";"";
071427000000;"PODREGION PŁOCKI";"ogółem";"ogółem";"2013";3546;"zł";"";
071427000000;"PODREGION PŁOCKI";"ogółem";"ogółem";"2014";3594;"zł";"";
071427000000;"PODREGION PŁOCKI";"ogółem";"ogółem";"2015";3462;"zł";"";
071427000000;"PODREGION PŁOCKI";"ogółem";"ogółem";"2016";3312;"zł";"";
071427000000;"PODREGION PŁOCKI";"ogółem";"ogółem";"2017";3575;"zł";"";
071427000000;"PODREGION PŁOCKI";"ogółem";"ogółem";"2018";3500;"zł";"";
071427000000;"PODREGION PŁOCKI";"ogółem";"ogółem";"2019";3983;"zł";"";
071427000000;"PODREGION PŁOCKI";"ogółem";"ogółem";"2020";4292;"zł";"";
071427000000;"PODREGION PŁOCKI";"ogółem";"ogółem";"2021";4658;"zł";"";
071427100000;"PODREGION SIEDLECKI";"ogółem";"ogółem";"2010";3697;"zł";"";
071427100000;"PODREGION SIEDLECKI";"ogółem";"ogółem";"2011";3744;"zł";"";
071427100000;"PODREGION SIEDLECKI";"ogółem";"ogółem";"2012";3640;"zł";"";
071427100000;"PODREGION SIEDLECKI";"ogółem";"ogółem";"2013";3634;"zł";"";
071427100000;"PODREGION SIEDLECKI";"ogółem";"ogółem";"2014";3576;"zł";"";
071427100000;"PODREGION SIEDLECKI";"ogółem";"ogółem";"2015";3672;"zł";"";
071427100000;"PODREGION SIEDLECKI";"ogółem";"ogółem";"2016";3688;"zł";"";
071427100000;"PODREGION SIEDLECKI";"ogółem";"ogółem";"2017";3676;"zł";"";
071427100000;"PODREGION SIEDLECKI";"ogółem";"ogółem";"2018";4066;"zł";"";
071427100000;"PODREGION SIEDLECKI";"ogółem";"ogółem";"2019";4344;"zł";"";
071427100000;"PODREGION SIEDLECKI";"ogółem";"ogółem";"2020";4964;"zł";"";
071427100000;"PODREGION SIEDLECKI";"ogółem";"ogółem";"2021";5435;"zł";"";
071427300000;"PODREGION ŻYRARDOWSKI";"ogółem";"ogółem";"2010";3878;"zł";"";
071427300000;"PODREGION ŻYRARDOWSKI";"ogółem";"ogółem";"2011";3714;"zł";"";
071427300000;"PODREGION ŻYRARDOWSKI";"ogółem";"ogółem";"2012";3222;"zł";"";
071427300000;"PODREGION ŻYRARDOWSKI";"ogółem";"ogółem";"2013";3194;"zł";"";
071427300000;"PODREGION ŻYRARDOWSKI";"ogółem";"ogółem";"2014";3258;"zł";"";
071427300000;"PODREGION ŻYRARDOWSKI";"ogółem";"ogółem";"2015";3035;"zł";"";
071427300000;"PODREGION ŻYRARDOWSKI";"ogółem";"ogółem";"2016";3255;"zł";"";
071427300000;"PODREGION ŻYRARDOWSKI";"ogółem";"ogółem";"2017";3433;"zł";"";
071427300000;"PODREGION ŻYRARDOWSKI";"ogółem";"ogółem";"2018";3838;"zł";"";
071427300000;"PODREGION ŻYRARDOWSKI";"ogółem";"ogółem";"2019";3960;"zł";"";
071427300000;"PODREGION ŻYRARDOWSKI";"ogółem";"ogółem";"2020";4533;"zł";"";
071427300000;"PODREGION ŻYRARDOWSKI";"ogółem";"ogółem";"2021";4900;"zł";"";
