"Kod";"Nazwa";"Ogółem";"Rok";"Wartosc";"Jednostka miary";"Atrybut";
011212000000;"PODREGION KRAKOWSKI";"ogółem";"2002";5,3;"-";"";
011212000000;"PODREGION KRAKOWSKI";"ogółem";"2003";5,4;"-";"";
011212000000;"PODREGION KRAKOWSKI";"ogółem";"2004";5,3;"-";"";
011212000000;"PODREGION KRAKOWSKI";"ogółem";"2005";5,5;"-";"";
011212000000;"PODREGION KRAKOWSKI";"ogółem";"2006";6,1;"-";"";
011212000000;"PODREGION KRAKOWSKI";"ogółem";"2007";6,8;"-";"";
011212000000;"PODREGION KRAKOWSKI";"ogółem";"2008";6,8;"-";"";
011212000000;"PODREGION KRAKOWSKI";"ogółem";"2009";6,8;"-";"";
011212000000;"PODREGION KRAKOWSKI";"ogółem";"2010";6,1;"-";"";
011212000000;"PODREGION KRAKOWSKI";"ogółem";"2011";5,7;"-";"";
011212000000;"PODREGION KRAKOWSKI";"ogółem";"2012";5,5;"-";"";
011212000000;"PODREGION KRAKOWSKI";"ogółem";"2013";4,9;"-";"";
011212000000;"PODREGION KRAKOWSKI";"ogółem";"2014";5,1;"-";"";
011212000000;"PODREGION KRAKOWSKI";"ogółem";"2015";5,1;"-";"";
011212000000;"PODREGION KRAKOWSKI";"ogółem";"2016";5,2;"-";"";
011212000000;"PODREGION KRAKOWSKI";"ogółem";"2017";5,0;"-";"";
011212000000;"PODREGION KRAKOWSKI";"ogółem";"2018";5,2;"-";"";
011212000000;"PODREGION KRAKOWSKI";"ogółem";"2019";5,0;"-";"";
011212000000;"PODREGION KRAKOWSKI";"ogółem";"2020";3,7;"-";"";
011212000000;"PODREGION KRAKOWSKI";"ogółem";"2021";4,2;"-";"";
011212000000;"PODREGION KRAKOWSKI";"ogółem";"2022";;"-";"n";
011212100000;"PODREGION MIASTO KRAKÓW";"ogółem";"2002";4,6;"-";"";
011212100000;"PODREGION MIASTO KRAKÓW";"ogółem";"2003";4,8;"-";"";
011212100000;"PODREGION MIASTO KRAKÓW";"ogółem";"2004";4,6;"-";"";
011212100000;"PODREGION MIASTO KRAKÓW";"ogółem";"2005";4,8;"-";"";
011212100000;"PODREGION MIASTO KRAKÓW";"ogółem";"2006";5,3;"-";"";
011212100000;"PODREGION MIASTO KRAKÓW";"ogółem";"2007";5,7;"-";"";
011212100000;"PODREGION MIASTO KRAKÓW";"ogółem";"2008";6,0;"-";"";
011212100000;"PODREGION MIASTO KRAKÓW";"ogółem";"2009";6,0;"-";"";
011212100000;"PODREGION MIASTO KRAKÓW";"ogółem";"2010";5,4;"-";"";
011212100000;"PODREGION MIASTO KRAKÓW";"ogółem";"2011";4,9;"-";"";
011212100000;"PODREGION MIASTO KRAKÓW";"ogółem";"2012";4,5;"-";"";
011212100000;"PODREGION MIASTO KRAKÓW";"ogółem";"2013";4,3;"-";"";
011212100000;"PODREGION MIASTO KRAKÓW";"ogółem";"2014";4,6;"-";"";
011212100000;"PODREGION MIASTO KRAKÓW";"ogółem";"2015";4,9;"-";"";
011212100000;"PODREGION MIASTO KRAKÓW";"ogółem";"2016";5,3;"-";"";
011212100000;"PODREGION MIASTO KRAKÓW";"ogółem";"2017";5,8;"-";"";
011212100000;"PODREGION MIASTO KRAKÓW";"ogółem";"2018";5,8;"-";"";
011212100000;"PODREGION MIASTO KRAKÓW";"ogółem";"2019";6,2;"-";"";
011212100000;"PODREGION MIASTO KRAKÓW";"ogółem";"2020";5,0;"-";"";
011212100000;"PODREGION MIASTO KRAKÓW";"ogółem";"2021";6,1;"-";"";
011212100000;"PODREGION MIASTO KRAKÓW";"ogółem";"2022";;"-";"n";
011212200000;"PODREGION NOWOSĄDECKI";"ogółem";"2002";6,1;"-";"";
011212200000;"PODREGION NOWOSĄDECKI";"ogółem";"2003";6,1;"-";"";
011212200000;"PODREGION NOWOSĄDECKI";"ogółem";"2004";5,9;"-";"";
011212200000;"PODREGION NOWOSĄDECKI";"ogółem";"2005";6,4;"-";"";
011212200000;"PODREGION NOWOSĄDECKI";"ogółem";"2006";6,9;"-";"";
011212200000;"PODREGION NOWOSĄDECKI";"ogółem";"2007";7,4;"-";"";
011212200000;"PODREGION NOWOSĄDECKI";"ogółem";"2008";7,6;"-";"";
011212200000;"PODREGION NOWOSĄDECKI";"ogółem";"2009";7,6;"-";"";
011212200000;"PODREGION NOWOSĄDECKI";"ogółem";"2010";6,9;"-";"";
011212200000;"PODREGION NOWOSĄDECKI";"ogółem";"2011";6,3;"-";"";
011212200000;"PODREGION NOWOSĄDECKI";"ogółem";"2012";6,3;"-";"";
011212200000;"PODREGION NOWOSĄDECKI";"ogółem";"2013";5,7;"-";"";
011212200000;"PODREGION NOWOSĄDECKI";"ogółem";"2014";6,0;"-";"";
011212200000;"PODREGION NOWOSĄDECKI";"ogółem";"2015";5,8;"-";"";
011212200000;"PODREGION NOWOSĄDECKI";"ogółem";"2016";5,9;"-";"";
011212200000;"PODREGION NOWOSĄDECKI";"ogółem";"2017";5,9;"-";"";
011212200000;"PODREGION NOWOSĄDECKI";"ogółem";"2018";5,9;"-";"";
011212200000;"PODREGION NOWOSĄDECKI";"ogółem";"2019";5,4;"-";"";
011212200000;"PODREGION NOWOSĄDECKI";"ogółem";"2020";4,4;"-";"";
011212200000;"PODREGION NOWOSĄDECKI";"ogółem";"2021";5,0;"-";"";
011212200000;"PODREGION NOWOSĄDECKI";"ogółem";"2022";;"-";"n";
011212300000;"PODREGION OŚWIĘCIMSKI";"ogółem";"2002";5,4;"-";"";
011212300000;"PODREGION OŚWIĘCIMSKI";"ogółem";"2003";5,3;"-";"";
011212300000;"PODREGION OŚWIĘCIMSKI";"ogółem";"2004";5,2;"-";"";
011212300000;"PODREGION OŚWIĘCIMSKI";"ogółem";"2005";5,8;"-";"";
011212300000;"PODREGION OŚWIĘCIMSKI";"ogółem";"2006";6,2;"-";"";
011212300000;"PODREGION OŚWIĘCIMSKI";"ogółem";"2007";6,6;"-";"";
011212300000;"PODREGION OŚWIĘCIMSKI";"ogółem";"2008";6,8;"-";"";
011212300000;"PODREGION OŚWIĘCIMSKI";"ogółem";"2009";6,7;"-";"";
011212300000;"PODREGION OŚWIĘCIMSKI";"ogółem";"2010";6,2;"-";"";
011212300000;"PODREGION OŚWIĘCIMSKI";"ogółem";"2011";5,6;"-";"";
011212300000;"PODREGION OŚWIĘCIMSKI";"ogółem";"2012";5,5;"-";"";
011212300000;"PODREGION OŚWIĘCIMSKI";"ogółem";"2013";5,0;"-";"";
011212300000;"PODREGION OŚWIĘCIMSKI";"ogółem";"2014";5,2;"-";"";
011212300000;"PODREGION OŚWIĘCIMSKI";"ogółem";"2015";5,0;"-";"";
011212300000;"PODREGION OŚWIĘCIMSKI";"ogółem";"2016";5,0;"-";"";
011212300000;"PODREGION OŚWIĘCIMSKI";"ogółem";"2017";5,0;"-";"";
011212300000;"PODREGION OŚWIĘCIMSKI";"ogółem";"2018";5,0;"-";"";
011212300000;"PODREGION OŚWIĘCIMSKI";"ogółem";"2019";4,6;"-";"";
011212300000;"PODREGION OŚWIĘCIMSKI";"ogółem";"2020";3,7;"-";"";
011212300000;"PODREGION OŚWIĘCIMSKI";"ogółem";"2021";4,2;"-";"";
011212300000;"PODREGION OŚWIĘCIMSKI";"ogółem";"2022";;"-";"n";
011212400000;"PODREGION TARNOWSKI";"ogółem";"2002";5,2;"-";"";
011212400000;"PODREGION TARNOWSKI";"ogółem";"2003";5,3;"-";"";
011212400000;"PODREGION TARNOWSKI";"ogółem";"2004";5,2;"-";"";
011212400000;"PODREGION TARNOWSKI";"ogółem";"2005";5,7;"-";"";
011212400000;"PODREGION TARNOWSKI";"ogółem";"2006";6,0;"-";"";
011212400000;"PODREGION TARNOWSKI";"ogółem";"2007";6,5;"-";"";
011212400000;"PODREGION TARNOWSKI";"ogółem";"2008";7,1;"-";"";
011212400000;"PODREGION TARNOWSKI";"ogółem";"2009";6,5;"-";"";
011212400000;"PODREGION TARNOWSKI";"ogółem";"2010";6,3;"-";"";
011212400000;"PODREGION TARNOWSKI";"ogółem";"2011";5,6;"-";"";
011212400000;"PODREGION TARNOWSKI";"ogółem";"2012";5,7;"-";"";
011212400000;"PODREGION TARNOWSKI";"ogółem";"2013";5,1;"-";"";
011212400000;"PODREGION TARNOWSKI";"ogółem";"2014";5,4;"-";"";
011212400000;"PODREGION TARNOWSKI";"ogółem";"2015";5,3;"-";"";
011212400000;"PODREGION TARNOWSKI";"ogółem";"2016";5,4;"-";"";
011212400000;"PODREGION TARNOWSKI";"ogółem";"2017";5,3;"-";"";
011212400000;"PODREGION TARNOWSKI";"ogółem";"2018";5,2;"-";"";
011212400000;"PODREGION TARNOWSKI";"ogółem";"2019";4,9;"-";"";
011212400000;"PODREGION TARNOWSKI";"ogółem";"2020";4,0;"-";"";
011212400000;"PODREGION TARNOWSKI";"ogółem";"2021";4,5;"-";"";
011212400000;"PODREGION TARNOWSKI";"ogółem";"2022";;"-";"n";
011216900000;"PODREGION NOWOTARSKI";"ogółem";"2002";5,4;"-";"";
011216900000;"PODREGION NOWOTARSKI";"ogółem";"2003";5,2;"-";"";
011216900000;"PODREGION NOWOTARSKI";"ogółem";"2004";5,3;"-";"";
011216900000;"PODREGION NOWOTARSKI";"ogółem";"2005";5,4;"-";"";
011216900000;"PODREGION NOWOTARSKI";"ogółem";"2006";5,7;"-";"";
011216900000;"PODREGION NOWOTARSKI";"ogółem";"2007";6,6;"-";"";
011216900000;"PODREGION NOWOTARSKI";"ogółem";"2008";6,4;"-";"";
011216900000;"PODREGION NOWOTARSKI";"ogółem";"2009";6,4;"-";"";
011216900000;"PODREGION NOWOTARSKI";"ogółem";"2010";6,0;"-";"";
011216900000;"PODREGION NOWOTARSKI";"ogółem";"2011";5,2;"-";"";
011216900000;"PODREGION NOWOTARSKI";"ogółem";"2012";5,4;"-";"";
011216900000;"PODREGION NOWOTARSKI";"ogółem";"2013";5,0;"-";"";
011216900000;"PODREGION NOWOTARSKI";"ogółem";"2014";4,8;"-";"";
011216900000;"PODREGION NOWOTARSKI";"ogółem";"2015";5,1;"-";"";
011216900000;"PODREGION NOWOTARSKI";"ogółem";"2016";5,2;"-";"";
011216900000;"PODREGION NOWOTARSKI";"ogółem";"2017";5,4;"-";"";
011216900000;"PODREGION NOWOTARSKI";"ogółem";"2018";5,1;"-";"";
011216900000;"PODREGION NOWOTARSKI";"ogółem";"2019";5,1;"-";"";
011216900000;"PODREGION NOWOTARSKI";"ogółem";"2020";4,0;"-";"";
011216900000;"PODREGION NOWOTARSKI";"ogółem";"2021";4,7;"-";"";
011216900000;"PODREGION NOWOTARSKI";"ogółem";"2022";;"-";"n";
012414400000;"PODREGION BIELSKI";"ogółem";"2002";5,1;"-";"";
012414400000;"PODREGION BIELSKI";"ogółem";"2003";5,0;"-";"";
012414400000;"PODREGION BIELSKI";"ogółem";"2004";5,3;"-";"";
012414400000;"PODREGION BIELSKI";"ogółem";"2005";5,5;"-";"";
012414400000;"PODREGION BIELSKI";"ogółem";"2006";6,2;"-";"";
012414400000;"PODREGION BIELSKI";"ogółem";"2007";6,6;"-";"";
012414400000;"PODREGION BIELSKI";"ogółem";"2008";6,7;"-";"";
012414400000;"PODREGION BIELSKI";"ogółem";"2009";6,7;"-";"";
012414400000;"PODREGION BIELSKI";"ogółem";"2010";6,2;"-";"";
012414400000;"PODREGION BIELSKI";"ogółem";"2011";5,6;"-";"";
012414400000;"PODREGION BIELSKI";"ogółem";"2012";5,5;"-";"";
012414400000;"PODREGION BIELSKI";"ogółem";"2013";4,8;"-";"";
012414400000;"PODREGION BIELSKI";"ogółem";"2014";5,0;"-";"";
012414400000;"PODREGION BIELSKI";"ogółem";"2015";5,0;"-";"";
012414400000;"PODREGION BIELSKI";"ogółem";"2016";4,9;"-";"";
012414400000;"PODREGION BIELSKI";"ogółem";"2017";5,2;"-";"";
012414400000;"PODREGION BIELSKI";"ogółem";"2018";5,0;"-";"";
012414400000;"PODREGION BIELSKI";"ogółem";"2019";4,8;"-";"";
012414400000;"PODREGION BIELSKI";"ogółem";"2020";3,9;"-";"";
012414400000;"PODREGION BIELSKI";"ogółem";"2021";4,3;"-";"";
012414400000;"PODREGION BIELSKI";"ogółem";"2022";;"-";"n";
012414500000;"PODREGION BYTOMSKI";"ogółem";"2002";4,3;"-";"";
012414500000;"PODREGION BYTOMSKI";"ogółem";"2003";4,8;"-";"";
012414500000;"PODREGION BYTOMSKI";"ogółem";"2004";4,6;"-";"";
012414500000;"PODREGION BYTOMSKI";"ogółem";"2005";4,9;"-";"";
012414500000;"PODREGION BYTOMSKI";"ogółem";"2006";5,3;"-";"";
012414500000;"PODREGION BYTOMSKI";"ogółem";"2007";5,9;"-";"";
012414500000;"PODREGION BYTOMSKI";"ogółem";"2008";6,2;"-";"";
012414500000;"PODREGION BYTOMSKI";"ogółem";"2009";6,5;"-";"";
012414500000;"PODREGION BYTOMSKI";"ogółem";"2010";5,9;"-";"";
012414500000;"PODREGION BYTOMSKI";"ogółem";"2011";5,2;"-";"";
012414500000;"PODREGION BYTOMSKI";"ogółem";"2012";5,0;"-";"";
012414500000;"PODREGION BYTOMSKI";"ogółem";"2013";4,7;"-";"";
012414500000;"PODREGION BYTOMSKI";"ogółem";"2014";4,9;"-";"";
012414500000;"PODREGION BYTOMSKI";"ogółem";"2015";4,8;"-";"";
012414500000;"PODREGION BYTOMSKI";"ogółem";"2016";5,0;"-";"";
012414500000;"PODREGION BYTOMSKI";"ogółem";"2017";4,7;"-";"";
012414500000;"PODREGION BYTOMSKI";"ogółem";"2018";4,8;"-";"";
012414500000;"PODREGION BYTOMSKI";"ogółem";"2019";4,7;"-";"";
012414500000;"PODREGION BYTOMSKI";"ogółem";"2020";3,7;"-";"";
012414500000;"PODREGION BYTOMSKI";"ogółem";"2021";4,4;"-";"";
012414500000;"PODREGION BYTOMSKI";"ogółem";"2022";;"-";"n";
012414600000;"PODREGION CZĘSTOCHOWSKI";"ogółem";"2002";5,3;"-";"";
012414600000;"PODREGION CZĘSTOCHOWSKI";"ogółem";"2003";5,1;"-";"";
012414600000;"PODREGION CZĘSTOCHOWSKI";"ogółem";"2004";5,2;"-";"";
012414600000;"PODREGION CZĘSTOCHOWSKI";"ogółem";"2005";5,6;"-";"";
012414600000;"PODREGION CZĘSTOCHOWSKI";"ogółem";"2006";5,7;"-";"";
012414600000;"PODREGION CZĘSTOCHOWSKI";"ogółem";"2007";6,1;"-";"";
012414600000;"PODREGION CZĘSTOCHOWSKI";"ogółem";"2008";6,7;"-";"";
012414600000;"PODREGION CZĘSTOCHOWSKI";"ogółem";"2009";6,4;"-";"";
012414600000;"PODREGION CZĘSTOCHOWSKI";"ogółem";"2010";5,9;"-";"";
012414600000;"PODREGION CZĘSTOCHOWSKI";"ogółem";"2011";5,4;"-";"";
012414600000;"PODREGION CZĘSTOCHOWSKI";"ogółem";"2012";5,3;"-";"";
012414600000;"PODREGION CZĘSTOCHOWSKI";"ogółem";"2013";4,4;"-";"";
012414600000;"PODREGION CZĘSTOCHOWSKI";"ogółem";"2014";4,6;"-";"";
012414600000;"PODREGION CZĘSTOCHOWSKI";"ogółem";"2015";4,5;"-";"";
012414600000;"PODREGION CZĘSTOCHOWSKI";"ogółem";"2016";5,0;"-";"";
012414600000;"PODREGION CZĘSTOCHOWSKI";"ogółem";"2017";4,9;"-";"";
012414600000;"PODREGION CZĘSTOCHOWSKI";"ogółem";"2018";4,7;"-";"";
012414600000;"PODREGION CZĘSTOCHOWSKI";"ogółem";"2019";4,5;"-";"";
012414600000;"PODREGION CZĘSTOCHOWSKI";"ogółem";"2020";3,6;"-";"";
012414600000;"PODREGION CZĘSTOCHOWSKI";"ogółem";"2021";4,3;"-";"";
012414600000;"PODREGION CZĘSTOCHOWSKI";"ogółem";"2022";;"-";"n";
012414700000;"PODREGION GLIWICKI";"ogółem";"2002";4,3;"-";"";
012414700000;"PODREGION GLIWICKI";"ogółem";"2003";4,4;"-";"";
012414700000;"PODREGION GLIWICKI";"ogółem";"2004";4,4;"-";"";
012414700000;"PODREGION GLIWICKI";"ogółem";"2005";5,2;"-";"";
012414700000;"PODREGION GLIWICKI";"ogółem";"2006";5,6;"-";"";
012414700000;"PODREGION GLIWICKI";"ogółem";"2007";6,1;"-";"";
012414700000;"PODREGION GLIWICKI";"ogółem";"2008";6,4;"-";"";
012414700000;"PODREGION GLIWICKI";"ogółem";"2009";6,4;"-";"";
012414700000;"PODREGION GLIWICKI";"ogółem";"2010";5,8;"-";"";
012414700000;"PODREGION GLIWICKI";"ogółem";"2011";5,4;"-";"";
012414700000;"PODREGION GLIWICKI";"ogółem";"2012";5,4;"-";"";
012414700000;"PODREGION GLIWICKI";"ogółem";"2013";4,7;"-";"";
012414700000;"PODREGION GLIWICKI";"ogółem";"2014";4,9;"-";"";
012414700000;"PODREGION GLIWICKI";"ogółem";"2015";5,3;"-";"";
012414700000;"PODREGION GLIWICKI";"ogółem";"2016";5,2;"-";"";
012414700000;"PODREGION GLIWICKI";"ogółem";"2017";5,1;"-";"";
012414700000;"PODREGION GLIWICKI";"ogółem";"2018";5,0;"-";"";
012414700000;"PODREGION GLIWICKI";"ogółem";"2019";4,6;"-";"";
012414700000;"PODREGION GLIWICKI";"ogółem";"2020";3,8;"-";"";
012414700000;"PODREGION GLIWICKI";"ogółem";"2021";4,3;"-";"";
012414700000;"PODREGION GLIWICKI";"ogółem";"2022";;"-";"n";
012414800000;"PODREGION KATOWICKI";"ogółem";"2002";4,5;"-";"";
012414800000;"PODREGION KATOWICKI";"ogółem";"2003";4,7;"-";"";
012414800000;"PODREGION KATOWICKI";"ogółem";"2004";4,6;"-";"";
012414800000;"PODREGION KATOWICKI";"ogółem";"2005";4,9;"-";"";
012414800000;"PODREGION KATOWICKI";"ogółem";"2006";5,7;"-";"";
012414800000;"PODREGION KATOWICKI";"ogółem";"2007";6,3;"-";"";
012414800000;"PODREGION KATOWICKI";"ogółem";"2008";6,3;"-";"";
012414800000;"PODREGION KATOWICKI";"ogółem";"2009";6,7;"-";"";
012414800000;"PODREGION KATOWICKI";"ogółem";"2010";5,9;"-";"";
012414800000;"PODREGION KATOWICKI";"ogółem";"2011";5,5;"-";"";
012414800000;"PODREGION KATOWICKI";"ogółem";"2012";5,1;"-";"";
012414800000;"PODREGION KATOWICKI";"ogółem";"2013";4,7;"-";"";
012414800000;"PODREGION KATOWICKI";"ogółem";"2014";4,8;"-";"";
012414800000;"PODREGION KATOWICKI";"ogółem";"2015";5,0;"-";"";
012414800000;"PODREGION KATOWICKI";"ogółem";"2016";5,2;"-";"";
012414800000;"PODREGION KATOWICKI";"ogółem";"2017";4,9;"-";"";
012414800000;"PODREGION KATOWICKI";"ogółem";"2018";5,2;"-";"";
012414800000;"PODREGION KATOWICKI";"ogółem";"2019";5,0;"-";"";
012414800000;"PODREGION KATOWICKI";"ogółem";"2020";4,0;"-";"";
012414800000;"PODREGION KATOWICKI";"ogółem";"2021";4,6;"-";"";
012414800000;"PODREGION KATOWICKI";"ogółem";"2022";;"-";"n";
012414900000;"PODREGION RYBNICKI";"ogółem";"2002";5,3;"-";"";
012414900000;"PODREGION RYBNICKI";"ogółem";"2003";5,5;"-";"";
012414900000;"PODREGION RYBNICKI";"ogółem";"2004";5,5;"-";"";
012414900000;"PODREGION RYBNICKI";"ogółem";"2005";6,1;"-";"";
012414900000;"PODREGION RYBNICKI";"ogółem";"2006";6,7;"-";"";
012414900000;"PODREGION RYBNICKI";"ogółem";"2007";6,9;"-";"";
012414900000;"PODREGION RYBNICKI";"ogółem";"2008";7,2;"-";"";
012414900000;"PODREGION RYBNICKI";"ogółem";"2009";7,3;"-";"";
012414900000;"PODREGION RYBNICKI";"ogółem";"2010";6,7;"-";"";
012414900000;"PODREGION RYBNICKI";"ogółem";"2011";5,9;"-";"";
012414900000;"PODREGION RYBNICKI";"ogółem";"2012";6,0;"-";"";
012414900000;"PODREGION RYBNICKI";"ogółem";"2013";5,4;"-";"";
012414900000;"PODREGION RYBNICKI";"ogółem";"2014";5,7;"-";"";
012414900000;"PODREGION RYBNICKI";"ogółem";"2015";5,0;"-";"";
012414900000;"PODREGION RYBNICKI";"ogółem";"2016";5,1;"-";"";
012414900000;"PODREGION RYBNICKI";"ogółem";"2017";5,1;"-";"";
012414900000;"PODREGION RYBNICKI";"ogółem";"2018";4,9;"-";"";
012414900000;"PODREGION RYBNICKI";"ogółem";"2019";4,8;"-";"";
012414900000;"PODREGION RYBNICKI";"ogółem";"2020";3,8;"-";"";
012414900000;"PODREGION RYBNICKI";"ogółem";"2021";4,6;"-";"";
012414900000;"PODREGION RYBNICKI";"ogółem";"2022";;"-";"n";
012415000000;"PODREGION SOSNOWIECKI";"ogółem";"2002";5,0;"-";"";
012415000000;"PODREGION SOSNOWIECKI";"ogółem";"2003";5,1;"-";"";
012415000000;"PODREGION SOSNOWIECKI";"ogółem";"2004";5,1;"-";"";
012415000000;"PODREGION SOSNOWIECKI";"ogółem";"2005";5,4;"-";"";
012415000000;"PODREGION SOSNOWIECKI";"ogółem";"2006";5,9;"-";"";
012415000000;"PODREGION SOSNOWIECKI";"ogółem";"2007";6,5;"-";"";
012415000000;"PODREGION SOSNOWIECKI";"ogółem";"2008";6,7;"-";"";
012415000000;"PODREGION SOSNOWIECKI";"ogółem";"2009";6,6;"-";"";
012415000000;"PODREGION SOSNOWIECKI";"ogółem";"2010";5,9;"-";"";
012415000000;"PODREGION SOSNOWIECKI";"ogółem";"2011";5,1;"-";"";
012415000000;"PODREGION SOSNOWIECKI";"ogółem";"2012";5,0;"-";"";
012415000000;"PODREGION SOSNOWIECKI";"ogółem";"2013";4,6;"-";"";
012415000000;"PODREGION SOSNOWIECKI";"ogółem";"2014";4,4;"-";"";
012415000000;"PODREGION SOSNOWIECKI";"ogółem";"2015";4,3;"-";"";
012415000000;"PODREGION SOSNOWIECKI";"ogółem";"2016";4,6;"-";"";
012415000000;"PODREGION SOSNOWIECKI";"ogółem";"2017";4,4;"-";"";
012415000000;"PODREGION SOSNOWIECKI";"ogółem";"2018";4,5;"-";"";
012415000000;"PODREGION SOSNOWIECKI";"ogółem";"2019";4,2;"-";"";
012415000000;"PODREGION SOSNOWIECKI";"ogółem";"2020";3,4;"-";"";
012415000000;"PODREGION SOSNOWIECKI";"ogółem";"2021";3,9;"-";"";
012415000000;"PODREGION SOSNOWIECKI";"ogółem";"2022";;"-";"n";
012415100000;"PODREGION TYSKI";"ogółem";"2002";5,0;"-";"";
012415100000;"PODREGION TYSKI";"ogółem";"2003";5,2;"-";"";
012415100000;"PODREGION TYSKI";"ogółem";"2004";5,4;"-";"";
012415100000;"PODREGION TYSKI";"ogółem";"2005";5,9;"-";"";
012415100000;"PODREGION TYSKI";"ogółem";"2006";6,6;"-";"";
012415100000;"PODREGION TYSKI";"ogółem";"2007";7,0;"-";"";
012415100000;"PODREGION TYSKI";"ogółem";"2008";7,4;"-";"";
012415100000;"PODREGION TYSKI";"ogółem";"2009";7,2;"-";"";
012415100000;"PODREGION TYSKI";"ogółem";"2010";6,9;"-";"";
012415100000;"PODREGION TYSKI";"ogółem";"2011";6,1;"-";"";
012415100000;"PODREGION TYSKI";"ogółem";"2012";5,8;"-";"";
012415100000;"PODREGION TYSKI";"ogółem";"2013";5,5;"-";"";
012415100000;"PODREGION TYSKI";"ogółem";"2014";5,4;"-";"";
012415100000;"PODREGION TYSKI";"ogółem";"2015";5,4;"-";"";
012415100000;"PODREGION TYSKI";"ogółem";"2016";5,4;"-";"";
012415100000;"PODREGION TYSKI";"ogółem";"2017";5,3;"-";"";
012415100000;"PODREGION TYSKI";"ogółem";"2018";5,1;"-";"";
012415100000;"PODREGION TYSKI";"ogółem";"2019";4,8;"-";"";
012415100000;"PODREGION TYSKI";"ogółem";"2020";3,8;"-";"";
012415100000;"PODREGION TYSKI";"ogółem";"2021";4,4;"-";"";
012415100000;"PODREGION TYSKI";"ogółem";"2022";;"-";"n";
020811300000;"PODREGION GORZOWSKI";"ogółem";"2002";4,4;"-";"";
020811300000;"PODREGION GORZOWSKI";"ogółem";"2003";4,7;"-";"";
020811300000;"PODREGION GORZOWSKI";"ogółem";"2004";4,4;"-";"";
020811300000;"PODREGION GORZOWSKI";"ogółem";"2005";4,9;"-";"";
020811300000;"PODREGION GORZOWSKI";"ogółem";"2006";5,8;"-";"";
020811300000;"PODREGION GORZOWSKI";"ogółem";"2007";6,5;"-";"";
020811300000;"PODREGION GORZOWSKI";"ogółem";"2008";6,8;"-";"";
020811300000;"PODREGION GORZOWSKI";"ogółem";"2009";6,4;"-";"";
020811300000;"PODREGION GORZOWSKI";"ogółem";"2010";5,9;"-";"";
020811300000;"PODREGION GORZOWSKI";"ogółem";"2011";5,1;"-";"";
020811300000;"PODREGION GORZOWSKI";"ogółem";"2012";5,3;"-";"";
020811300000;"PODREGION GORZOWSKI";"ogółem";"2013";4,5;"-";"";
020811300000;"PODREGION GORZOWSKI";"ogółem";"2014";4,7;"-";"";
020811300000;"PODREGION GORZOWSKI";"ogółem";"2015";5,0;"-";"";
020811300000;"PODREGION GORZOWSKI";"ogółem";"2016";5,2;"-";"";
020811300000;"PODREGION GORZOWSKI";"ogółem";"2017";5,0;"-";"";
020811300000;"PODREGION GORZOWSKI";"ogółem";"2018";4,9;"-";"";
020811300000;"PODREGION GORZOWSKI";"ogółem";"2019";4,7;"-";"";
020811300000;"PODREGION GORZOWSKI";"ogółem";"2020";3,5;"-";"";
020811300000;"PODREGION GORZOWSKI";"ogółem";"2021";4,2;"-";"";
020811300000;"PODREGION GORZOWSKI";"ogółem";"2022";;"-";"n";
020811400000;"PODREGION ZIELONOGÓRSKI";"ogółem";"2002";4,4;"-";"";
020811400000;"PODREGION ZIELONOGÓRSKI";"ogółem";"2003";4,4;"-";"";
020811400000;"PODREGION ZIELONOGÓRSKI";"ogółem";"2004";4,4;"-";"";
020811400000;"PODREGION ZIELONOGÓRSKI";"ogółem";"2005";4,9;"-";"";
020811400000;"PODREGION ZIELONOGÓRSKI";"ogółem";"2006";5,8;"-";"";
020811400000;"PODREGION ZIELONOGÓRSKI";"ogółem";"2007";6,6;"-";"";
020811400000;"PODREGION ZIELONOGÓRSKI";"ogółem";"2008";7,0;"-";"";
020811400000;"PODREGION ZIELONOGÓRSKI";"ogółem";"2009";6,6;"-";"";
020811400000;"PODREGION ZIELONOGÓRSKI";"ogółem";"2010";5,7;"-";"";
020811400000;"PODREGION ZIELONOGÓRSKI";"ogółem";"2011";5,1;"-";"";
020811400000;"PODREGION ZIELONOGÓRSKI";"ogółem";"2012";5,3;"-";"";
020811400000;"PODREGION ZIELONOGÓRSKI";"ogółem";"2013";4,8;"-";"";
020811400000;"PODREGION ZIELONOGÓRSKI";"ogółem";"2014";4,8;"-";"";
020811400000;"PODREGION ZIELONOGÓRSKI";"ogółem";"2015";4,9;"-";"";
020811400000;"PODREGION ZIELONOGÓRSKI";"ogółem";"2016";4,9;"-";"";
020811400000;"PODREGION ZIELONOGÓRSKI";"ogółem";"2017";4,8;"-";"";
020811400000;"PODREGION ZIELONOGÓRSKI";"ogółem";"2018";4,8;"-";"";
020811400000;"PODREGION ZIELONOGÓRSKI";"ogółem";"2019";4,4;"-";"";
020811400000;"PODREGION ZIELONOGÓRSKI";"ogółem";"2020";3,5;"-";"";
020811400000;"PODREGION ZIELONOGÓRSKI";"ogółem";"2021";4,1;"-";"";
020811400000;"PODREGION ZIELONOGÓRSKI";"ogółem";"2022";;"-";"n";
023015700000;"PODREGION KALISKI";"ogółem";"2002";5,2;"-";"";
023015700000;"PODREGION KALISKI";"ogółem";"2003";5,4;"-";"";
023015700000;"PODREGION KALISKI";"ogółem";"2004";5,2;"-";"";
023015700000;"PODREGION KALISKI";"ogółem";"2005";5,4;"-";"";
023015700000;"PODREGION KALISKI";"ogółem";"2006";6,2;"-";"";
023015700000;"PODREGION KALISKI";"ogółem";"2007";6,9;"-";"";
023015700000;"PODREGION KALISKI";"ogółem";"2008";7,2;"-";"";
023015700000;"PODREGION KALISKI";"ogółem";"2009";6,7;"-";"";
023015700000;"PODREGION KALISKI";"ogółem";"2010";6,0;"-";"";
023015700000;"PODREGION KALISKI";"ogółem";"2011";5,5;"-";"";
023015700000;"PODREGION KALISKI";"ogółem";"2012";5,6;"-";"";
023015700000;"PODREGION KALISKI";"ogółem";"2013";5,0;"-";"";
023015700000;"PODREGION KALISKI";"ogółem";"2014";5,3;"-";"";
023015700000;"PODREGION KALISKI";"ogółem";"2015";5,0;"-";"";
023015700000;"PODREGION KALISKI";"ogółem";"2016";5,3;"-";"";
023015700000;"PODREGION KALISKI";"ogółem";"2017";4,9;"-";"";
023015700000;"PODREGION KALISKI";"ogółem";"2018";5,0;"-";"";
023015700000;"PODREGION KALISKI";"ogółem";"2019";4,8;"-";"";
023015700000;"PODREGION KALISKI";"ogółem";"2020";3,8;"-";"";
023015700000;"PODREGION KALISKI";"ogółem";"2021";4,5;"-";"";
023015700000;"PODREGION KALISKI";"ogółem";"2022";;"-";"n";
023015800000;"PODREGION KONIŃSKI";"ogółem";"2002";5,6;"-";"";
023015800000;"PODREGION KONIŃSKI";"ogółem";"2003";5,7;"-";"";
023015800000;"PODREGION KONIŃSKI";"ogółem";"2004";5,3;"-";"";
023015800000;"PODREGION KONIŃSKI";"ogółem";"2005";6,0;"-";"";
023015800000;"PODREGION KONIŃSKI";"ogółem";"2006";6,4;"-";"";
023015800000;"PODREGION KONIŃSKI";"ogółem";"2007";7,2;"-";"";
023015800000;"PODREGION KONIŃSKI";"ogółem";"2008";7,6;"-";"";
023015800000;"PODREGION KONIŃSKI";"ogółem";"2009";7,2;"-";"";
023015800000;"PODREGION KONIŃSKI";"ogółem";"2010";6,3;"-";"";
023015800000;"PODREGION KONIŃSKI";"ogółem";"2011";5,8;"-";"";
023015800000;"PODREGION KONIŃSKI";"ogółem";"2012";5,7;"-";"";
023015800000;"PODREGION KONIŃSKI";"ogółem";"2013";4,9;"-";"";
023015800000;"PODREGION KONIŃSKI";"ogółem";"2014";4,9;"-";"";
023015800000;"PODREGION KONIŃSKI";"ogółem";"2015";5,0;"-";"";
023015800000;"PODREGION KONIŃSKI";"ogółem";"2016";5,1;"-";"";
023015800000;"PODREGION KONIŃSKI";"ogółem";"2017";5,1;"-";"";
023015800000;"PODREGION KONIŃSKI";"ogółem";"2018";5,0;"-";"";
023015800000;"PODREGION KONIŃSKI";"ogółem";"2019";4,9;"-";"";
023015800000;"PODREGION KONIŃSKI";"ogółem";"2020";4,0;"-";"";
023015800000;"PODREGION KONIŃSKI";"ogółem";"2021";4,5;"-";"";
023015800000;"PODREGION KONIŃSKI";"ogółem";"2022";;"-";"n";
023015900000;"PODREGION LESZCZYŃSKI";"ogółem";"2002";5,4;"-";"";
023015900000;"PODREGION LESZCZYŃSKI";"ogółem";"2003";5,5;"-";"";
023015900000;"PODREGION LESZCZYŃSKI";"ogółem";"2004";5,2;"-";"";
023015900000;"PODREGION LESZCZYŃSKI";"ogółem";"2005";6,0;"-";"";
023015900000;"PODREGION LESZCZYŃSKI";"ogółem";"2006";6,2;"-";"";
023015900000;"PODREGION LESZCZYŃSKI";"ogółem";"2007";7,4;"-";"";
023015900000;"PODREGION LESZCZYŃSKI";"ogółem";"2008";7,4;"-";"";
023015900000;"PODREGION LESZCZYŃSKI";"ogółem";"2009";7,4;"-";"";
023015900000;"PODREGION LESZCZYŃSKI";"ogółem";"2010";6,4;"-";"";
023015900000;"PODREGION LESZCZYŃSKI";"ogółem";"2011";5,8;"-";"";
023015900000;"PODREGION LESZCZYŃSKI";"ogółem";"2012";5,9;"-";"";
023015900000;"PODREGION LESZCZYŃSKI";"ogółem";"2013";5,2;"-";"";
023015900000;"PODREGION LESZCZYŃSKI";"ogółem";"2014";5,3;"-";"";
023015900000;"PODREGION LESZCZYŃSKI";"ogółem";"2015";5,5;"-";"";
023015900000;"PODREGION LESZCZYŃSKI";"ogółem";"2016";5,5;"-";"";
023015900000;"PODREGION LESZCZYŃSKI";"ogółem";"2017";5,3;"-";"";
023015900000;"PODREGION LESZCZYŃSKI";"ogółem";"2018";5,4;"-";"";
023015900000;"PODREGION LESZCZYŃSKI";"ogółem";"2019";5,0;"-";"";
023015900000;"PODREGION LESZCZYŃSKI";"ogółem";"2020";4,1;"-";"";
023015900000;"PODREGION LESZCZYŃSKI";"ogółem";"2021";4,7;"-";"";
023015900000;"PODREGION LESZCZYŃSKI";"ogółem";"2022";;"-";"n";
023016000000;"PODREGION PILSKI";"ogółem";"2002";5,1;"-";"";
023016000000;"PODREGION PILSKI";"ogółem";"2003";5,3;"-";"";
023016000000;"PODREGION PILSKI";"ogółem";"2004";4,9;"-";"";
023016000000;"PODREGION PILSKI";"ogółem";"2005";5,7;"-";"";
023016000000;"PODREGION PILSKI";"ogółem";"2006";6,5;"-";"";
023016000000;"PODREGION PILSKI";"ogółem";"2007";7,2;"-";"";
023016000000;"PODREGION PILSKI";"ogółem";"2008";7,3;"-";"";
023016000000;"PODREGION PILSKI";"ogółem";"2009";7,0;"-";"";
023016000000;"PODREGION PILSKI";"ogółem";"2010";6,3;"-";"";
023016000000;"PODREGION PILSKI";"ogółem";"2011";5,7;"-";"";
023016000000;"PODREGION PILSKI";"ogółem";"2012";5,5;"-";"";
023016000000;"PODREGION PILSKI";"ogółem";"2013";4,8;"-";"";
023016000000;"PODREGION PILSKI";"ogółem";"2014";5,0;"-";"";
023016000000;"PODREGION PILSKI";"ogółem";"2015";5,1;"-";"";
023016000000;"PODREGION PILSKI";"ogółem";"2016";5,1;"-";"";
023016000000;"PODREGION PILSKI";"ogółem";"2017";5,1;"-";"";
023016000000;"PODREGION PILSKI";"ogółem";"2018";5,1;"-";"";
023016000000;"PODREGION PILSKI";"ogółem";"2019";5,0;"-";"";
023016000000;"PODREGION PILSKI";"ogółem";"2020";3,9;"-";"";
023016000000;"PODREGION PILSKI";"ogółem";"2021";4,3;"-";"";
023016000000;"PODREGION PILSKI";"ogółem";"2022";;"-";"n";
023016100000;"PODREGION POZNAŃSKI";"ogółem";"2002";4,9;"-";"";
023016100000;"PODREGION POZNAŃSKI";"ogółem";"2003";5,1;"-";"";
023016100000;"PODREGION POZNAŃSKI";"ogółem";"2004";4,8;"-";"";
023016100000;"PODREGION POZNAŃSKI";"ogółem";"2005";5,5;"-";"";
023016100000;"PODREGION POZNAŃSKI";"ogółem";"2006";6,1;"-";"";
023016100000;"PODREGION POZNAŃSKI";"ogółem";"2007";7,2;"-";"";
023016100000;"PODREGION POZNAŃSKI";"ogółem";"2008";7,4;"-";"";
023016100000;"PODREGION POZNAŃSKI";"ogółem";"2009";6,9;"-";"";
023016100000;"PODREGION POZNAŃSKI";"ogółem";"2010";6,2;"-";"";
023016100000;"PODREGION POZNAŃSKI";"ogółem";"2011";5,5;"-";"";
023016100000;"PODREGION POZNAŃSKI";"ogółem";"2012";5,4;"-";"";
023016100000;"PODREGION POZNAŃSKI";"ogółem";"2013";4,6;"-";"";
023016100000;"PODREGION POZNAŃSKI";"ogółem";"2014";5,0;"-";"";
023016100000;"PODREGION POZNAŃSKI";"ogółem";"2015";5,1;"-";"";
023016100000;"PODREGION POZNAŃSKI";"ogółem";"2016";5,2;"-";"";
023016100000;"PODREGION POZNAŃSKI";"ogółem";"2017";5,1;"-";"";
023016100000;"PODREGION POZNAŃSKI";"ogółem";"2018";5,0;"-";"";
023016100000;"PODREGION POZNAŃSKI";"ogółem";"2019";4,9;"-";"";
023016100000;"PODREGION POZNAŃSKI";"ogółem";"2020";3,8;"-";"";
023016100000;"PODREGION POZNAŃSKI";"ogółem";"2021";4,3;"-";"";
023016100000;"PODREGION POZNAŃSKI";"ogółem";"2022";;"-";"n";
023016200000;"PODREGION MIASTO POZNAŃ";"ogółem";"2002";4,9;"-";"";
023016200000;"PODREGION MIASTO POZNAŃ";"ogółem";"2003";5,0;"-";"";
023016200000;"PODREGION MIASTO POZNAŃ";"ogółem";"2004";4,7;"-";"";
023016200000;"PODREGION MIASTO POZNAŃ";"ogółem";"2005";5,2;"-";"";
023016200000;"PODREGION MIASTO POZNAŃ";"ogółem";"2006";5,6;"-";"";
023016200000;"PODREGION MIASTO POZNAŃ";"ogółem";"2007";6,1;"-";"";
023016200000;"PODREGION MIASTO POZNAŃ";"ogółem";"2008";6,7;"-";"";
023016200000;"PODREGION MIASTO POZNAŃ";"ogółem";"2009";6,4;"-";"";
023016200000;"PODREGION MIASTO POZNAŃ";"ogółem";"2010";5,7;"-";"";
023016200000;"PODREGION MIASTO POZNAŃ";"ogółem";"2011";5,2;"-";"";
023016200000;"PODREGION MIASTO POZNAŃ";"ogółem";"2012";5,1;"-";"";
023016200000;"PODREGION MIASTO POZNAŃ";"ogółem";"2013";4,4;"-";"";
023016200000;"PODREGION MIASTO POZNAŃ";"ogółem";"2014";4,6;"-";"";
023016200000;"PODREGION MIASTO POZNAŃ";"ogółem";"2015";4,8;"-";"";
023016200000;"PODREGION MIASTO POZNAŃ";"ogółem";"2016";5,8;"-";"";
023016200000;"PODREGION MIASTO POZNAŃ";"ogółem";"2017";5,9;"-";"";
023016200000;"PODREGION MIASTO POZNAŃ";"ogółem";"2018";5,9;"-";"";
023016200000;"PODREGION MIASTO POZNAŃ";"ogółem";"2019";5,8;"-";"";
023016200000;"PODREGION MIASTO POZNAŃ";"ogółem";"2020";4,4;"-";"";
023016200000;"PODREGION MIASTO POZNAŃ";"ogółem";"2021";5,0;"-";"";
023016200000;"PODREGION MIASTO POZNAŃ";"ogółem";"2022";;"-";"n";
023216300000;"PODREGION KOSZALIŃSKI";"ogółem";"2002";4,7;"-";"";
023216300000;"PODREGION KOSZALIŃSKI";"ogółem";"2003";4,6;"-";"";
023216300000;"PODREGION KOSZALIŃSKI";"ogółem";"2004";4,2;"-";"";
023216300000;"PODREGION KOSZALIŃSKI";"ogółem";"2005";5,0;"-";"";
023216300000;"PODREGION KOSZALIŃSKI";"ogółem";"2006";5,9;"-";"";
023216300000;"PODREGION KOSZALIŃSKI";"ogółem";"2007";6,4;"-";"";
023216300000;"PODREGION KOSZALIŃSKI";"ogółem";"2008";6,8;"-";"";
023216300000;"PODREGION KOSZALIŃSKI";"ogółem";"2009";6,7;"-";"";
023216300000;"PODREGION KOSZALIŃSKI";"ogółem";"2010";5,6;"-";"";
023216300000;"PODREGION KOSZALIŃSKI";"ogółem";"2011";5,2;"-";"";
023216300000;"PODREGION KOSZALIŃSKI";"ogółem";"2012";5,0;"-";"";
023216300000;"PODREGION KOSZALIŃSKI";"ogółem";"2013";4,5;"-";"";
023216300000;"PODREGION KOSZALIŃSKI";"ogółem";"2014";4,8;"-";"";
023216300000;"PODREGION KOSZALIŃSKI";"ogółem";"2015";4,8;"-";"";
023216300000;"PODREGION KOSZALIŃSKI";"ogółem";"2016";4,9;"-";"";
023216300000;"PODREGION KOSZALIŃSKI";"ogółem";"2017";4,7;"-";"";
023216300000;"PODREGION KOSZALIŃSKI";"ogółem";"2018";4,7;"-";"";
023216300000;"PODREGION KOSZALIŃSKI";"ogółem";"2019";4,5;"-";"";
023216300000;"PODREGION KOSZALIŃSKI";"ogółem";"2020";3,4;"-";"";
023216300000;"PODREGION KOSZALIŃSKI";"ogółem";"2021";4,1;"-";"";
023216300000;"PODREGION KOSZALIŃSKI";"ogółem";"2022";;"-";"n";
023216400000;"PODREGION SZCZECINECKO-PYRZYCKI";"ogółem";"2002";4,4;"-";"";
023216400000;"PODREGION SZCZECINECKO-PYRZYCKI";"ogółem";"2003";4,7;"-";"";
023216400000;"PODREGION SZCZECINECKO-PYRZYCKI";"ogółem";"2004";4,4;"-";"";
023216400000;"PODREGION SZCZECINECKO-PYRZYCKI";"ogółem";"2005";5,0;"-";"";
023216400000;"PODREGION SZCZECINECKO-PYRZYCKI";"ogółem";"2006";5,9;"-";"";
023216400000;"PODREGION SZCZECINECKO-PYRZYCKI";"ogółem";"2007";6,8;"-";"";
023216400000;"PODREGION SZCZECINECKO-PYRZYCKI";"ogółem";"2008";7,2;"-";"";
023216400000;"PODREGION SZCZECINECKO-PYRZYCKI";"ogółem";"2009";6,8;"-";"";
023216400000;"PODREGION SZCZECINECKO-PYRZYCKI";"ogółem";"2010";5,9;"-";"";
023216400000;"PODREGION SZCZECINECKO-PYRZYCKI";"ogółem";"2011";5,2;"-";"";
023216400000;"PODREGION SZCZECINECKO-PYRZYCKI";"ogółem";"2012";5,3;"-";"";
023216400000;"PODREGION SZCZECINECKO-PYRZYCKI";"ogółem";"2013";4,7;"-";"";
023216400000;"PODREGION SZCZECINECKO-PYRZYCKI";"ogółem";"2014";5,0;"-";"";
023216400000;"PODREGION SZCZECINECKO-PYRZYCKI";"ogółem";"2015";4,9;"-";"";
023216400000;"PODREGION SZCZECINECKO-PYRZYCKI";"ogółem";"2016";4,8;"-";"";
023216400000;"PODREGION SZCZECINECKO-PYRZYCKI";"ogółem";"2017";4,7;"-";"";
023216400000;"PODREGION SZCZECINECKO-PYRZYCKI";"ogółem";"2018";4,4;"-";"";
023216400000;"PODREGION SZCZECINECKO-PYRZYCKI";"ogółem";"2019";4,1;"-";"";
023216400000;"PODREGION SZCZECINECKO-PYRZYCKI";"ogółem";"2020";3,5;"-";"";
023216400000;"PODREGION SZCZECINECKO-PYRZYCKI";"ogółem";"2021";4,0;"-";"";
023216400000;"PODREGION SZCZECINECKO-PYRZYCKI";"ogółem";"2022";;"-";"n";
023216500000;"PODREGION MIASTO SZCZECIN";"ogółem";"2002";4,5;"-";"";
023216500000;"PODREGION MIASTO SZCZECIN";"ogółem";"2003";4,6;"-";"";
023216500000;"PODREGION MIASTO SZCZECIN";"ogółem";"2004";4,5;"-";"";
023216500000;"PODREGION MIASTO SZCZECIN";"ogółem";"2005";5,0;"-";"";
023216500000;"PODREGION MIASTO SZCZECIN";"ogółem";"2006";5,5;"-";"";
023216500000;"PODREGION MIASTO SZCZECIN";"ogółem";"2007";6,0;"-";"";
023216500000;"PODREGION MIASTO SZCZECIN";"ogółem";"2008";6,3;"-";"";
023216500000;"PODREGION MIASTO SZCZECIN";"ogółem";"2009";6,2;"-";"";
023216500000;"PODREGION MIASTO SZCZECIN";"ogółem";"2010";5,0;"-";"";
023216500000;"PODREGION MIASTO SZCZECIN";"ogółem";"2011";4,8;"-";"";
023216500000;"PODREGION MIASTO SZCZECIN";"ogółem";"2012";4,6;"-";"";
023216500000;"PODREGION MIASTO SZCZECIN";"ogółem";"2013";4,1;"-";"";
023216500000;"PODREGION MIASTO SZCZECIN";"ogółem";"2014";4,5;"-";"";
023216500000;"PODREGION MIASTO SZCZECIN";"ogółem";"2015";4,8;"-";"";
023216500000;"PODREGION MIASTO SZCZECIN";"ogółem";"2016";4,9;"-";"";
023216500000;"PODREGION MIASTO SZCZECIN";"ogółem";"2017";4,9;"-";"";
023216500000;"PODREGION MIASTO SZCZECIN";"ogółem";"2018";5,5;"-";"";
023216500000;"PODREGION MIASTO SZCZECIN";"ogółem";"2019";5,4;"-";"";
023216500000;"PODREGION MIASTO SZCZECIN";"ogółem";"2020";4,3;"-";"";
023216500000;"PODREGION MIASTO SZCZECIN";"ogółem";"2021";4,9;"-";"";
023216500000;"PODREGION MIASTO SZCZECIN";"ogółem";"2022";;"-";"n";
023216600000;"PODREGION SZCZECIŃSKI";"ogółem";"2002";4,6;"-";"";
023216600000;"PODREGION SZCZECIŃSKI";"ogółem";"2003";4,4;"-";"";
023216600000;"PODREGION SZCZECIŃSKI";"ogółem";"2004";4,4;"-";"";
023216600000;"PODREGION SZCZECIŃSKI";"ogółem";"2005";5,0;"-";"";
023216600000;"PODREGION SZCZECIŃSKI";"ogółem";"2006";5,8;"-";"";
023216600000;"PODREGION SZCZECIŃSKI";"ogółem";"2007";6,5;"-";"";
023216600000;"PODREGION SZCZECIŃSKI";"ogółem";"2008";7,0;"-";"";
023216600000;"PODREGION SZCZECIŃSKI";"ogółem";"2009";6,5;"-";"";
023216600000;"PODREGION SZCZECIŃSKI";"ogółem";"2010";5,5;"-";"";
023216600000;"PODREGION SZCZECIŃSKI";"ogółem";"2011";4,8;"-";"";
023216600000;"PODREGION SZCZECIŃSKI";"ogółem";"2012";4,9;"-";"";
023216600000;"PODREGION SZCZECIŃSKI";"ogółem";"2013";4,6;"-";"";
023216600000;"PODREGION SZCZECIŃSKI";"ogółem";"2014";4,8;"-";"";
023216600000;"PODREGION SZCZECIŃSKI";"ogółem";"2015";4,9;"-";"";
023216600000;"PODREGION SZCZECIŃSKI";"ogółem";"2016";4,7;"-";"";
023216600000;"PODREGION SZCZECIŃSKI";"ogółem";"2017";4,9;"-";"";
023216600000;"PODREGION SZCZECIŃSKI";"ogółem";"2018";4,9;"-";"";
023216600000;"PODREGION SZCZECIŃSKI";"ogółem";"2019";4,5;"-";"";
023216600000;"PODREGION SZCZECIŃSKI";"ogółem";"2020";3,5;"-";"";
023216600000;"PODREGION SZCZECIŃSKI";"ogółem";"2021";4,0;"-";"";
023216600000;"PODREGION SZCZECIŃSKI";"ogółem";"2022";;"-";"n";
030210100000;"PODREGION JELENIOGÓRSKI";"ogółem";"2002";4,7;"-";"";
030210100000;"PODREGION JELENIOGÓRSKI";"ogółem";"2003";4,6;"-";"";
030210100000;"PODREGION JELENIOGÓRSKI";"ogółem";"2004";4,5;"-";"";
030210100000;"PODREGION JELENIOGÓRSKI";"ogółem";"2005";4,9;"-";"";
030210100000;"PODREGION JELENIOGÓRSKI";"ogółem";"2006";5,5;"-";"";
030210100000;"PODREGION JELENIOGÓRSKI";"ogółem";"2007";6,4;"-";"";
030210100000;"PODREGION JELENIOGÓRSKI";"ogółem";"2008";6,4;"-";"";
030210100000;"PODREGION JELENIOGÓRSKI";"ogółem";"2009";6,1;"-";"";
030210100000;"PODREGION JELENIOGÓRSKI";"ogółem";"2010";5,4;"-";"";
030210100000;"PODREGION JELENIOGÓRSKI";"ogółem";"2011";5,3;"-";"";
030210100000;"PODREGION JELENIOGÓRSKI";"ogółem";"2012";5,3;"-";"";
030210100000;"PODREGION JELENIOGÓRSKI";"ogółem";"2013";4,5;"-";"";
030210100000;"PODREGION JELENIOGÓRSKI";"ogółem";"2014";4,8;"-";"";
030210100000;"PODREGION JELENIOGÓRSKI";"ogółem";"2015";4,8;"-";"";
030210100000;"PODREGION JELENIOGÓRSKI";"ogółem";"2016";4,8;"-";"";
030210100000;"PODREGION JELENIOGÓRSKI";"ogółem";"2017";4,5;"-";"";
030210100000;"PODREGION JELENIOGÓRSKI";"ogółem";"2018";4,5;"-";"";
030210100000;"PODREGION JELENIOGÓRSKI";"ogółem";"2019";4,3;"-";"";
030210100000;"PODREGION JELENIOGÓRSKI";"ogółem";"2020";3,3;"-";"";
030210100000;"PODREGION JELENIOGÓRSKI";"ogółem";"2021";3,8;"-";"";
030210100000;"PODREGION JELENIOGÓRSKI";"ogółem";"2022";;"-";"n";
030210200000;"PODREGION LEGNICKO-GŁOGOWSKI";"ogółem";"2002";5,3;"-";"";
030210200000;"PODREGION LEGNICKO-GŁOGOWSKI";"ogółem";"2003";5,3;"-";"";
030210200000;"PODREGION LEGNICKO-GŁOGOWSKI";"ogółem";"2004";5,2;"-";"";
030210200000;"PODREGION LEGNICKO-GŁOGOWSKI";"ogółem";"2005";5,9;"-";"";
030210200000;"PODREGION LEGNICKO-GŁOGOWSKI";"ogółem";"2006";6,2;"-";"";
030210200000;"PODREGION LEGNICKO-GŁOGOWSKI";"ogółem";"2007";6,9;"-";"";
030210200000;"PODREGION LEGNICKO-GŁOGOWSKI";"ogółem";"2008";7,3;"-";"";
030210200000;"PODREGION LEGNICKO-GŁOGOWSKI";"ogółem";"2009";6,7;"-";"";
030210200000;"PODREGION LEGNICKO-GŁOGOWSKI";"ogółem";"2010";6,1;"-";"";
030210200000;"PODREGION LEGNICKO-GŁOGOWSKI";"ogółem";"2011";5,6;"-";"";
030210200000;"PODREGION LEGNICKO-GŁOGOWSKI";"ogółem";"2012";5,6;"-";"";
030210200000;"PODREGION LEGNICKO-GŁOGOWSKI";"ogółem";"2013";4,9;"-";"";
030210200000;"PODREGION LEGNICKO-GŁOGOWSKI";"ogółem";"2014";5,0;"-";"";
030210200000;"PODREGION LEGNICKO-GŁOGOWSKI";"ogółem";"2015";4,8;"-";"";
030210200000;"PODREGION LEGNICKO-GŁOGOWSKI";"ogółem";"2016";4,8;"-";"";
030210200000;"PODREGION LEGNICKO-GŁOGOWSKI";"ogółem";"2017";4,9;"-";"";
030210200000;"PODREGION LEGNICKO-GŁOGOWSKI";"ogółem";"2018";4,9;"-";"";
030210200000;"PODREGION LEGNICKO-GŁOGOWSKI";"ogółem";"2019";4,7;"-";"";
030210200000;"PODREGION LEGNICKO-GŁOGOWSKI";"ogółem";"2020";3,9;"-";"";
030210200000;"PODREGION LEGNICKO-GŁOGOWSKI";"ogółem";"2021";4,3;"-";"";
030210200000;"PODREGION LEGNICKO-GŁOGOWSKI";"ogółem";"2022";;"-";"n";
030210300000;"PODREGION WAŁBRZYSKI";"ogółem";"2002";4,5;"-";"";
030210300000;"PODREGION WAŁBRZYSKI";"ogółem";"2003";4,6;"-";"";
030210300000;"PODREGION WAŁBRZYSKI";"ogółem";"2004";4,4;"-";"";
030210300000;"PODREGION WAŁBRZYSKI";"ogółem";"2005";4,9;"-";"";
030210300000;"PODREGION WAŁBRZYSKI";"ogółem";"2006";5,5;"-";"";
030210300000;"PODREGION WAŁBRZYSKI";"ogółem";"2007";6,1;"-";"";
030210300000;"PODREGION WAŁBRZYSKI";"ogółem";"2008";6,4;"-";"";
030210300000;"PODREGION WAŁBRZYSKI";"ogółem";"2009";6,1;"-";"";
030210300000;"PODREGION WAŁBRZYSKI";"ogółem";"2010";5,4;"-";"";
030210300000;"PODREGION WAŁBRZYSKI";"ogółem";"2011";4,9;"-";"";
030210300000;"PODREGION WAŁBRZYSKI";"ogółem";"2012";5,0;"-";"";
030210300000;"PODREGION WAŁBRZYSKI";"ogółem";"2013";4,3;"-";"";
030210300000;"PODREGION WAŁBRZYSKI";"ogółem";"2014";4,5;"-";"";
030210300000;"PODREGION WAŁBRZYSKI";"ogółem";"2015";4,3;"-";"";
030210300000;"PODREGION WAŁBRZYSKI";"ogółem";"2016";4,5;"-";"";
030210300000;"PODREGION WAŁBRZYSKI";"ogółem";"2017";4,4;"-";"";
030210300000;"PODREGION WAŁBRZYSKI";"ogółem";"2018";4,3;"-";"";
030210300000;"PODREGION WAŁBRZYSKI";"ogółem";"2019";4,0;"-";"";
030210300000;"PODREGION WAŁBRZYSKI";"ogółem";"2020";3,0;"-";"";
030210300000;"PODREGION WAŁBRZYSKI";"ogółem";"2021";3,7;"-";"";
030210300000;"PODREGION WAŁBRZYSKI";"ogółem";"2022";;"-";"n";
030210400000;"PODREGION WROCŁAWSKI";"ogółem";"2002";4,9;"-";"";
030210400000;"PODREGION WROCŁAWSKI";"ogółem";"2003";5,1;"-";"";
030210400000;"PODREGION WROCŁAWSKI";"ogółem";"2004";5,2;"-";"";
030210400000;"PODREGION WROCŁAWSKI";"ogółem";"2005";5,5;"-";"";
030210400000;"PODREGION WROCŁAWSKI";"ogółem";"2006";6,1;"-";"";
030210400000;"PODREGION WROCŁAWSKI";"ogółem";"2007";6,8;"-";"";
030210400000;"PODREGION WROCŁAWSKI";"ogółem";"2008";6,9;"-";"";
030210400000;"PODREGION WROCŁAWSKI";"ogółem";"2009";6,3;"-";"";
030210400000;"PODREGION WROCŁAWSKI";"ogółem";"2010";5,7;"-";"";
030210400000;"PODREGION WROCŁAWSKI";"ogółem";"2011";5,2;"-";"";
030210400000;"PODREGION WROCŁAWSKI";"ogółem";"2012";5,1;"-";"";
030210400000;"PODREGION WROCŁAWSKI";"ogółem";"2013";4,4;"-";"";
030210400000;"PODREGION WROCŁAWSKI";"ogółem";"2014";4,7;"-";"";
030210400000;"PODREGION WROCŁAWSKI";"ogółem";"2015";4,7;"-";"";
030210400000;"PODREGION WROCŁAWSKI";"ogółem";"2016";5,0;"-";"";
030210400000;"PODREGION WROCŁAWSKI";"ogółem";"2017";4,9;"-";"";
030210400000;"PODREGION WROCŁAWSKI";"ogółem";"2018";5,0;"-";"";
030210400000;"PODREGION WROCŁAWSKI";"ogółem";"2019";4,8;"-";"";
030210400000;"PODREGION WROCŁAWSKI";"ogółem";"2020";3,6;"-";"";
030210400000;"PODREGION WROCŁAWSKI";"ogółem";"2021";4,3;"-";"";
030210400000;"PODREGION WROCŁAWSKI";"ogółem";"2022";;"-";"n";
030210500000;"PODREGION MIASTO WROCŁAW";"ogółem";"2002";4,3;"-";"";
030210500000;"PODREGION MIASTO WROCŁAW";"ogółem";"2003";4,7;"-";"";
030210500000;"PODREGION MIASTO WROCŁAW";"ogółem";"2004";4,7;"-";"";
030210500000;"PODREGION MIASTO WROCŁAW";"ogółem";"2005";5,2;"-";"";
030210500000;"PODREGION MIASTO WROCŁAW";"ogółem";"2006";5,6;"-";"";
030210500000;"PODREGION MIASTO WROCŁAW";"ogółem";"2007";6,3;"-";"";
030210500000;"PODREGION MIASTO WROCŁAW";"ogółem";"2008";6,4;"-";"";
030210500000;"PODREGION MIASTO WROCŁAW";"ogółem";"2009";6,3;"-";"";
030210500000;"PODREGION MIASTO WROCŁAW";"ogółem";"2010";5,6;"-";"";
030210500000;"PODREGION MIASTO WROCŁAW";"ogółem";"2011";5,0;"-";"";
030210500000;"PODREGION MIASTO WROCŁAW";"ogółem";"2012";5,0;"-";"";
030210500000;"PODREGION MIASTO WROCŁAW";"ogółem";"2013";4,2;"-";"";
030210500000;"PODREGION MIASTO WROCŁAW";"ogółem";"2014";4,5;"-";"";
030210500000;"PODREGION MIASTO WROCŁAW";"ogółem";"2015";4,2;"-";"";
030210500000;"PODREGION MIASTO WROCŁAW";"ogółem";"2016";4,8;"-";"";
030210500000;"PODREGION MIASTO WROCŁAW";"ogółem";"2017";5,2;"-";"";
030210500000;"PODREGION MIASTO WROCŁAW";"ogółem";"2018";5,8;"-";"";
030210500000;"PODREGION MIASTO WROCŁAW";"ogółem";"2019";6,1;"-";"";
030210500000;"PODREGION MIASTO WROCŁAW";"ogółem";"2020";4,7;"-";"";
030210500000;"PODREGION MIASTO WROCŁAW";"ogółem";"2021";5,6;"-";"";
030210500000;"PODREGION MIASTO WROCŁAW";"ogółem";"2022";;"-";"n";
031613100000;"PODREGION NYSKI";"ogółem";"2002";4,7;"-";"";
031613100000;"PODREGION NYSKI";"ogółem";"2003";4,8;"-";"";
031613100000;"PODREGION NYSKI";"ogółem";"2004";4,6;"-";"";
031613100000;"PODREGION NYSKI";"ogółem";"2005";4,8;"-";"";
031613100000;"PODREGION NYSKI";"ogółem";"2006";5,7;"-";"";
031613100000;"PODREGION NYSKI";"ogółem";"2007";6,1;"-";"";
031613100000;"PODREGION NYSKI";"ogółem";"2008";6,7;"-";"";
031613100000;"PODREGION NYSKI";"ogółem";"2009";6,4;"-";"";
031613100000;"PODREGION NYSKI";"ogółem";"2010";5,8;"-";"";
031613100000;"PODREGION NYSKI";"ogółem";"2011";5,2;"-";"";
031613100000;"PODREGION NYSKI";"ogółem";"2012";5,3;"-";"";
031613100000;"PODREGION NYSKI";"ogółem";"2013";4,6;"-";"";
031613100000;"PODREGION NYSKI";"ogółem";"2014";4,8;"-";"";
031613100000;"PODREGION NYSKI";"ogółem";"2015";4,9;"-";"";
031613100000;"PODREGION NYSKI";"ogółem";"2016";4,8;"-";"";
031613100000;"PODREGION NYSKI";"ogółem";"2017";4,8;"-";"";
031613100000;"PODREGION NYSKI";"ogółem";"2018";4,7;"-";"";
031613100000;"PODREGION NYSKI";"ogółem";"2019";4,4;"-";"";
031613100000;"PODREGION NYSKI";"ogółem";"2020";3,3;"-";"";
031613100000;"PODREGION NYSKI";"ogółem";"2021";3,9;"-";"";
031613100000;"PODREGION NYSKI";"ogółem";"2022";;"-";"n";
031613200000;"PODREGION OPOLSKI";"ogółem";"2002";4,3;"-";"";
031613200000;"PODREGION OPOLSKI";"ogółem";"2003";4,3;"-";"";
031613200000;"PODREGION OPOLSKI";"ogółem";"2004";4,3;"-";"";
031613200000;"PODREGION OPOLSKI";"ogółem";"2005";4,7;"-";"";
031613200000;"PODREGION OPOLSKI";"ogółem";"2006";5,2;"-";"";
031613200000;"PODREGION OPOLSKI";"ogółem";"2007";5,3;"-";"";
031613200000;"PODREGION OPOLSKI";"ogółem";"2008";5,6;"-";"";
031613200000;"PODREGION OPOLSKI";"ogółem";"2009";5,7;"-";"";
031613200000;"PODREGION OPOLSKI";"ogółem";"2010";5,5;"-";"";
031613200000;"PODREGION OPOLSKI";"ogółem";"2011";5,1;"-";"";
031613200000;"PODREGION OPOLSKI";"ogółem";"2012";5,3;"-";"";
031613200000;"PODREGION OPOLSKI";"ogółem";"2013";4,7;"-";"";
031613200000;"PODREGION OPOLSKI";"ogółem";"2014";4,8;"-";"";
031613200000;"PODREGION OPOLSKI";"ogółem";"2015";5,0;"-";"";
031613200000;"PODREGION OPOLSKI";"ogółem";"2016";4,9;"-";"";
031613200000;"PODREGION OPOLSKI";"ogółem";"2017";4,8;"-";"";
031613200000;"PODREGION OPOLSKI";"ogółem";"2018";4,8;"-";"";
031613200000;"PODREGION OPOLSKI";"ogółem";"2019";4,3;"-";"";
031613200000;"PODREGION OPOLSKI";"ogółem";"2020";3,5;"-";"";
031613200000;"PODREGION OPOLSKI";"ogółem";"2021";4,2;"-";"";
031613200000;"PODREGION OPOLSKI";"ogółem";"2022";;"-";"n";
040410600000;"PODREGION BYDGOSKO-TORUŃSKI";"ogółem";"2002";4,9;"-";"";
040410600000;"PODREGION BYDGOSKO-TORUŃSKI";"ogółem";"2003";5,0;"-";"";
040410600000;"PODREGION BYDGOSKO-TORUŃSKI";"ogółem";"2004";4,8;"-";"";
040410600000;"PODREGION BYDGOSKO-TORUŃSKI";"ogółem";"2005";5,5;"-";"";
040410600000;"PODREGION BYDGOSKO-TORUŃSKI";"ogółem";"2006";6,1;"-";"";
040410600000;"PODREGION BYDGOSKO-TORUŃSKI";"ogółem";"2007";6,5;"-";"";
040410600000;"PODREGION BYDGOSKO-TORUŃSKI";"ogółem";"2008";6,8;"-";"";
040410600000;"PODREGION BYDGOSKO-TORUŃSKI";"ogółem";"2009";6,6;"-";"";
040410600000;"PODREGION BYDGOSKO-TORUŃSKI";"ogółem";"2010";5,8;"-";"";
040410600000;"PODREGION BYDGOSKO-TORUŃSKI";"ogółem";"2011";5,1;"-";"";
040410600000;"PODREGION BYDGOSKO-TORUŃSKI";"ogółem";"2012";5,2;"-";"";
040410600000;"PODREGION BYDGOSKO-TORUŃSKI";"ogółem";"2013";4,4;"-";"";
040410600000;"PODREGION BYDGOSKO-TORUŃSKI";"ogółem";"2014";4,7;"-";"";
040410600000;"PODREGION BYDGOSKO-TORUŃSKI";"ogółem";"2015";4,8;"-";"";
040410600000;"PODREGION BYDGOSKO-TORUŃSKI";"ogółem";"2016";4,9;"-";"";
040410600000;"PODREGION BYDGOSKO-TORUŃSKI";"ogółem";"2017";5,0;"-";"";
040410600000;"PODREGION BYDGOSKO-TORUŃSKI";"ogółem";"2018";5,1;"-";"";
040410600000;"PODREGION BYDGOSKO-TORUŃSKI";"ogółem";"2019";4,9;"-";"";
040410600000;"PODREGION BYDGOSKO-TORUŃSKI";"ogółem";"2020";3,9;"-";"";
040410600000;"PODREGION BYDGOSKO-TORUŃSKI";"ogółem";"2021";4,3;"-";"";
040410600000;"PODREGION BYDGOSKO-TORUŃSKI";"ogółem";"2022";;"-";"n";
040410700000;"PODREGION GRUDZIĄDZKI";"ogółem";"2002";5,3;"-";"";
040410700000;"PODREGION GRUDZIĄDZKI";"ogółem";"2003";5,1;"-";"";
040410700000;"PODREGION GRUDZIĄDZKI";"ogółem";"2004";5,3;"-";"";
040410700000;"PODREGION GRUDZIĄDZKI";"ogółem";"2005";6,0;"-";"";
040410700000;"PODREGION GRUDZIĄDZKI";"ogółem";"2006";6,4;"-";"";
040410700000;"PODREGION GRUDZIĄDZKI";"ogółem";"2007";7,2;"-";"";
040410700000;"PODREGION GRUDZIĄDZKI";"ogółem";"2008";7,5;"-";"";
040410700000;"PODREGION GRUDZIĄDZKI";"ogółem";"2009";7,1;"-";"";
040410700000;"PODREGION GRUDZIĄDZKI";"ogółem";"2010";6,1;"-";"";
040410700000;"PODREGION GRUDZIĄDZKI";"ogółem";"2011";5,6;"-";"";
040410700000;"PODREGION GRUDZIĄDZKI";"ogółem";"2012";5,5;"-";"";
040410700000;"PODREGION GRUDZIĄDZKI";"ogółem";"2013";5,0;"-";"";
040410700000;"PODREGION GRUDZIĄDZKI";"ogółem";"2014";5,1;"-";"";
040410700000;"PODREGION GRUDZIĄDZKI";"ogółem";"2015";5,1;"-";"";
040410700000;"PODREGION GRUDZIĄDZKI";"ogółem";"2016";5,0;"-";"";
040410700000;"PODREGION GRUDZIĄDZKI";"ogółem";"2017";4,9;"-";"";
040410700000;"PODREGION GRUDZIĄDZKI";"ogółem";"2018";5,2;"-";"";
040410700000;"PODREGION GRUDZIĄDZKI";"ogółem";"2019";4,6;"-";"";
040410700000;"PODREGION GRUDZIĄDZKI";"ogółem";"2020";3,5;"-";"";
040410700000;"PODREGION GRUDZIĄDZKI";"ogółem";"2021";4,0;"-";"";
040410700000;"PODREGION GRUDZIĄDZKI";"ogółem";"2022";;"-";"n";
040410800000;"PODREGION WŁOCŁAWSKI";"ogółem";"2002";5,2;"-";"";
040410800000;"PODREGION WŁOCŁAWSKI";"ogółem";"2003";5,1;"-";"";
040410800000;"PODREGION WŁOCŁAWSKI";"ogółem";"2004";5,1;"-";"";
040410800000;"PODREGION WŁOCŁAWSKI";"ogółem";"2005";5,3;"-";"";
040410800000;"PODREGION WŁOCŁAWSKI";"ogółem";"2006";6,1;"-";"";
040410800000;"PODREGION WŁOCŁAWSKI";"ogółem";"2007";6,4;"-";"";
040410800000;"PODREGION WŁOCŁAWSKI";"ogółem";"2008";6,9;"-";"";
040410800000;"PODREGION WŁOCŁAWSKI";"ogółem";"2009";6,6;"-";"";
040410800000;"PODREGION WŁOCŁAWSKI";"ogółem";"2010";5,7;"-";"";
040410800000;"PODREGION WŁOCŁAWSKI";"ogółem";"2011";5,3;"-";"";
040410800000;"PODREGION WŁOCŁAWSKI";"ogółem";"2012";5,2;"-";"";
040410800000;"PODREGION WŁOCŁAWSKI";"ogółem";"2013";4,6;"-";"";
040410800000;"PODREGION WŁOCŁAWSKI";"ogółem";"2014";4,9;"-";"";
040410800000;"PODREGION WŁOCŁAWSKI";"ogółem";"2015";4,7;"-";"";
040410800000;"PODREGION WŁOCŁAWSKI";"ogółem";"2016";4,9;"-";"";
040410800000;"PODREGION WŁOCŁAWSKI";"ogółem";"2017";4,6;"-";"";
040410800000;"PODREGION WŁOCŁAWSKI";"ogółem";"2018";4,6;"-";"";
040410800000;"PODREGION WŁOCŁAWSKI";"ogółem";"2019";4,3;"-";"";
040410800000;"PODREGION WŁOCŁAWSKI";"ogółem";"2020";3,7;"-";"";
040410800000;"PODREGION WŁOCŁAWSKI";"ogółem";"2021";4,3;"-";"";
040410800000;"PODREGION WŁOCŁAWSKI";"ogółem";"2022";;"-";"n";
040416700000;"PODREGION INOWROCŁAWSKI";"ogółem";"2002";4,9;"-";"";
040416700000;"PODREGION INOWROCŁAWSKI";"ogółem";"2003";4,9;"-";"";
040416700000;"PODREGION INOWROCŁAWSKI";"ogółem";"2004";4,9;"-";"";
040416700000;"PODREGION INOWROCŁAWSKI";"ogółem";"2005";5,6;"-";"";
040416700000;"PODREGION INOWROCŁAWSKI";"ogółem";"2006";6,1;"-";"";
040416700000;"PODREGION INOWROCŁAWSKI";"ogółem";"2007";7,2;"-";"";
040416700000;"PODREGION INOWROCŁAWSKI";"ogółem";"2008";7,4;"-";"";
040416700000;"PODREGION INOWROCŁAWSKI";"ogółem";"2009";7,1;"-";"";
040416700000;"PODREGION INOWROCŁAWSKI";"ogółem";"2010";6,3;"-";"";
040416700000;"PODREGION INOWROCŁAWSKI";"ogółem";"2011";5,6;"-";"";
040416700000;"PODREGION INOWROCŁAWSKI";"ogółem";"2012";5,5;"-";"";
040416700000;"PODREGION INOWROCŁAWSKI";"ogółem";"2013";4,9;"-";"";
040416700000;"PODREGION INOWROCŁAWSKI";"ogółem";"2014";5,1;"-";"";
040416700000;"PODREGION INOWROCŁAWSKI";"ogółem";"2015";5,1;"-";"";
040416700000;"PODREGION INOWROCŁAWSKI";"ogółem";"2016";5,0;"-";"";
040416700000;"PODREGION INOWROCŁAWSKI";"ogółem";"2017";4,8;"-";"";
040416700000;"PODREGION INOWROCŁAWSKI";"ogółem";"2018";4,9;"-";"";
040416700000;"PODREGION INOWROCŁAWSKI";"ogółem";"2019";4,5;"-";"";
040416700000;"PODREGION INOWROCŁAWSKI";"ogółem";"2020";3,8;"-";"";
040416700000;"PODREGION INOWROCŁAWSKI";"ogółem";"2021";4,2;"-";"";
040416700000;"PODREGION INOWROCŁAWSKI";"ogółem";"2022";;"-";"n";
040416800000;"PODREGION ŚWIECKI";"ogółem";"2002";5,5;"-";"";
040416800000;"PODREGION ŚWIECKI";"ogółem";"2003";5,2;"-";"";
040416800000;"PODREGION ŚWIECKI";"ogółem";"2004";5,3;"-";"";
040416800000;"PODREGION ŚWIECKI";"ogółem";"2005";5,9;"-";"";
040416800000;"PODREGION ŚWIECKI";"ogółem";"2006";6,2;"-";"";
040416800000;"PODREGION ŚWIECKI";"ogółem";"2007";7,4;"-";"";
040416800000;"PODREGION ŚWIECKI";"ogółem";"2008";7,3;"-";"";
040416800000;"PODREGION ŚWIECKI";"ogółem";"2009";6,8;"-";"";
040416800000;"PODREGION ŚWIECKI";"ogółem";"2010";5,9;"-";"";
040416800000;"PODREGION ŚWIECKI";"ogółem";"2011";5,7;"-";"";
040416800000;"PODREGION ŚWIECKI";"ogółem";"2012";5,9;"-";"";
040416800000;"PODREGION ŚWIECKI";"ogółem";"2013";4,9;"-";"";
040416800000;"PODREGION ŚWIECKI";"ogółem";"2014";5,2;"-";"";
040416800000;"PODREGION ŚWIECKI";"ogółem";"2015";5,3;"-";"";
040416800000;"PODREGION ŚWIECKI";"ogółem";"2016";5,2;"-";"";
040416800000;"PODREGION ŚWIECKI";"ogółem";"2017";5,1;"-";"";
040416800000;"PODREGION ŚWIECKI";"ogółem";"2018";5,0;"-";"";
040416800000;"PODREGION ŚWIECKI";"ogółem";"2019";4,8;"-";"";
040416800000;"PODREGION ŚWIECKI";"ogółem";"2020";3,9;"-";"";
040416800000;"PODREGION ŚWIECKI";"ogółem";"2021";4,2;"-";"";
040416800000;"PODREGION ŚWIECKI";"ogółem";"2022";;"-";"n";
042214000000;"PODREGION GDAŃSKI";"ogółem";"2002";5,5;"-";"";
042214000000;"PODREGION GDAŃSKI";"ogółem";"2003";5,3;"-";"";
042214000000;"PODREGION GDAŃSKI";"ogółem";"2004";5,3;"-";"";
042214000000;"PODREGION GDAŃSKI";"ogółem";"2005";5,8;"-";"";
042214000000;"PODREGION GDAŃSKI";"ogółem";"2006";6,7;"-";"";
042214000000;"PODREGION GDAŃSKI";"ogółem";"2007";7,3;"-";"";
042214000000;"PODREGION GDAŃSKI";"ogółem";"2008";7,7;"-";"";
042214000000;"PODREGION GDAŃSKI";"ogółem";"2009";7,3;"-";"";
042214000000;"PODREGION GDAŃSKI";"ogółem";"2010";6,3;"-";"";
042214000000;"PODREGION GDAŃSKI";"ogółem";"2011";5,6;"-";"";
042214000000;"PODREGION GDAŃSKI";"ogółem";"2012";5,6;"-";"";
042214000000;"PODREGION GDAŃSKI";"ogółem";"2013";5,0;"-";"";
042214000000;"PODREGION GDAŃSKI";"ogółem";"2014";5,3;"-";"";
042214000000;"PODREGION GDAŃSKI";"ogółem";"2015";5,4;"-";"";
042214000000;"PODREGION GDAŃSKI";"ogółem";"2016";5,6;"-";"";
042214000000;"PODREGION GDAŃSKI";"ogółem";"2017";5,6;"-";"";
042214000000;"PODREGION GDAŃSKI";"ogółem";"2018";5,7;"-";"";
042214000000;"PODREGION GDAŃSKI";"ogółem";"2019";5,2;"-";"";
042214000000;"PODREGION GDAŃSKI";"ogółem";"2020";4,2;"-";"";
042214000000;"PODREGION GDAŃSKI";"ogółem";"2021";4,8;"-";"";
042214000000;"PODREGION GDAŃSKI";"ogółem";"2022";;"-";"n";
042214100000;"PODREGION SŁUPSKI";"ogółem";"2002";4,8;"-";"";
042214100000;"PODREGION SŁUPSKI";"ogółem";"2003";5,0;"-";"";
042214100000;"PODREGION SŁUPSKI";"ogółem";"2004";4,7;"-";"";
042214100000;"PODREGION SŁUPSKI";"ogółem";"2005";5,4;"-";"";
042214100000;"PODREGION SŁUPSKI";"ogółem";"2006";6,3;"-";"";
042214100000;"PODREGION SŁUPSKI";"ogółem";"2007";7,1;"-";"";
042214100000;"PODREGION SŁUPSKI";"ogółem";"2008";7,2;"-";"";
042214100000;"PODREGION SŁUPSKI";"ogółem";"2009";6,8;"-";"";
042214100000;"PODREGION SŁUPSKI";"ogółem";"2010";6,1;"-";"";
042214100000;"PODREGION SŁUPSKI";"ogółem";"2011";5,8;"-";"";
042214100000;"PODREGION SŁUPSKI";"ogółem";"2012";5,8;"-";"";
042214100000;"PODREGION SŁUPSKI";"ogółem";"2013";4,8;"-";"";
042214100000;"PODREGION SŁUPSKI";"ogółem";"2014";5,2;"-";"";
042214100000;"PODREGION SŁUPSKI";"ogółem";"2015";5,1;"-";"";
042214100000;"PODREGION SŁUPSKI";"ogółem";"2016";5,1;"-";"";
042214100000;"PODREGION SŁUPSKI";"ogółem";"2017";5,1;"-";"";
042214100000;"PODREGION SŁUPSKI";"ogółem";"2018";4,9;"-";"";
042214100000;"PODREGION SŁUPSKI";"ogółem";"2019";4,6;"-";"";
042214100000;"PODREGION SŁUPSKI";"ogółem";"2020";3,7;"-";"";
042214100000;"PODREGION SŁUPSKI";"ogółem";"2021";4,3;"-";"";
042214100000;"PODREGION SŁUPSKI";"ogółem";"2022";;"-";"n";
042214200000;"PODREGION STAROGARDZKI";"ogółem";"2002";5,1;"-";"";
042214200000;"PODREGION STAROGARDZKI";"ogółem";"2003";5,0;"-";"";
042214200000;"PODREGION STAROGARDZKI";"ogółem";"2004";4,9;"-";"";
042214200000;"PODREGION STAROGARDZKI";"ogółem";"2005";5,4;"-";"";
042214200000;"PODREGION STAROGARDZKI";"ogółem";"2006";6,5;"-";"";
042214200000;"PODREGION STAROGARDZKI";"ogółem";"2007";7,6;"-";"";
042214200000;"PODREGION STAROGARDZKI";"ogółem";"2008";7,7;"-";"";
042214200000;"PODREGION STAROGARDZKI";"ogółem";"2009";7,2;"-";"";
042214200000;"PODREGION STAROGARDZKI";"ogółem";"2010";5,8;"-";"";
042214200000;"PODREGION STAROGARDZKI";"ogółem";"2011";5,5;"-";"";
042214200000;"PODREGION STAROGARDZKI";"ogółem";"2012";5,5;"-";"";
042214200000;"PODREGION STAROGARDZKI";"ogółem";"2013";4,6;"-";"";
042214200000;"PODREGION STAROGARDZKI";"ogółem";"2014";4,9;"-";"";
042214200000;"PODREGION STAROGARDZKI";"ogółem";"2015";4,8;"-";"";
042214200000;"PODREGION STAROGARDZKI";"ogółem";"2016";5,1;"-";"";
042214200000;"PODREGION STAROGARDZKI";"ogółem";"2017";5,2;"-";"";
042214200000;"PODREGION STAROGARDZKI";"ogółem";"2018";4,9;"-";"";
042214200000;"PODREGION STAROGARDZKI";"ogółem";"2019";4,7;"-";"";
042214200000;"PODREGION STAROGARDZKI";"ogółem";"2020";3,6;"-";"";
042214200000;"PODREGION STAROGARDZKI";"ogółem";"2021";4,2;"-";"";
042214200000;"PODREGION STAROGARDZKI";"ogółem";"2022";;"-";"n";
042214300000;"PODREGION TRÓJMIEJSKI";"ogółem";"2002";5,0;"-";"";
042214300000;"PODREGION TRÓJMIEJSKI";"ogółem";"2003";5,0;"-";"";
042214300000;"PODREGION TRÓJMIEJSKI";"ogółem";"2004";4,9;"-";"";
042214300000;"PODREGION TRÓJMIEJSKI";"ogółem";"2005";5,2;"-";"";
042214300000;"PODREGION TRÓJMIEJSKI";"ogółem";"2006";5,8;"-";"";
042214300000;"PODREGION TRÓJMIEJSKI";"ogółem";"2007";6,4;"-";"";
042214300000;"PODREGION TRÓJMIEJSKI";"ogółem";"2008";6,5;"-";"";
042214300000;"PODREGION TRÓJMIEJSKI";"ogółem";"2009";6,4;"-";"";
042214300000;"PODREGION TRÓJMIEJSKI";"ogółem";"2010";5,7;"-";"";
042214300000;"PODREGION TRÓJMIEJSKI";"ogółem";"2011";4,9;"-";"";
042214300000;"PODREGION TRÓJMIEJSKI";"ogółem";"2012";4,6;"-";"";
042214300000;"PODREGION TRÓJMIEJSKI";"ogółem";"2013";4,3;"-";"";
042214300000;"PODREGION TRÓJMIEJSKI";"ogółem";"2014";4,6;"-";"";
042214300000;"PODREGION TRÓJMIEJSKI";"ogółem";"2015";5,0;"-";"";
042214300000;"PODREGION TRÓJMIEJSKI";"ogółem";"2016";5,3;"-";"";
042214300000;"PODREGION TRÓJMIEJSKI";"ogółem";"2017";5,4;"-";"";
042214300000;"PODREGION TRÓJMIEJSKI";"ogółem";"2018";5,6;"-";"";
042214300000;"PODREGION TRÓJMIEJSKI";"ogółem";"2019";5,5;"-";"";
042214300000;"PODREGION TRÓJMIEJSKI";"ogółem";"2020";4,1;"-";"";
042214300000;"PODREGION TRÓJMIEJSKI";"ogółem";"2021";5,1;"-";"";
042214300000;"PODREGION TRÓJMIEJSKI";"ogółem";"2022";;"-";"n";
042217200000;"PODREGION CHOJNICKI";"ogółem";"2002";5,3;"-";"";
042217200000;"PODREGION CHOJNICKI";"ogółem";"2003";5,9;"-";"";
042217200000;"PODREGION CHOJNICKI";"ogółem";"2004";5,3;"-";"";
042217200000;"PODREGION CHOJNICKI";"ogółem";"2005";6,0;"-";"";
042217200000;"PODREGION CHOJNICKI";"ogółem";"2006";7,2;"-";"";
042217200000;"PODREGION CHOJNICKI";"ogółem";"2007";7,3;"-";"";
042217200000;"PODREGION CHOJNICKI";"ogółem";"2008";7,9;"-";"";
042217200000;"PODREGION CHOJNICKI";"ogółem";"2009";7,2;"-";"";
042217200000;"PODREGION CHOJNICKI";"ogółem";"2010";6,5;"-";"";
042217200000;"PODREGION CHOJNICKI";"ogółem";"2011";5,9;"-";"";
042217200000;"PODREGION CHOJNICKI";"ogółem";"2012";5,7;"-";"";
042217200000;"PODREGION CHOJNICKI";"ogółem";"2013";5,0;"-";"";
042217200000;"PODREGION CHOJNICKI";"ogółem";"2014";5,4;"-";"";
042217200000;"PODREGION CHOJNICKI";"ogółem";"2015";5,7;"-";"";
042217200000;"PODREGION CHOJNICKI";"ogółem";"2016";5,8;"-";"";
042217200000;"PODREGION CHOJNICKI";"ogółem";"2017";5,8;"-";"";
042217200000;"PODREGION CHOJNICKI";"ogółem";"2018";5,4;"-";"";
042217200000;"PODREGION CHOJNICKI";"ogółem";"2019";5,1;"-";"";
042217200000;"PODREGION CHOJNICKI";"ogółem";"2020";4,3;"-";"";
042217200000;"PODREGION CHOJNICKI";"ogółem";"2021";4,5;"-";"";
042217200000;"PODREGION CHOJNICKI";"ogółem";"2022";;"-";"n";
042815400000;"PODREGION ELBLĄSKI";"ogółem";"2002";5,0;"-";"";
042815400000;"PODREGION ELBLĄSKI";"ogółem";"2003";5,2;"-";"";
042815400000;"PODREGION ELBLĄSKI";"ogółem";"2004";5,2;"-";"";
042815400000;"PODREGION ELBLĄSKI";"ogółem";"2005";5,4;"-";"";
042815400000;"PODREGION ELBLĄSKI";"ogółem";"2006";6,0;"-";"";
042815400000;"PODREGION ELBLĄSKI";"ogółem";"2007";7,0;"-";"";
042815400000;"PODREGION ELBLĄSKI";"ogółem";"2008";7,1;"-";"";
042815400000;"PODREGION ELBLĄSKI";"ogółem";"2009";6,9;"-";"";
042815400000;"PODREGION ELBLĄSKI";"ogółem";"2010";5,8;"-";"";
042815400000;"PODREGION ELBLĄSKI";"ogółem";"2011";5,4;"-";"";
042815400000;"PODREGION ELBLĄSKI";"ogółem";"2012";5,3;"-";"";
042815400000;"PODREGION ELBLĄSKI";"ogółem";"2013";4,7;"-";"";
042815400000;"PODREGION ELBLĄSKI";"ogółem";"2014";4,9;"-";"";
042815400000;"PODREGION ELBLĄSKI";"ogółem";"2015";4,8;"-";"";
042815400000;"PODREGION ELBLĄSKI";"ogółem";"2016";4,8;"-";"";
042815400000;"PODREGION ELBLĄSKI";"ogółem";"2017";4,9;"-";"";
042815400000;"PODREGION ELBLĄSKI";"ogółem";"2018";4,8;"-";"";
042815400000;"PODREGION ELBLĄSKI";"ogółem";"2019";4,5;"-";"";
042815400000;"PODREGION ELBLĄSKI";"ogółem";"2020";3,4;"-";"";
042815400000;"PODREGION ELBLĄSKI";"ogółem";"2021";4,3;"-";"";
042815400000;"PODREGION ELBLĄSKI";"ogółem";"2022";;"-";"n";
042815500000;"PODREGION EŁCKI";"ogółem";"2002";5,0;"-";"";
042815500000;"PODREGION EŁCKI";"ogółem";"2003";5,4;"-";"";
042815500000;"PODREGION EŁCKI";"ogółem";"2004";5,1;"-";"";
042815500000;"PODREGION EŁCKI";"ogółem";"2005";5,5;"-";"";
042815500000;"PODREGION EŁCKI";"ogółem";"2006";5,8;"-";"";
042815500000;"PODREGION EŁCKI";"ogółem";"2007";6,5;"-";"";
042815500000;"PODREGION EŁCKI";"ogółem";"2008";7,1;"-";"";
042815500000;"PODREGION EŁCKI";"ogółem";"2009";6,5;"-";"";
042815500000;"PODREGION EŁCKI";"ogółem";"2010";5,9;"-";"";
042815500000;"PODREGION EŁCKI";"ogółem";"2011";5,0;"-";"";
042815500000;"PODREGION EŁCKI";"ogółem";"2012";5,1;"-";"";
042815500000;"PODREGION EŁCKI";"ogółem";"2013";4,5;"-";"";
042815500000;"PODREGION EŁCKI";"ogółem";"2014";4,9;"-";"";
042815500000;"PODREGION EŁCKI";"ogółem";"2015";5,2;"-";"";
042815500000;"PODREGION EŁCKI";"ogółem";"2016";4,9;"-";"";
042815500000;"PODREGION EŁCKI";"ogółem";"2017";4,8;"-";"";
042815500000;"PODREGION EŁCKI";"ogółem";"2018";4,8;"-";"";
042815500000;"PODREGION EŁCKI";"ogółem";"2019";4,5;"-";"";
042815500000;"PODREGION EŁCKI";"ogółem";"2020";3,5;"-";"";
042815500000;"PODREGION EŁCKI";"ogółem";"2021";4,0;"-";"";
042815500000;"PODREGION EŁCKI";"ogółem";"2022";;"-";"n";
042815600000;"PODREGION OLSZTYŃSKI";"ogółem";"2002";5,0;"-";"";
042815600000;"PODREGION OLSZTYŃSKI";"ogółem";"2003";5,2;"-";"";
042815600000;"PODREGION OLSZTYŃSKI";"ogółem";"2004";4,8;"-";"";
042815600000;"PODREGION OLSZTYŃSKI";"ogółem";"2005";5,4;"-";"";
042815600000;"PODREGION OLSZTYŃSKI";"ogółem";"2006";5,8;"-";"";
042815600000;"PODREGION OLSZTYŃSKI";"ogółem";"2007";6,5;"-";"";
042815600000;"PODREGION OLSZTYŃSKI";"ogółem";"2008";6,9;"-";"";
042815600000;"PODREGION OLSZTYŃSKI";"ogółem";"2009";6,4;"-";"";
042815600000;"PODREGION OLSZTYŃSKI";"ogółem";"2010";5,7;"-";"";
042815600000;"PODREGION OLSZTYŃSKI";"ogółem";"2011";5,2;"-";"";
042815600000;"PODREGION OLSZTYŃSKI";"ogółem";"2012";5,1;"-";"";
042815600000;"PODREGION OLSZTYŃSKI";"ogółem";"2013";4,4;"-";"";
042815600000;"PODREGION OLSZTYŃSKI";"ogółem";"2014";4,7;"-";"";
042815600000;"PODREGION OLSZTYŃSKI";"ogółem";"2015";4,5;"-";"";
042815600000;"PODREGION OLSZTYŃSKI";"ogółem";"2016";4,5;"-";"";
042815600000;"PODREGION OLSZTYŃSKI";"ogółem";"2017";4,6;"-";"";
042815600000;"PODREGION OLSZTYŃSKI";"ogółem";"2018";4,5;"-";"";
042815600000;"PODREGION OLSZTYŃSKI";"ogółem";"2019";4,4;"-";"";
042815600000;"PODREGION OLSZTYŃSKI";"ogółem";"2020";3,4;"-";"";
042815600000;"PODREGION OLSZTYŃSKI";"ogółem";"2021";3,9;"-";"";
042815600000;"PODREGION OLSZTYŃSKI";"ogółem";"2022";;"-";"n";
051011500000;"PODREGION ŁÓDZKI";"ogółem";"2002";4,6;"-";"";
051011500000;"PODREGION ŁÓDZKI";"ogółem";"2003";4,9;"-";"";
051011500000;"PODREGION ŁÓDZKI";"ogółem";"2004";5,0;"-";"";
051011500000;"PODREGION ŁÓDZKI";"ogółem";"2005";4,8;"-";"";
051011500000;"PODREGION ŁÓDZKI";"ogółem";"2006";5,3;"-";"";
051011500000;"PODREGION ŁÓDZKI";"ogółem";"2007";5,7;"-";"";
051011500000;"PODREGION ŁÓDZKI";"ogółem";"2008";6,0;"-";"";
051011500000;"PODREGION ŁÓDZKI";"ogółem";"2009";5,9;"-";"";
051011500000;"PODREGION ŁÓDZKI";"ogółem";"2010";5,6;"-";"";
051011500000;"PODREGION ŁÓDZKI";"ogółem";"2011";4,7;"-";"";
051011500000;"PODREGION ŁÓDZKI";"ogółem";"2012";4,7;"-";"";
051011500000;"PODREGION ŁÓDZKI";"ogółem";"2013";4,2;"-";"";
051011500000;"PODREGION ŁÓDZKI";"ogółem";"2014";4,2;"-";"";
051011500000;"PODREGION ŁÓDZKI";"ogółem";"2015";4,4;"-";"";
051011500000;"PODREGION ŁÓDZKI";"ogółem";"2016";4,3;"-";"";
051011500000;"PODREGION ŁÓDZKI";"ogółem";"2017";4,4;"-";"";
051011500000;"PODREGION ŁÓDZKI";"ogółem";"2018";4,2;"-";"";
051011500000;"PODREGION ŁÓDZKI";"ogółem";"2019";4,2;"-";"";
051011500000;"PODREGION ŁÓDZKI";"ogółem";"2020";3,3;"-";"";
051011500000;"PODREGION ŁÓDZKI";"ogółem";"2021";4,0;"-";"";
051011500000;"PODREGION ŁÓDZKI";"ogółem";"2022";;"-";"n";
051011600000;"PODREGION MIASTO ŁÓDŹ";"ogółem";"2002";4,4;"-";"";
051011600000;"PODREGION MIASTO ŁÓDŹ";"ogółem";"2003";4,6;"-";"";
051011600000;"PODREGION MIASTO ŁÓDŹ";"ogółem";"2004";4,6;"-";"";
051011600000;"PODREGION MIASTO ŁÓDŹ";"ogółem";"2005";4,5;"-";"";
051011600000;"PODREGION MIASTO ŁÓDŹ";"ogółem";"2006";5,0;"-";"";
051011600000;"PODREGION MIASTO ŁÓDŹ";"ogółem";"2007";5,3;"-";"";
051011600000;"PODREGION MIASTO ŁÓDŹ";"ogółem";"2008";5,7;"-";"";
051011600000;"PODREGION MIASTO ŁÓDŹ";"ogółem";"2009";5,5;"-";"";
051011600000;"PODREGION MIASTO ŁÓDŹ";"ogółem";"2010";5,1;"-";"";
051011600000;"PODREGION MIASTO ŁÓDŹ";"ogółem";"2011";4,4;"-";"";
051011600000;"PODREGION MIASTO ŁÓDŹ";"ogółem";"2012";4,5;"-";"";
051011600000;"PODREGION MIASTO ŁÓDŹ";"ogółem";"2013";3,9;"-";"";
051011600000;"PODREGION MIASTO ŁÓDŹ";"ogółem";"2014";4,2;"-";"";
051011600000;"PODREGION MIASTO ŁÓDŹ";"ogółem";"2015";4,2;"-";"";
051011600000;"PODREGION MIASTO ŁÓDŹ";"ogółem";"2016";4,5;"-";"";
051011600000;"PODREGION MIASTO ŁÓDŹ";"ogółem";"2017";4,6;"-";"";
051011600000;"PODREGION MIASTO ŁÓDŹ";"ogółem";"2018";4,7;"-";"";
051011600000;"PODREGION MIASTO ŁÓDŹ";"ogółem";"2019";4,7;"-";"";
051011600000;"PODREGION MIASTO ŁÓDŹ";"ogółem";"2020";3,7;"-";"";
051011600000;"PODREGION MIASTO ŁÓDŹ";"ogółem";"2021";4,4;"-";"";
051011600000;"PODREGION MIASTO ŁÓDŹ";"ogółem";"2022";;"-";"n";
051011700000;"PODREGION PIOTRKOWSKI";"ogółem";"2002";5,5;"-";"";
051011700000;"PODREGION PIOTRKOWSKI";"ogółem";"2003";5,7;"-";"";
051011700000;"PODREGION PIOTRKOWSKI";"ogółem";"2004";5,4;"-";"";
051011700000;"PODREGION PIOTRKOWSKI";"ogółem";"2005";5,9;"-";"";
051011700000;"PODREGION PIOTRKOWSKI";"ogółem";"2006";6,2;"-";"";
051011700000;"PODREGION PIOTRKOWSKI";"ogółem";"2007";6,7;"-";"";
051011700000;"PODREGION PIOTRKOWSKI";"ogółem";"2008";7,1;"-";"";
051011700000;"PODREGION PIOTRKOWSKI";"ogółem";"2009";6,7;"-";"";
051011700000;"PODREGION PIOTRKOWSKI";"ogółem";"2010";6,2;"-";"";
051011700000;"PODREGION PIOTRKOWSKI";"ogółem";"2011";5,4;"-";"";
051011700000;"PODREGION PIOTRKOWSKI";"ogółem";"2012";5,4;"-";"";
051011700000;"PODREGION PIOTRKOWSKI";"ogółem";"2013";4,5;"-";"";
051011700000;"PODREGION PIOTRKOWSKI";"ogółem";"2014";4,7;"-";"";
051011700000;"PODREGION PIOTRKOWSKI";"ogółem";"2015";4,8;"-";"";
051011700000;"PODREGION PIOTRKOWSKI";"ogółem";"2016";4,9;"-";"";
051011700000;"PODREGION PIOTRKOWSKI";"ogółem";"2017";4,8;"-";"";
051011700000;"PODREGION PIOTRKOWSKI";"ogółem";"2018";4,7;"-";"";
051011700000;"PODREGION PIOTRKOWSKI";"ogółem";"2019";4,5;"-";"";
051011700000;"PODREGION PIOTRKOWSKI";"ogółem";"2020";3,5;"-";"";
051011700000;"PODREGION PIOTRKOWSKI";"ogółem";"2021";4,4;"-";"";
051011700000;"PODREGION PIOTRKOWSKI";"ogółem";"2022";;"-";"n";
051011800000;"PODREGION SIERADZKI";"ogółem";"2002";5,0;"-";"";
051011800000;"PODREGION SIERADZKI";"ogółem";"2003";5,0;"-";"";
051011800000;"PODREGION SIERADZKI";"ogółem";"2004";5,1;"-";"";
051011800000;"PODREGION SIERADZKI";"ogółem";"2005";5,3;"-";"";
051011800000;"PODREGION SIERADZKI";"ogółem";"2006";5,7;"-";"";
051011800000;"PODREGION SIERADZKI";"ogółem";"2007";6,2;"-";"";
051011800000;"PODREGION SIERADZKI";"ogółem";"2008";6,6;"-";"";
051011800000;"PODREGION SIERADZKI";"ogółem";"2009";6,5;"-";"";
051011800000;"PODREGION SIERADZKI";"ogółem";"2010";5,8;"-";"";
051011800000;"PODREGION SIERADZKI";"ogółem";"2011";5,3;"-";"";
051011800000;"PODREGION SIERADZKI";"ogółem";"2012";5,1;"-";"";
051011800000;"PODREGION SIERADZKI";"ogółem";"2013";4,5;"-";"";
051011800000;"PODREGION SIERADZKI";"ogółem";"2014";4,9;"-";"";
051011800000;"PODREGION SIERADZKI";"ogółem";"2015";4,9;"-";"";
051011800000;"PODREGION SIERADZKI";"ogółem";"2016";5,0;"-";"";
051011800000;"PODREGION SIERADZKI";"ogółem";"2017";4,7;"-";"";
051011800000;"PODREGION SIERADZKI";"ogółem";"2018";4,8;"-";"";
051011800000;"PODREGION SIERADZKI";"ogółem";"2019";4,6;"-";"";
051011800000;"PODREGION SIERADZKI";"ogółem";"2020";3,6;"-";"";
051011800000;"PODREGION SIERADZKI";"ogółem";"2021";4,4;"-";"";
051011800000;"PODREGION SIERADZKI";"ogółem";"2022";;"-";"n";
051011900000;"PODREGION SKIERNIEWICKI";"ogółem";"2002";5,3;"-";"";
051011900000;"PODREGION SKIERNIEWICKI";"ogółem";"2003";5,3;"-";"";
051011900000;"PODREGION SKIERNIEWICKI";"ogółem";"2004";5,2;"-";"";
051011900000;"PODREGION SKIERNIEWICKI";"ogółem";"2005";5,4;"-";"";
051011900000;"PODREGION SKIERNIEWICKI";"ogółem";"2006";6,1;"-";"";
051011900000;"PODREGION SKIERNIEWICKI";"ogółem";"2007";6,2;"-";"";
051011900000;"PODREGION SKIERNIEWICKI";"ogółem";"2008";6,7;"-";"";
051011900000;"PODREGION SKIERNIEWICKI";"ogółem";"2009";6,6;"-";"";
051011900000;"PODREGION SKIERNIEWICKI";"ogółem";"2010";5,9;"-";"";
051011900000;"PODREGION SKIERNIEWICKI";"ogółem";"2011";5,4;"-";"";
051011900000;"PODREGION SKIERNIEWICKI";"ogółem";"2012";5,4;"-";"";
051011900000;"PODREGION SKIERNIEWICKI";"ogółem";"2013";4,8;"-";"";
051011900000;"PODREGION SKIERNIEWICKI";"ogółem";"2014";4,9;"-";"";
051011900000;"PODREGION SKIERNIEWICKI";"ogółem";"2015";4,8;"-";"";
051011900000;"PODREGION SKIERNIEWICKI";"ogółem";"2016";4,9;"-";"";
051011900000;"PODREGION SKIERNIEWICKI";"ogółem";"2017";4,7;"-";"";
051011900000;"PODREGION SKIERNIEWICKI";"ogółem";"2018";4,9;"-";"";
051011900000;"PODREGION SKIERNIEWICKI";"ogółem";"2019";4,6;"-";"";
051011900000;"PODREGION SKIERNIEWICKI";"ogółem";"2020";3,9;"-";"";
051011900000;"PODREGION SKIERNIEWICKI";"ogółem";"2021";4,3;"-";"";
051011900000;"PODREGION SKIERNIEWICKI";"ogółem";"2022";;"-";"n";
052615200000;"PODREGION KIELECKI";"ogółem";"2002";5,3;"-";"";
052615200000;"PODREGION KIELECKI";"ogółem";"2003";5,3;"-";"";
052615200000;"PODREGION KIELECKI";"ogółem";"2004";5,3;"-";"";
052615200000;"PODREGION KIELECKI";"ogółem";"2005";5,4;"-";"";
052615200000;"PODREGION KIELECKI";"ogółem";"2006";6,1;"-";"";
052615200000;"PODREGION KIELECKI";"ogółem";"2007";6,6;"-";"";
052615200000;"PODREGION KIELECKI";"ogółem";"2008";6,8;"-";"";
052615200000;"PODREGION KIELECKI";"ogółem";"2009";6,5;"-";"";
052615200000;"PODREGION KIELECKI";"ogółem";"2010";6,1;"-";"";
052615200000;"PODREGION KIELECKI";"ogółem";"2011";5,3;"-";"";
052615200000;"PODREGION KIELECKI";"ogółem";"2012";5,2;"-";"";
052615200000;"PODREGION KIELECKI";"ogółem";"2013";4,5;"-";"";
052615200000;"PODREGION KIELECKI";"ogółem";"2014";4,7;"-";"";
052615200000;"PODREGION KIELECKI";"ogółem";"2015";4,5;"-";"";
052615200000;"PODREGION KIELECKI";"ogółem";"2016";4,7;"-";"";
052615200000;"PODREGION KIELECKI";"ogółem";"2017";4,6;"-";"";
052615200000;"PODREGION KIELECKI";"ogółem";"2018";4,6;"-";"";
052615200000;"PODREGION KIELECKI";"ogółem";"2019";4,2;"-";"";
052615200000;"PODREGION KIELECKI";"ogółem";"2020";3,4;"-";"";
052615200000;"PODREGION KIELECKI";"ogółem";"2021";4,0;"-";"";
052615200000;"PODREGION KIELECKI";"ogółem";"2022";;"-";"n";
052615300000;"PODREGION SANDOMIERSKO-JĘDRZEJOWSKI";"ogółem";"2002";5,6;"-";"";
052615300000;"PODREGION SANDOMIERSKO-JĘDRZEJOWSKI";"ogółem";"2003";5,4;"-";"";
052615300000;"PODREGION SANDOMIERSKO-JĘDRZEJOWSKI";"ogółem";"2004";5,3;"-";"";
052615300000;"PODREGION SANDOMIERSKO-JĘDRZEJOWSKI";"ogółem";"2005";5,7;"-";"";
052615300000;"PODREGION SANDOMIERSKO-JĘDRZEJOWSKI";"ogółem";"2006";6,1;"-";"";
052615300000;"PODREGION SANDOMIERSKO-JĘDRZEJOWSKI";"ogółem";"2007";6,6;"-";"";
052615300000;"PODREGION SANDOMIERSKO-JĘDRZEJOWSKI";"ogółem";"2008";6,6;"-";"";
052615300000;"PODREGION SANDOMIERSKO-JĘDRZEJOWSKI";"ogółem";"2009";6,4;"-";"";
052615300000;"PODREGION SANDOMIERSKO-JĘDRZEJOWSKI";"ogółem";"2010";6,1;"-";"";
052615300000;"PODREGION SANDOMIERSKO-JĘDRZEJOWSKI";"ogółem";"2011";5,5;"-";"";
052615300000;"PODREGION SANDOMIERSKO-JĘDRZEJOWSKI";"ogółem";"2012";5,6;"-";"";
052615300000;"PODREGION SANDOMIERSKO-JĘDRZEJOWSKI";"ogółem";"2013";4,8;"-";"";
052615300000;"PODREGION SANDOMIERSKO-JĘDRZEJOWSKI";"ogółem";"2014";4,9;"-";"";
052615300000;"PODREGION SANDOMIERSKO-JĘDRZEJOWSKI";"ogółem";"2015";4,9;"-";"";
052615300000;"PODREGION SANDOMIERSKO-JĘDRZEJOWSKI";"ogółem";"2016";4,9;"-";"";
052615300000;"PODREGION SANDOMIERSKO-JĘDRZEJOWSKI";"ogółem";"2017";4,9;"-";"";
052615300000;"PODREGION SANDOMIERSKO-JĘDRZEJOWSKI";"ogółem";"2018";4,9;"-";"";
052615300000;"PODREGION SANDOMIERSKO-JĘDRZEJOWSKI";"ogółem";"2019";4,5;"-";"";
052615300000;"PODREGION SANDOMIERSKO-JĘDRZEJOWSKI";"ogółem";"2020";3,6;"-";"";
052615300000;"PODREGION SANDOMIERSKO-JĘDRZEJOWSKI";"ogółem";"2021";4,4;"-";"";
052615300000;"PODREGION SANDOMIERSKO-JĘDRZEJOWSKI";"ogółem";"2022";;"-";"n";
060610900000;"PODREGION BIALSKI";"ogółem";"2002";5,3;"-";"";
060610900000;"PODREGION BIALSKI";"ogółem";"2003";5,5;"-";"";
060610900000;"PODREGION BIALSKI";"ogółem";"2004";5,6;"-";"";
060610900000;"PODREGION BIALSKI";"ogółem";"2005";5,9;"-";"";
060610900000;"PODREGION BIALSKI";"ogółem";"2006";6,2;"-";"";
060610900000;"PODREGION BIALSKI";"ogółem";"2007";7,1;"-";"";
060610900000;"PODREGION BIALSKI";"ogółem";"2008";7,1;"-";"";
060610900000;"PODREGION BIALSKI";"ogółem";"2009";7,0;"-";"";
060610900000;"PODREGION BIALSKI";"ogółem";"2010";6,5;"-";"";
060610900000;"PODREGION BIALSKI";"ogółem";"2011";6,0;"-";"";
060610900000;"PODREGION BIALSKI";"ogółem";"2012";5,9;"-";"";
060610900000;"PODREGION BIALSKI";"ogółem";"2013";5,2;"-";"";
060610900000;"PODREGION BIALSKI";"ogółem";"2014";5,5;"-";"";
060610900000;"PODREGION BIALSKI";"ogółem";"2015";5,4;"-";"";
060610900000;"PODREGION BIALSKI";"ogółem";"2016";5,2;"-";"";
060610900000;"PODREGION BIALSKI";"ogółem";"2017";5,1;"-";"";
060610900000;"PODREGION BIALSKI";"ogółem";"2018";5,0;"-";"";
060610900000;"PODREGION BIALSKI";"ogółem";"2019";4,9;"-";"";
060610900000;"PODREGION BIALSKI";"ogółem";"2020";4,2;"-";"";
060610900000;"PODREGION BIALSKI";"ogółem";"2021";4,4;"-";"";
060610900000;"PODREGION BIALSKI";"ogółem";"2022";;"-";"n";
060611000000;"PODREGION CHEŁMSKO-ZAMOJSKI";"ogółem";"2002";5,3;"-";"";
060611000000;"PODREGION CHEŁMSKO-ZAMOJSKI";"ogółem";"2003";5,3;"-";"";
060611000000;"PODREGION CHEŁMSKO-ZAMOJSKI";"ogółem";"2004";5,4;"-";"";
060611000000;"PODREGION CHEŁMSKO-ZAMOJSKI";"ogółem";"2005";6,0;"-";"";
060611000000;"PODREGION CHEŁMSKO-ZAMOJSKI";"ogółem";"2006";6,1;"-";"";
060611000000;"PODREGION CHEŁMSKO-ZAMOJSKI";"ogółem";"2007";6,9;"-";"";
060611000000;"PODREGION CHEŁMSKO-ZAMOJSKI";"ogółem";"2008";6,9;"-";"";
060611000000;"PODREGION CHEŁMSKO-ZAMOJSKI";"ogółem";"2009";6,8;"-";"";
060611000000;"PODREGION CHEŁMSKO-ZAMOJSKI";"ogółem";"2010";6,0;"-";"";
060611000000;"PODREGION CHEŁMSKO-ZAMOJSKI";"ogółem";"2011";5,6;"-";"";
060611000000;"PODREGION CHEŁMSKO-ZAMOJSKI";"ogółem";"2012";5,4;"-";"";
060611000000;"PODREGION CHEŁMSKO-ZAMOJSKI";"ogółem";"2013";4,8;"-";"";
060611000000;"PODREGION CHEŁMSKO-ZAMOJSKI";"ogółem";"2014";5,2;"-";"";
060611000000;"PODREGION CHEŁMSKO-ZAMOJSKI";"ogółem";"2015";5,1;"-";"";
060611000000;"PODREGION CHEŁMSKO-ZAMOJSKI";"ogółem";"2016";4,9;"-";"";
060611000000;"PODREGION CHEŁMSKO-ZAMOJSKI";"ogółem";"2017";4,9;"-";"";
060611000000;"PODREGION CHEŁMSKO-ZAMOJSKI";"ogółem";"2018";5,0;"-";"";
060611000000;"PODREGION CHEŁMSKO-ZAMOJSKI";"ogółem";"2019";4,5;"-";"";
060611000000;"PODREGION CHEŁMSKO-ZAMOJSKI";"ogółem";"2020";3,7;"-";"";
060611000000;"PODREGION CHEŁMSKO-ZAMOJSKI";"ogółem";"2021";4,2;"-";"";
060611000000;"PODREGION CHEŁMSKO-ZAMOJSKI";"ogółem";"2022";;"-";"n";
060611100000;"PODREGION LUBELSKI";"ogółem";"2002";5,2;"-";"";
060611100000;"PODREGION LUBELSKI";"ogółem";"2003";5,2;"-";"";
060611100000;"PODREGION LUBELSKI";"ogółem";"2004";5,3;"-";"";
060611100000;"PODREGION LUBELSKI";"ogółem";"2005";5,8;"-";"";
060611100000;"PODREGION LUBELSKI";"ogółem";"2006";6,2;"-";"";
060611100000;"PODREGION LUBELSKI";"ogółem";"2007";6,7;"-";"";
060611100000;"PODREGION LUBELSKI";"ogółem";"2008";6,6;"-";"";
060611100000;"PODREGION LUBELSKI";"ogółem";"2009";6,6;"-";"";
060611100000;"PODREGION LUBELSKI";"ogółem";"2010";5,8;"-";"";
060611100000;"PODREGION LUBELSKI";"ogółem";"2011";5,3;"-";"";
060611100000;"PODREGION LUBELSKI";"ogółem";"2012";5,1;"-";"";
060611100000;"PODREGION LUBELSKI";"ogółem";"2013";4,6;"-";"";
060611100000;"PODREGION LUBELSKI";"ogółem";"2014";4,8;"-";"";
060611100000;"PODREGION LUBELSKI";"ogółem";"2015";4,8;"-";"";
060611100000;"PODREGION LUBELSKI";"ogółem";"2016";4,9;"-";"";
060611100000;"PODREGION LUBELSKI";"ogółem";"2017";5,0;"-";"";
060611100000;"PODREGION LUBELSKI";"ogółem";"2018";4,9;"-";"";
060611100000;"PODREGION LUBELSKI";"ogółem";"2019";4,6;"-";"";
060611100000;"PODREGION LUBELSKI";"ogółem";"2020";3,9;"-";"";
060611100000;"PODREGION LUBELSKI";"ogółem";"2021";4,4;"-";"";
060611100000;"PODREGION LUBELSKI";"ogółem";"2022";;"-";"n";
060611200000;"PODREGION PUŁAWSKI";"ogółem";"2002";5,8;"-";"";
060611200000;"PODREGION PUŁAWSKI";"ogółem";"2003";5,7;"-";"";
060611200000;"PODREGION PUŁAWSKI";"ogółem";"2004";5,5;"-";"";
060611200000;"PODREGION PUŁAWSKI";"ogółem";"2005";5,9;"-";"";
060611200000;"PODREGION PUŁAWSKI";"ogółem";"2006";6,3;"-";"";
060611200000;"PODREGION PUŁAWSKI";"ogółem";"2007";6,9;"-";"";
060611200000;"PODREGION PUŁAWSKI";"ogółem";"2008";6,9;"-";"";
060611200000;"PODREGION PUŁAWSKI";"ogółem";"2009";6,8;"-";"";
060611200000;"PODREGION PUŁAWSKI";"ogółem";"2010";6,4;"-";"";
060611200000;"PODREGION PUŁAWSKI";"ogółem";"2011";5,8;"-";"";
060611200000;"PODREGION PUŁAWSKI";"ogółem";"2012";5,6;"-";"";
060611200000;"PODREGION PUŁAWSKI";"ogółem";"2013";4,8;"-";"";
060611200000;"PODREGION PUŁAWSKI";"ogółem";"2014";5,1;"-";"";
060611200000;"PODREGION PUŁAWSKI";"ogółem";"2015";5,0;"-";"";
060611200000;"PODREGION PUŁAWSKI";"ogółem";"2016";5,1;"-";"";
060611200000;"PODREGION PUŁAWSKI";"ogółem";"2017";4,9;"-";"";
060611200000;"PODREGION PUŁAWSKI";"ogółem";"2018";5,0;"-";"";
060611200000;"PODREGION PUŁAWSKI";"ogółem";"2019";4,8;"-";"";
060611200000;"PODREGION PUŁAWSKI";"ogółem";"2020";3,7;"-";"";
060611200000;"PODREGION PUŁAWSKI";"ogółem";"2021";4,6;"-";"";
060611200000;"PODREGION PUŁAWSKI";"ogółem";"2022";;"-";"n";
061813300000;"PODREGION KROŚNIEŃSKI";"ogółem";"2002";5,3;"-";"";
061813300000;"PODREGION KROŚNIEŃSKI";"ogółem";"2003";5,7;"-";"";
061813300000;"PODREGION KROŚNIEŃSKI";"ogółem";"2004";5,5;"-";"";
061813300000;"PODREGION KROŚNIEŃSKI";"ogółem";"2005";5,8;"-";"";
061813300000;"PODREGION KROŚNIEŃSKI";"ogółem";"2006";6,4;"-";"";
061813300000;"PODREGION KROŚNIEŃSKI";"ogółem";"2007";6,7;"-";"";
061813300000;"PODREGION KROŚNIEŃSKI";"ogółem";"2008";6,7;"-";"";
061813300000;"PODREGION KROŚNIEŃSKI";"ogółem";"2009";6,8;"-";"";
061813300000;"PODREGION KROŚNIEŃSKI";"ogółem";"2010";6,4;"-";"";
061813300000;"PODREGION KROŚNIEŃSKI";"ogółem";"2011";5,9;"-";"";
061813300000;"PODREGION KROŚNIEŃSKI";"ogółem";"2012";5,7;"-";"";
061813300000;"PODREGION KROŚNIEŃSKI";"ogółem";"2013";5,1;"-";"";
061813300000;"PODREGION KROŚNIEŃSKI";"ogółem";"2014";5,3;"-";"";
061813300000;"PODREGION KROŚNIEŃSKI";"ogółem";"2015";5,1;"-";"";
061813300000;"PODREGION KROŚNIEŃSKI";"ogółem";"2016";5,2;"-";"";
061813300000;"PODREGION KROŚNIEŃSKI";"ogółem";"2017";5,2;"-";"";
061813300000;"PODREGION KROŚNIEŃSKI";"ogółem";"2018";5,0;"-";"";
061813300000;"PODREGION KROŚNIEŃSKI";"ogółem";"2019";4,6;"-";"";
061813300000;"PODREGION KROŚNIEŃSKI";"ogółem";"2020";3,6;"-";"";
061813300000;"PODREGION KROŚNIEŃSKI";"ogółem";"2021";4,3;"-";"";
061813300000;"PODREGION KROŚNIEŃSKI";"ogółem";"2022";;"-";"n";
061813400000;"PODREGION PRZEMYSKI";"ogółem";"2002";5,3;"-";"";
061813400000;"PODREGION PRZEMYSKI";"ogółem";"2003";5,5;"-";"";
061813400000;"PODREGION PRZEMYSKI";"ogółem";"2004";5,2;"-";"";
061813400000;"PODREGION PRZEMYSKI";"ogółem";"2005";5,6;"-";"";
061813400000;"PODREGION PRZEMYSKI";"ogółem";"2006";6,0;"-";"";
061813400000;"PODREGION PRZEMYSKI";"ogółem";"2007";6,6;"-";"";
061813400000;"PODREGION PRZEMYSKI";"ogółem";"2008";6,8;"-";"";
061813400000;"PODREGION PRZEMYSKI";"ogółem";"2009";6,7;"-";"";
061813400000;"PODREGION PRZEMYSKI";"ogółem";"2010";6,3;"-";"";
061813400000;"PODREGION PRZEMYSKI";"ogółem";"2011";5,9;"-";"";
061813400000;"PODREGION PRZEMYSKI";"ogółem";"2012";5,6;"-";"";
061813400000;"PODREGION PRZEMYSKI";"ogółem";"2013";5,0;"-";"";
061813400000;"PODREGION PRZEMYSKI";"ogółem";"2014";5,4;"-";"";
061813400000;"PODREGION PRZEMYSKI";"ogółem";"2015";5,0;"-";"";
061813400000;"PODREGION PRZEMYSKI";"ogółem";"2016";5,3;"-";"";
061813400000;"PODREGION PRZEMYSKI";"ogółem";"2017";5,3;"-";"";
061813400000;"PODREGION PRZEMYSKI";"ogółem";"2018";5,0;"-";"";
061813400000;"PODREGION PRZEMYSKI";"ogółem";"2019";4,9;"-";"";
061813400000;"PODREGION PRZEMYSKI";"ogółem";"2020";3,7;"-";"";
061813400000;"PODREGION PRZEMYSKI";"ogółem";"2021";4,5;"-";"";
061813400000;"PODREGION PRZEMYSKI";"ogółem";"2022";;"-";"n";
061813500000;"PODREGION RZESZOWSKI";"ogółem";"2002";5,1;"-";"";
061813500000;"PODREGION RZESZOWSKI";"ogółem";"2003";5,2;"-";"";
061813500000;"PODREGION RZESZOWSKI";"ogółem";"2004";5,2;"-";"";
061813500000;"PODREGION RZESZOWSKI";"ogółem";"2005";5,4;"-";"";
061813500000;"PODREGION RZESZOWSKI";"ogółem";"2006";6,0;"-";"";
061813500000;"PODREGION RZESZOWSKI";"ogółem";"2007";6,3;"-";"";
061813500000;"PODREGION RZESZOWSKI";"ogółem";"2008";6,6;"-";"";
061813500000;"PODREGION RZESZOWSKI";"ogółem";"2009";6,6;"-";"";
061813500000;"PODREGION RZESZOWSKI";"ogółem";"2010";6,2;"-";"";
061813500000;"PODREGION RZESZOWSKI";"ogółem";"2011";5,7;"-";"";
061813500000;"PODREGION RZESZOWSKI";"ogółem";"2012";5,4;"-";"";
061813500000;"PODREGION RZESZOWSKI";"ogółem";"2013";5,0;"-";"";
061813500000;"PODREGION RZESZOWSKI";"ogółem";"2014";5,2;"-";"";
061813500000;"PODREGION RZESZOWSKI";"ogółem";"2015";5,2;"-";"";
061813500000;"PODREGION RZESZOWSKI";"ogółem";"2016";5,2;"-";"";
061813500000;"PODREGION RZESZOWSKI";"ogółem";"2017";5,1;"-";"";
061813500000;"PODREGION RZESZOWSKI";"ogółem";"2018";5,1;"-";"";
061813500000;"PODREGION RZESZOWSKI";"ogółem";"2019";4,9;"-";"";
061813500000;"PODREGION RZESZOWSKI";"ogółem";"2020";4,0;"-";"";
061813500000;"PODREGION RZESZOWSKI";"ogółem";"2021";4,5;"-";"";
061813500000;"PODREGION RZESZOWSKI";"ogółem";"2022";;"-";"n";
061813600000;"PODREGION TARNOBRZESKI";"ogółem";"2002";5,3;"-";"";
061813600000;"PODREGION TARNOBRZESKI";"ogółem";"2003";5,5;"-";"";
061813600000;"PODREGION TARNOBRZESKI";"ogółem";"2004";5,3;"-";"";
061813600000;"PODREGION TARNOBRZESKI";"ogółem";"2005";5,6;"-";"";
061813600000;"PODREGION TARNOBRZESKI";"ogółem";"2006";5,7;"-";"";
061813600000;"PODREGION TARNOBRZESKI";"ogółem";"2007";6,6;"-";"";
061813600000;"PODREGION TARNOBRZESKI";"ogółem";"2008";6,3;"-";"";
061813600000;"PODREGION TARNOBRZESKI";"ogółem";"2009";6,4;"-";"";
061813600000;"PODREGION TARNOBRZESKI";"ogółem";"2010";6,0;"-";"";
061813600000;"PODREGION TARNOBRZESKI";"ogółem";"2011";5,7;"-";"";
061813600000;"PODREGION TARNOBRZESKI";"ogółem";"2012";5,6;"-";"";
061813600000;"PODREGION TARNOBRZESKI";"ogółem";"2013";4,9;"-";"";
061813600000;"PODREGION TARNOBRZESKI";"ogółem";"2014";5,3;"-";"";
061813600000;"PODREGION TARNOBRZESKI";"ogółem";"2015";5,1;"-";"";
061813600000;"PODREGION TARNOBRZESKI";"ogółem";"2016";5,2;"-";"";
061813600000;"PODREGION TARNOBRZESKI";"ogółem";"2017";5,1;"-";"";
061813600000;"PODREGION TARNOBRZESKI";"ogółem";"2018";5,2;"-";"";
061813600000;"PODREGION TARNOBRZESKI";"ogółem";"2019";4,7;"-";"";
061813600000;"PODREGION TARNOBRZESKI";"ogółem";"2020";3,7;"-";"";
061813600000;"PODREGION TARNOBRZESKI";"ogółem";"2021";4,4;"-";"";
061813600000;"PODREGION TARNOBRZESKI";"ogółem";"2022";;"-";"n";
062013700000;"PODREGION BIAŁOSTOCKI";"ogółem";"2002";4,8;"-";"";
062013700000;"PODREGION BIAŁOSTOCKI";"ogółem";"2003";5,0;"-";"";
062013700000;"PODREGION BIAŁOSTOCKI";"ogółem";"2004";5,1;"-";"";
062013700000;"PODREGION BIAŁOSTOCKI";"ogółem";"2005";5,2;"-";"";
062013700000;"PODREGION BIAŁOSTOCKI";"ogółem";"2006";5,6;"-";"";
062013700000;"PODREGION BIAŁOSTOCKI";"ogółem";"2007";5,9;"-";"";
062013700000;"PODREGION BIAŁOSTOCKI";"ogółem";"2008";6,3;"-";"";
062013700000;"PODREGION BIAŁOSTOCKI";"ogółem";"2009";6,2;"-";"";
062013700000;"PODREGION BIAŁOSTOCKI";"ogółem";"2010";5,7;"-";"";
062013700000;"PODREGION BIAŁOSTOCKI";"ogółem";"2011";5,0;"-";"";
062013700000;"PODREGION BIAŁOSTOCKI";"ogółem";"2012";5,1;"-";"";
062013700000;"PODREGION BIAŁOSTOCKI";"ogółem";"2013";4,5;"-";"";
062013700000;"PODREGION BIAŁOSTOCKI";"ogółem";"2014";5,0;"-";"";
062013700000;"PODREGION BIAŁOSTOCKI";"ogółem";"2015";5,0;"-";"";
062013700000;"PODREGION BIAŁOSTOCKI";"ogółem";"2016";5,2;"-";"";
062013700000;"PODREGION BIAŁOSTOCKI";"ogółem";"2017";4,9;"-";"";
062013700000;"PODREGION BIAŁOSTOCKI";"ogółem";"2018";4,9;"-";"";
062013700000;"PODREGION BIAŁOSTOCKI";"ogółem";"2019";4,6;"-";"";
062013700000;"PODREGION BIAŁOSTOCKI";"ogółem";"2020";3,7;"-";"";
062013700000;"PODREGION BIAŁOSTOCKI";"ogółem";"2021";4,3;"-";"";
062013700000;"PODREGION BIAŁOSTOCKI";"ogółem";"2022";;"-";"n";
062013800000;"PODREGION ŁOMŻYŃSKI";"ogółem";"2002";5,0;"-";"";
062013800000;"PODREGION ŁOMŻYŃSKI";"ogółem";"2003";5,3;"-";"";
062013800000;"PODREGION ŁOMŻYŃSKI";"ogółem";"2004";5,1;"-";"";
062013800000;"PODREGION ŁOMŻYŃSKI";"ogółem";"2005";5,6;"-";"";
062013800000;"PODREGION ŁOMŻYŃSKI";"ogółem";"2006";5,9;"-";"";
062013800000;"PODREGION ŁOMŻYŃSKI";"ogółem";"2007";6,5;"-";"";
062013800000;"PODREGION ŁOMŻYŃSKI";"ogółem";"2008";6,9;"-";"";
062013800000;"PODREGION ŁOMŻYŃSKI";"ogółem";"2009";6,6;"-";"";
062013800000;"PODREGION ŁOMŻYŃSKI";"ogółem";"2010";6,0;"-";"";
062013800000;"PODREGION ŁOMŻYŃSKI";"ogółem";"2011";5,5;"-";"";
062013800000;"PODREGION ŁOMŻYŃSKI";"ogółem";"2012";5,6;"-";"";
062013800000;"PODREGION ŁOMŻYŃSKI";"ogółem";"2013";4,9;"-";"";
062013800000;"PODREGION ŁOMŻYŃSKI";"ogółem";"2014";5,2;"-";"";
062013800000;"PODREGION ŁOMŻYŃSKI";"ogółem";"2015";5,1;"-";"";
062013800000;"PODREGION ŁOMŻYŃSKI";"ogółem";"2016";5,5;"-";"";
062013800000;"PODREGION ŁOMŻYŃSKI";"ogółem";"2017";4,9;"-";"";
062013800000;"PODREGION ŁOMŻYŃSKI";"ogółem";"2018";5,2;"-";"";
062013800000;"PODREGION ŁOMŻYŃSKI";"ogółem";"2019";4,9;"-";"";
062013800000;"PODREGION ŁOMŻYŃSKI";"ogółem";"2020";4,0;"-";"";
062013800000;"PODREGION ŁOMŻYŃSKI";"ogółem";"2021";4,4;"-";"";
062013800000;"PODREGION ŁOMŻYŃSKI";"ogółem";"2022";;"-";"n";
062013900000;"PODREGION SUWALSKI";"ogółem";"2002";5,3;"-";"";
062013900000;"PODREGION SUWALSKI";"ogółem";"2003";4,9;"-";"";
062013900000;"PODREGION SUWALSKI";"ogółem";"2004";5,1;"-";"";
062013900000;"PODREGION SUWALSKI";"ogółem";"2005";5,5;"-";"";
062013900000;"PODREGION SUWALSKI";"ogółem";"2006";5,7;"-";"";
062013900000;"PODREGION SUWALSKI";"ogółem";"2007";6,1;"-";"";
062013900000;"PODREGION SUWALSKI";"ogółem";"2008";6,6;"-";"";
062013900000;"PODREGION SUWALSKI";"ogółem";"2009";6,2;"-";"";
062013900000;"PODREGION SUWALSKI";"ogółem";"2010";5,7;"-";"";
062013900000;"PODREGION SUWALSKI";"ogółem";"2011";5,3;"-";"";
062013900000;"PODREGION SUWALSKI";"ogółem";"2012";5,4;"-";"";
062013900000;"PODREGION SUWALSKI";"ogółem";"2013";4,8;"-";"";
062013900000;"PODREGION SUWALSKI";"ogółem";"2014";5,3;"-";"";
062013900000;"PODREGION SUWALSKI";"ogółem";"2015";5,3;"-";"";
062013900000;"PODREGION SUWALSKI";"ogółem";"2016";5,2;"-";"";
062013900000;"PODREGION SUWALSKI";"ogółem";"2017";5,2;"-";"";
062013900000;"PODREGION SUWALSKI";"ogółem";"2018";5,0;"-";"";
062013900000;"PODREGION SUWALSKI";"ogółem";"2019";4,7;"-";"";
062013900000;"PODREGION SUWALSKI";"ogółem";"2020";3,7;"-";"";
062013900000;"PODREGION SUWALSKI";"ogółem";"2021";4,4;"-";"";
062013900000;"PODREGION SUWALSKI";"ogółem";"2022";;"-";"n";
071412800000;"PODREGION MIASTO WARSZAWA";"ogółem";"2002";4,6;"-";"";
071412800000;"PODREGION MIASTO WARSZAWA";"ogółem";"2003";4,8;"-";"";
071412800000;"PODREGION MIASTO WARSZAWA";"ogółem";"2004";4,9;"-";"";
071412800000;"PODREGION MIASTO WARSZAWA";"ogółem";"2005";5,0;"-";"";
071412800000;"PODREGION MIASTO WARSZAWA";"ogółem";"2006";5,3;"-";"";
071412800000;"PODREGION MIASTO WARSZAWA";"ogółem";"2007";5,6;"-";"";
071412800000;"PODREGION MIASTO WARSZAWA";"ogółem";"2008";5,8;"-";"";
071412800000;"PODREGION MIASTO WARSZAWA";"ogółem";"2009";5,7;"-";"";
071412800000;"PODREGION MIASTO WARSZAWA";"ogółem";"2010";5,3;"-";"";
071412800000;"PODREGION MIASTO WARSZAWA";"ogółem";"2011";4,8;"-";"";
071412800000;"PODREGION MIASTO WARSZAWA";"ogółem";"2012";4,5;"-";"";
071412800000;"PODREGION MIASTO WARSZAWA";"ogółem";"2013";4,2;"-";"";
071412800000;"PODREGION MIASTO WARSZAWA";"ogółem";"2014";4,3;"-";"";
071412800000;"PODREGION MIASTO WARSZAWA";"ogółem";"2015";4,5;"-";"";
071412800000;"PODREGION MIASTO WARSZAWA";"ogółem";"2016";5,0;"-";"";
071412800000;"PODREGION MIASTO WARSZAWA";"ogółem";"2017";5,1;"-";"";
071412800000;"PODREGION MIASTO WARSZAWA";"ogółem";"2018";5,2;"-";"";
071412800000;"PODREGION MIASTO WARSZAWA";"ogółem";"2019";5,2;"-";"";
071412800000;"PODREGION MIASTO WARSZAWA";"ogółem";"2020";3,9;"-";"";
071412800000;"PODREGION MIASTO WARSZAWA";"ogółem";"2021";4,6;"-";"";
071412800000;"PODREGION MIASTO WARSZAWA";"ogółem";"2022";;"-";"n";
071412900000;"PODREGION WARSZAWSKI WSCHODNI";"ogółem";"2002";5,1;"-";"";
071412900000;"PODREGION WARSZAWSKI WSCHODNI";"ogółem";"2003";5,2;"-";"";
071412900000;"PODREGION WARSZAWSKI WSCHODNI";"ogółem";"2004";5,1;"-";"";
071412900000;"PODREGION WARSZAWSKI WSCHODNI";"ogółem";"2005";5,4;"-";"";
071412900000;"PODREGION WARSZAWSKI WSCHODNI";"ogółem";"2006";5,8;"-";"";
071412900000;"PODREGION WARSZAWSKI WSCHODNI";"ogółem";"2007";6,2;"-";"";
071412900000;"PODREGION WARSZAWSKI WSCHODNI";"ogółem";"2008";6,3;"-";"";
071412900000;"PODREGION WARSZAWSKI WSCHODNI";"ogółem";"2009";6,2;"-";"";
071412900000;"PODREGION WARSZAWSKI WSCHODNI";"ogółem";"2010";5,7;"-";"";
071412900000;"PODREGION WARSZAWSKI WSCHODNI";"ogółem";"2011";4,9;"-";"";
071412900000;"PODREGION WARSZAWSKI WSCHODNI";"ogółem";"2012";4,9;"-";"";
071412900000;"PODREGION WARSZAWSKI WSCHODNI";"ogółem";"2013";4,1;"-";"";
071412900000;"PODREGION WARSZAWSKI WSCHODNI";"ogółem";"2014";4,3;"-";"";
071412900000;"PODREGION WARSZAWSKI WSCHODNI";"ogółem";"2015";4,7;"-";"";
071412900000;"PODREGION WARSZAWSKI WSCHODNI";"ogółem";"2016";4,8;"-";"";
071412900000;"PODREGION WARSZAWSKI WSCHODNI";"ogółem";"2017";4,9;"-";"";
071412900000;"PODREGION WARSZAWSKI WSCHODNI";"ogółem";"2018";4,9;"-";"";
071412900000;"PODREGION WARSZAWSKI WSCHODNI";"ogółem";"2019";4,8;"-";"";
071412900000;"PODREGION WARSZAWSKI WSCHODNI";"ogółem";"2020";3,6;"-";"";
071412900000;"PODREGION WARSZAWSKI WSCHODNI";"ogółem";"2021";4,4;"-";"";
071412900000;"PODREGION WARSZAWSKI WSCHODNI";"ogółem";"2022";;"-";"n";
071413000000;"PODREGION WARSZAWSKI ZACHODNI";"ogółem";"2002";4,7;"-";"";
071413000000;"PODREGION WARSZAWSKI ZACHODNI";"ogółem";"2003";4,8;"-";"";
071413000000;"PODREGION WARSZAWSKI ZACHODNI";"ogółem";"2004";4,7;"-";"";
071413000000;"PODREGION WARSZAWSKI ZACHODNI";"ogółem";"2005";4,9;"-";"";
071413000000;"PODREGION WARSZAWSKI ZACHODNI";"ogółem";"2006";5,1;"-";"";
071413000000;"PODREGION WARSZAWSKI ZACHODNI";"ogółem";"2007";5,7;"-";"";
071413000000;"PODREGION WARSZAWSKI ZACHODNI";"ogółem";"2008";6,1;"-";"";
071413000000;"PODREGION WARSZAWSKI ZACHODNI";"ogółem";"2009";5,9;"-";"";
071413000000;"PODREGION WARSZAWSKI ZACHODNI";"ogółem";"2010";5,3;"-";"";
071413000000;"PODREGION WARSZAWSKI ZACHODNI";"ogółem";"2011";4,6;"-";"";
071413000000;"PODREGION WARSZAWSKI ZACHODNI";"ogółem";"2012";4,6;"-";"";
071413000000;"PODREGION WARSZAWSKI ZACHODNI";"ogółem";"2013";4,1;"-";"";
071413000000;"PODREGION WARSZAWSKI ZACHODNI";"ogółem";"2014";4,2;"-";"";
071413000000;"PODREGION WARSZAWSKI ZACHODNI";"ogółem";"2015";4,4;"-";"";
071413000000;"PODREGION WARSZAWSKI ZACHODNI";"ogółem";"2016";4,6;"-";"";
071413000000;"PODREGION WARSZAWSKI ZACHODNI";"ogółem";"2017";4,7;"-";"";
071413000000;"PODREGION WARSZAWSKI ZACHODNI";"ogółem";"2018";4,7;"-";"";
071413000000;"PODREGION WARSZAWSKI ZACHODNI";"ogółem";"2019";4,5;"-";"";
071413000000;"PODREGION WARSZAWSKI ZACHODNI";"ogółem";"2020";3,5;"-";"";
071413000000;"PODREGION WARSZAWSKI ZACHODNI";"ogółem";"2021";4,1;"-";"";
071413000000;"PODREGION WARSZAWSKI ZACHODNI";"ogółem";"2022";;"-";"n";
071422500000;"PODREGION CIECHANOWSKI";"ogółem";"2002";5,6;"-";"";
071422500000;"PODREGION CIECHANOWSKI";"ogółem";"2003";5,6;"-";"";
071422500000;"PODREGION CIECHANOWSKI";"ogółem";"2004";5,4;"-";"";
071422500000;"PODREGION CIECHANOWSKI";"ogółem";"2005";5,7;"-";"";
071422500000;"PODREGION CIECHANOWSKI";"ogółem";"2006";6,3;"-";"";
071422500000;"PODREGION CIECHANOWSKI";"ogółem";"2007";7,2;"-";"";
071422500000;"PODREGION CIECHANOWSKI";"ogółem";"2008";7,3;"-";"";
071422500000;"PODREGION CIECHANOWSKI";"ogółem";"2009";7,2;"-";"";
071422500000;"PODREGION CIECHANOWSKI";"ogółem";"2010";6,1;"-";"";
071422500000;"PODREGION CIECHANOWSKI";"ogółem";"2011";5,7;"-";"";
071422500000;"PODREGION CIECHANOWSKI";"ogółem";"2012";5,5;"-";"";
071422500000;"PODREGION CIECHANOWSKI";"ogółem";"2013";4,9;"-";"";
071422500000;"PODREGION CIECHANOWSKI";"ogółem";"2014";4,9;"-";"";
071422500000;"PODREGION CIECHANOWSKI";"ogółem";"2015";5,3;"-";"";
071422500000;"PODREGION CIECHANOWSKI";"ogółem";"2016";5,2;"-";"";
071422500000;"PODREGION CIECHANOWSKI";"ogółem";"2017";5,0;"-";"";
071422500000;"PODREGION CIECHANOWSKI";"ogółem";"2018";5,2;"-";"";
071422500000;"PODREGION CIECHANOWSKI";"ogółem";"2019";4,7;"-";"";
071422500000;"PODREGION CIECHANOWSKI";"ogółem";"2020";4,0;"-";"";
071422500000;"PODREGION CIECHANOWSKI";"ogółem";"2021";4,5;"-";"";
071422500000;"PODREGION CIECHANOWSKI";"ogółem";"2022";;"-";"n";
071422600000;"PODREGION OSTROŁĘCKI";"ogółem";"2002";5,9;"-";"";
071422600000;"PODREGION OSTROŁĘCKI";"ogółem";"2003";5,9;"-";"";
071422600000;"PODREGION OSTROŁĘCKI";"ogółem";"2004";5,5;"-";"";
071422600000;"PODREGION OSTROŁĘCKI";"ogółem";"2005";6,1;"-";"";
071422600000;"PODREGION OSTROŁĘCKI";"ogółem";"2006";6,5;"-";"";
071422600000;"PODREGION OSTROŁĘCKI";"ogółem";"2007";7,1;"-";"";
071422600000;"PODREGION OSTROŁĘCKI";"ogółem";"2008";7,6;"-";"";
071422600000;"PODREGION OSTROŁĘCKI";"ogółem";"2009";7,3;"-";"";
071422600000;"PODREGION OSTROŁĘCKI";"ogółem";"2010";6,3;"-";"";
071422600000;"PODREGION OSTROŁĘCKI";"ogółem";"2011";5,9;"-";"";
071422600000;"PODREGION OSTROŁĘCKI";"ogółem";"2012";5,6;"-";"";
071422600000;"PODREGION OSTROŁĘCKI";"ogółem";"2013";5,1;"-";"";
071422600000;"PODREGION OSTROŁĘCKI";"ogółem";"2014";5,5;"-";"";
071422600000;"PODREGION OSTROŁĘCKI";"ogółem";"2015";5,7;"-";"";
071422600000;"PODREGION OSTROŁĘCKI";"ogółem";"2016";5,3;"-";"";
071422600000;"PODREGION OSTROŁĘCKI";"ogółem";"2017";5,2;"-";"";
071422600000;"PODREGION OSTROŁĘCKI";"ogółem";"2018";5,2;"-";"";
071422600000;"PODREGION OSTROŁĘCKI";"ogółem";"2019";4,7;"-";"";
071422600000;"PODREGION OSTROŁĘCKI";"ogółem";"2020";4,1;"-";"";
071422600000;"PODREGION OSTROŁĘCKI";"ogółem";"2021";4,6;"-";"";
071422600000;"PODREGION OSTROŁĘCKI";"ogółem";"2022";;"-";"n";
071422700000;"PODREGION RADOMSKI";"ogółem";"2002";5,5;"-";"";
071422700000;"PODREGION RADOMSKI";"ogółem";"2003";5,7;"-";"";
071422700000;"PODREGION RADOMSKI";"ogółem";"2004";5,6;"-";"";
071422700000;"PODREGION RADOMSKI";"ogółem";"2005";5,8;"-";"";
071422700000;"PODREGION RADOMSKI";"ogółem";"2006";6,3;"-";"";
071422700000;"PODREGION RADOMSKI";"ogółem";"2007";7,1;"-";"";
071422700000;"PODREGION RADOMSKI";"ogółem";"2008";7,3;"-";"";
071422700000;"PODREGION RADOMSKI";"ogółem";"2009";7,2;"-";"";
071422700000;"PODREGION RADOMSKI";"ogółem";"2010";6,6;"-";"";
071422700000;"PODREGION RADOMSKI";"ogółem";"2011";5,7;"-";"";
071422700000;"PODREGION RADOMSKI";"ogółem";"2012";5,9;"-";"";
071422700000;"PODREGION RADOMSKI";"ogółem";"2013";5,1;"-";"";
071422700000;"PODREGION RADOMSKI";"ogółem";"2014";5,4;"-";"";
071422700000;"PODREGION RADOMSKI";"ogółem";"2015";5,1;"-";"";
071422700000;"PODREGION RADOMSKI";"ogółem";"2016";5,1;"-";"";
071422700000;"PODREGION RADOMSKI";"ogółem";"2017";5,0;"-";"";
071422700000;"PODREGION RADOMSKI";"ogółem";"2018";5,1;"-";"";
071422700000;"PODREGION RADOMSKI";"ogółem";"2019";4,6;"-";"";
071422700000;"PODREGION RADOMSKI";"ogółem";"2020";3,8;"-";"";
071422700000;"PODREGION RADOMSKI";"ogółem";"2021";4,7;"-";"";
071422700000;"PODREGION RADOMSKI";"ogółem";"2022";;"-";"n";
071427000000;"PODREGION PŁOCKI";"ogółem";"2002";5,4;"-";"";
071427000000;"PODREGION PŁOCKI";"ogółem";"2003";5,4;"-";"";
071427000000;"PODREGION PŁOCKI";"ogółem";"2004";5,3;"-";"";
071427000000;"PODREGION PŁOCKI";"ogółem";"2005";5,6;"-";"";
071427000000;"PODREGION PŁOCKI";"ogółem";"2006";6,2;"-";"";
071427000000;"PODREGION PŁOCKI";"ogółem";"2007";6,7;"-";"";
071427000000;"PODREGION PŁOCKI";"ogółem";"2008";7,0;"-";"";
071427000000;"PODREGION PŁOCKI";"ogółem";"2009";6,5;"-";"";
071427000000;"PODREGION PŁOCKI";"ogółem";"2010";5,9;"-";"";
071427000000;"PODREGION PŁOCKI";"ogółem";"2011";5,4;"-";"";
071427000000;"PODREGION PŁOCKI";"ogółem";"2012";5,5;"-";"";
071427000000;"PODREGION PŁOCKI";"ogółem";"2013";4,5;"-";"";
071427000000;"PODREGION PŁOCKI";"ogółem";"2014";4,9;"-";"";
071427000000;"PODREGION PŁOCKI";"ogółem";"2015";4,7;"-";"";
071427000000;"PODREGION PŁOCKI";"ogółem";"2016";4,9;"-";"";
071427000000;"PODREGION PŁOCKI";"ogółem";"2017";4,8;"-";"";
071427000000;"PODREGION PŁOCKI";"ogółem";"2018";4,7;"-";"";
071427000000;"PODREGION PŁOCKI";"ogółem";"2019";4,4;"-";"";
071427000000;"PODREGION PŁOCKI";"ogółem";"2020";3,8;"-";"";
071427000000;"PODREGION PŁOCKI";"ogółem";"2021";4,3;"-";"";
071427000000;"PODREGION PŁOCKI";"ogółem";"2022";;"-";"n";
071427100000;"PODREGION SIEDLECKI";"ogółem";"2002";5,7;"-";"";
071427100000;"PODREGION SIEDLECKI";"ogółem";"2003";5,6;"-";"";
071427100000;"PODREGION SIEDLECKI";"ogółem";"2004";5,6;"-";"";
071427100000;"PODREGION SIEDLECKI";"ogółem";"2005";5,9;"-";"";
071427100000;"PODREGION SIEDLECKI";"ogółem";"2006";6,2;"-";"";
071427100000;"PODREGION SIEDLECKI";"ogółem";"2007";7,0;"-";"";
071427100000;"PODREGION SIEDLECKI";"ogółem";"2008";7,3;"-";"";
071427100000;"PODREGION SIEDLECKI";"ogółem";"2009";7,2;"-";"";
071427100000;"PODREGION SIEDLECKI";"ogółem";"2010";6,8;"-";"";
071427100000;"PODREGION SIEDLECKI";"ogółem";"2011";6,1;"-";"";
071427100000;"PODREGION SIEDLECKI";"ogółem";"2012";6,0;"-";"";
071427100000;"PODREGION SIEDLECKI";"ogółem";"2013";5,4;"-";"";
071427100000;"PODREGION SIEDLECKI";"ogółem";"2014";5,4;"-";"";
071427100000;"PODREGION SIEDLECKI";"ogółem";"2015";5,4;"-";"";
071427100000;"PODREGION SIEDLECKI";"ogółem";"2016";5,4;"-";"";
071427100000;"PODREGION SIEDLECKI";"ogółem";"2017";5,5;"-";"";
071427100000;"PODREGION SIEDLECKI";"ogółem";"2018";5,4;"-";"";
071427100000;"PODREGION SIEDLECKI";"ogółem";"2019";5,2;"-";"";
071427100000;"PODREGION SIEDLECKI";"ogółem";"2020";4,0;"-";"";
071427100000;"PODREGION SIEDLECKI";"ogółem";"2021";5,0;"-";"";
071427100000;"PODREGION SIEDLECKI";"ogółem";"2022";;"-";"n";
071427300000;"PODREGION ŻYRARDOWSKI";"ogółem";"2002";5,4;"-";"";
071427300000;"PODREGION ŻYRARDOWSKI";"ogółem";"2003";5,7;"-";"";
071427300000;"PODREGION ŻYRARDOWSKI";"ogółem";"2004";5,4;"-";"";
071427300000;"PODREGION ŻYRARDOWSKI";"ogółem";"2005";5,6;"-";"";
071427300000;"PODREGION ŻYRARDOWSKI";"ogółem";"2006";5,8;"-";"";
071427300000;"PODREGION ŻYRARDOWSKI";"ogółem";"2007";6,6;"-";"";
071427300000;"PODREGION ŻYRARDOWSKI";"ogółem";"2008";6,6;"-";"";
071427300000;"PODREGION ŻYRARDOWSKI";"ogółem";"2009";6,6;"-";"";
071427300000;"PODREGION ŻYRARDOWSKI";"ogółem";"2010";5,7;"-";"";
071427300000;"PODREGION ŻYRARDOWSKI";"ogółem";"2011";5,3;"-";"";
071427300000;"PODREGION ŻYRARDOWSKI";"ogółem";"2012";5,4;"-";"";
071427300000;"PODREGION ŻYRARDOWSKI";"ogółem";"2013";4,8;"-";"";
071427300000;"PODREGION ŻYRARDOWSKI";"ogółem";"2014";4,7;"-";"";
071427300000;"PODREGION ŻYRARDOWSKI";"ogółem";"2015";5,0;"-";"";
071427300000;"PODREGION ŻYRARDOWSKI";"ogółem";"2016";4,8;"-";"";
071427300000;"PODREGION ŻYRARDOWSKI";"ogółem";"2017";5,2;"-";"";
071427300000;"PODREGION ŻYRARDOWSKI";"ogółem";"2018";4,8;"-";"";
071427300000;"PODREGION ŻYRARDOWSKI";"ogółem";"2019";4,7;"-";"";
071427300000;"PODREGION ŻYRARDOWSKI";"ogółem";"2020";4,2;"-";"";
071427300000;"PODREGION ŻYRARDOWSKI";"ogółem";"2021";5,0;"-";"";
071427300000;"PODREGION ŻYRARDOWSKI";"ogółem";"2022";;"-";"n";
